-- MySQL dump 10.13  Distrib 5.7.21, for Linux (x86_64)
--
-- Host: localhost    Database: gruvi_db
-- ------------------------------------------------------
-- Server version	5.7.21-0ubuntu0.16.04.1

/*!40101 SET @OLD_CHARACTER_SET_CLIENT=@@CHARACTER_SET_CLIENT */;
/*!40101 SET @OLD_CHARACTER_SET_RESULTS=@@CHARACTER_SET_RESULTS */;
/*!40101 SET @OLD_COLLATION_CONNECTION=@@COLLATION_CONNECTION */;
/*!40101 SET NAMES utf8 */;
/*!40103 SET @OLD_TIME_ZONE=@@TIME_ZONE */;
/*!40103 SET TIME_ZONE='+00:00' */;
/*!40014 SET @OLD_UNIQUE_CHECKS=@@UNIQUE_CHECKS, UNIQUE_CHECKS=0 */;
/*!40014 SET @OLD_FOREIGN_KEY_CHECKS=@@FOREIGN_KEY_CHECKS, FOREIGN_KEY_CHECKS=0 */;
/*!40101 SET @OLD_SQL_MODE=@@SQL_MODE, SQL_MODE='NO_AUTO_VALUE_ON_ZERO' */;
/*!40111 SET @OLD_SQL_NOTES=@@SQL_NOTES, SQL_NOTES=0 */;

--
-- Table structure for table `md_call`
--

DROP TABLE IF EXISTS `md_call`;
/*!40101 SET @saved_cs_client     = @@character_set_client */;
/*!40101 SET character_set_client = utf8 */;
CREATE TABLE `md_call` (
  `id` bigint(20) NOT NULL AUTO_INCREMENT,
  `customerId` int(11) NOT NULL DEFAULT '0',
  `readerId` int(11) NOT NULL DEFAULT '0',
  `duration` int(11) NOT NULL DEFAULT '0',
  `callConnectionTime` datetime NOT NULL DEFAULT CURRENT_TIMESTAMP,
  `callAnswerTime` datetime DEFAULT NULL,
  `callEndTime` datetime DEFAULT NULL,
  `status` enum('Connecting','Conversation','Done','Fail') COLLATE utf8mb4_bin NOT NULL,
  `createAt` timestamp NOT NULL DEFAULT CURRENT_TIMESTAMP,
  `twilioCallId` varchar(64) COLLATE utf8mb4_bin DEFAULT NULL,
  PRIMARY KEY (`id`),
  KEY `fk_call_customerId_to_user_id` (`customerId`),
  KEY `fk_call_readerId_to_user_id` (`readerId`),
  KEY `idx_status` (`status`),
  KEY `idx_twilioCallId` (`twilioCallId`),
  CONSTRAINT `fk_call_customerId_to_user_id` FOREIGN KEY (`customerId`) REFERENCES `md_user` (`id`),
  CONSTRAINT `fk_call_readerId_to_user_id` FOREIGN KEY (`readerId`) REFERENCES `md_user` (`id`)
) ENGINE=InnoDB AUTO_INCREMENT=610 DEFAULT CHARSET=utf8mb4 COLLATE=utf8mb4_bin;
/*!40101 SET character_set_client = @saved_cs_client */;

--
-- Dumping data for table `md_call`
--

LOCK TABLES `md_call` WRITE;
/*!40000 ALTER TABLE `md_call` DISABLE KEYS */;
INSERT INTO `md_call` VALUES (1,6,2,8,'2017-08-07 20:53:29','2017-08-07 20:53:54','2017-08-07 20:54:02','Done','2017-08-07 20:53:29',NULL),(2,6,2,8,'2017-09-14 13:07:54','2017-09-14 13:08:03','2017-09-14 13:08:11','Done','2017-09-14 13:07:54','CA070e287a73b954ad6b623b249b1ad6e0'),(3,6,2,19,'2017-09-14 13:17:21','2017-09-14 13:17:30','2017-09-14 13:17:49','Done','2017-09-14 13:17:21','CAf7698ef7982888c32d7e587c40064ff5'),(4,6,2,0,'2017-09-14 13:20:15',NULL,'2017-09-14 13:20:22','Fail','2017-09-14 13:20:15','CA2fb0b31eb6083ac36550649ae68966da'),(5,6,2,12,'2017-09-14 13:21:10','2017-09-14 13:21:29','2017-09-14 13:21:41','Done','2017-09-14 13:21:10','CAe7f5ffe8d7d75d4bac951c4aca5a185e'),(6,6,2,5,'2017-09-14 13:22:29','2017-09-14 13:22:41','2017-09-14 13:22:46','Done','2017-09-14 13:22:29','CA951d99dc6fd2e4c1be50719b71679c21'),(7,6,2,0,'2017-09-14 13:23:35',NULL,'2017-09-14 13:24:00','Fail','2017-09-14 13:23:35','CA1c6b321dc919d85e9d5206a0f838f29e'),(8,6,2,12,'2017-09-14 13:27:02','2017-09-14 13:27:12','2017-09-14 13:27:24','Done','2017-09-14 13:27:02','CA0456d11a6f2cb144aa98593364f440f7'),(9,6,2,17,'2017-09-14 13:31:01','2017-09-14 13:31:06','2017-09-14 13:31:23','Done','2017-09-14 13:31:01','CA1e76816982e5302ebec876658ff7f50e'),(10,6,2,9,'2017-09-14 18:33:48','2017-09-14 18:33:52','2017-09-14 18:34:01','Done','2017-09-14 18:33:48','CA5286c66255c17e8a345785cb44eef30d'),(11,6,15,494,'2017-09-19 14:51:06','2017-09-19 14:51:22','2017-09-19 14:59:36','Done','2017-09-19 14:51:06','CAc697297b6743914548a37c52cf1d298f'),(12,6,15,575,'2017-09-19 15:21:17','2017-09-19 15:21:26','2017-09-19 15:31:01','Done','2017-09-19 15:21:17','CA1d325320fc05df1634b75fb8a2744231'),(13,6,15,0,'2017-09-19 16:10:05',NULL,'2017-09-19 16:10:13','Fail','2017-09-19 16:10:05','CA40061af832b7ebb5489dc22514aaf46d'),(14,6,9,0,'2017-09-19 16:10:25',NULL,'2017-09-19 16:10:26','Fail','2017-09-19 16:10:25','CAf10ed883ededd5a9b53523c6d03feca7'),(15,6,9,4,'2017-09-19 16:10:57','2017-09-19 16:11:05','2017-09-19 16:11:09','Done','2017-09-19 16:10:57','CA05a6a9e5f7d90b167d88f2348c0d2f96'),(16,6,9,21,'2017-09-19 16:21:06','2017-09-19 16:21:34','2017-09-19 16:21:55','Done','2017-09-19 16:21:06','CAfa6b2e0bc57659c12a56cf58474fcd20'),(17,6,9,1282,'2017-09-20 05:54:37','2017-09-20 05:54:50','2017-09-20 06:16:12','Done','2017-09-20 05:54:37','CA21b2ff13c4e61c9d745496f43760046b'),(18,6,9,483,'2017-09-20 06:26:12','2017-09-20 06:26:15','2017-09-20 06:34:18','Done','2017-09-20 06:26:12','CAef10df78dae1c3cfe72ca3795e198a32'),(19,6,9,17,'2017-09-20 06:54:56','2017-09-20 06:55:01','2017-09-20 06:55:18','Done','2017-09-20 06:54:56','CAbf612c0f84eb29cf70af6f09250cca8d'),(20,6,9,13,'2017-09-20 06:55:46','2017-09-20 06:55:49','2017-09-20 06:56:02','Done','2017-09-20 06:55:46','CAc56df60fc5ab5e4189b5b35a312d695b'),(21,6,9,184,'2017-09-20 06:57:54','2017-09-20 06:57:57','2017-09-20 07:01:01','Done','2017-09-20 06:57:54','CA358ed5339df45a886aeb9f2392e51abc'),(22,6,15,54,'2017-09-20 17:59:24','2017-09-20 17:59:39','2017-09-20 18:00:33','Done','2017-09-20 17:59:24','CA3aab7b1c648a9b59338b597ef33840ed'),(23,6,9,0,'2017-09-20 18:01:31',NULL,'2017-09-20 18:01:32','Fail','2017-09-20 18:01:31','CAcaab1baf80a1cac04de396a7b8eb9155'),(24,6,2,0,'2017-09-20 18:02:05',NULL,'2017-09-20 18:02:06','Fail','2017-09-20 18:02:05','CA431b461412e70727088f3e299fd2eb33'),(25,6,2,0,'2017-09-20 18:02:19',NULL,'2017-09-20 18:02:20','Fail','2017-09-20 18:02:19','CA468b7f4c16afe73c9f062461a0b5bae7'),(26,6,2,0,'2017-09-20 18:02:44',NULL,'2017-09-20 18:02:46','Fail','2017-09-20 18:02:44','CAf56c87147bd5ffb242d779c42d83d8be'),(27,6,2,0,'2017-09-20 18:02:56',NULL,'2017-09-20 18:02:58','Fail','2017-09-20 18:02:56','CA0ec1f7f302d1fdd87fd5351ce4116609'),(28,6,2,0,'2017-09-20 18:15:21',NULL,'2017-09-20 18:15:22','Fail','2017-09-20 18:15:21','CAe006f3318cc1b0e66a633f9de1f2a26c'),(29,6,2,0,'2017-09-20 18:15:35',NULL,'2017-09-20 18:15:36','Fail','2017-09-20 18:15:35','CAc122ca62f58f433f5a39b31b45e3c520'),(30,6,2,0,'2017-09-20 18:16:43',NULL,'2017-09-20 18:16:44','Fail','2017-09-20 18:16:43','CA14dd9c508d1f87f18d34f750319184aa'),(31,6,2,0,'2017-09-20 18:17:09',NULL,'2017-09-20 18:17:10','Fail','2017-09-20 18:17:09','CA7098f3a77be2a9cf99bd553e478774c7'),(32,6,2,183,'2017-09-20 18:19:01','2017-09-20 18:19:09','2017-09-20 18:22:12','Done','2017-09-20 18:19:01','CA0b8e3e15171cbbf7562b5efa3ce0fe6a'),(33,6,2,17,'2017-09-22 03:46:05','2017-09-22 03:46:21','2017-09-22 03:46:38','Done','2017-09-22 03:46:05','CAae279df471d7b2eb80ffd3a35fb4954d'),(34,6,2,0,'2017-09-22 03:49:26',NULL,'2017-09-22 03:49:28','Fail','2017-09-22 03:49:26','CA4cea16e607f046ecf151b1b2dcf289c2'),(35,6,2,0,'2017-09-22 03:49:39',NULL,'2017-09-22 03:49:40','Fail','2017-09-22 03:49:39','CAfe4d23fc4c6798127d593f184e950557'),(36,6,2,0,'2017-09-22 03:49:45',NULL,'2017-09-22 03:49:47','Fail','2017-09-22 03:49:45','CA2d876144d593104d2384ca9482206588'),(37,6,2,0,'2017-09-22 03:50:11',NULL,'2017-09-22 03:50:13','Fail','2017-09-22 03:50:11','CA28d796546ffe71373de04ecc19a27be5'),(38,6,2,0,'2017-09-22 03:50:20',NULL,'2017-09-22 03:50:21','Fail','2017-09-22 03:50:20','CAeb423289ccd2dae1e6d838799eb97743'),(39,6,2,0,'2017-09-22 03:50:34',NULL,'2017-09-22 03:50:36','Fail','2017-09-22 03:50:34','CAce0228d124f966ca4486da95dceee7d2'),(40,6,2,0,'2017-09-22 03:51:09',NULL,'2017-09-22 03:51:10','Fail','2017-09-22 03:51:09','CA6f3da8d9d3dc345308deef2ba5c0c2c5'),(41,6,2,0,'2017-09-22 03:52:21',NULL,'2017-09-22 03:52:22','Fail','2017-09-22 03:52:21','CAb13f5da5323b97c6c4362c20cd40fa94'),(42,6,15,78,'2017-09-22 18:28:58','2017-09-22 18:29:09','2017-09-22 18:30:27','Done','2017-09-22 18:28:58','CAb457a343912fdfaed3b60a9e0c2e6723'),(43,6,15,0,'2017-09-22 18:34:59',NULL,'2017-09-22 18:35:36','Fail','2017-09-22 18:34:59','CA47eb3bfd050b68c90bc3b4e163a32f28'),(44,6,15,0,'2017-09-22 18:36:13',NULL,'2017-09-22 18:36:47','Fail','2017-09-22 18:36:13','CA93eef63ca548a458b49f23697a0deac9'),(45,6,2,0,'2017-09-22 18:37:13',NULL,'2017-09-22 18:37:14','Fail','2017-09-22 18:37:13','CAb0370fb8a6f8ed0f8021133e8bc1fca1'),(46,6,2,0,'2017-09-22 18:37:37',NULL,'2017-09-22 18:37:39','Fail','2017-09-22 18:37:37','CA34f35b04b42034edb5d24d9168199d87'),(47,6,2,0,'2017-09-22 18:38:03',NULL,'2017-09-22 18:38:04','Fail','2017-09-22 18:38:03','CAb1c6fa08e45b4b84af9296be827af1db'),(48,6,2,0,'2017-09-22 18:38:49',NULL,'2017-09-22 18:38:51','Fail','2017-09-22 18:38:49','CAea249584e5a63fba0f6cce5b5e1060c0'),(49,6,2,0,'2017-09-22 18:39:45',NULL,'2017-09-22 18:39:48','Fail','2017-09-22 18:39:45','CAee94a459191ede30a713d88d932f8736'),(50,6,2,0,'2017-09-22 18:39:59',NULL,'2017-09-22 18:40:01','Fail','2017-09-22 18:39:59','CA44841f13ab17ede05a2d62eedff2c1d7'),(51,6,2,0,'2017-09-22 18:40:13',NULL,'2017-09-22 18:40:15','Fail','2017-09-22 18:40:13','CAfbaaa983bf239e29dcf77f0470c78669'),(52,6,15,0,'2017-09-22 18:40:36',NULL,'2017-09-22 18:40:46','Fail','2017-09-22 18:40:36','CAc5d9169ad5234fcee1380c8efe69a761'),(53,6,2,0,'2017-09-22 18:40:57',NULL,'2017-09-22 18:40:59','Fail','2017-09-22 18:40:57','CA88a68c6111c7d21e32205a043c97f540'),(54,6,2,0,'2017-09-22 18:42:18',NULL,'2017-09-22 18:42:19','Fail','2017-09-22 18:42:18','CA274ebd46d41cbfc326ce27bf5e2e84be'),(55,6,2,0,'2017-09-22 18:43:05',NULL,'2017-09-22 18:43:07','Fail','2017-09-22 18:43:05','CAfa8b7cbc6f51781f2fe42f31b4231427'),(56,6,2,0,'2017-09-22 18:43:29',NULL,'2017-09-22 18:43:31','Fail','2017-09-22 18:43:29','CA347a67b56a166c1ad1ad0758386a225b'),(57,6,15,0,'2017-09-22 18:43:52',NULL,'2017-09-22 18:44:02','Fail','2017-09-22 18:43:52','CA94a61b4c64679e1b0d8f6258c4c6c798'),(58,6,15,17,'2017-09-22 18:59:26','2017-09-22 18:59:40','2017-09-22 18:59:57','Done','2017-09-22 18:59:26','CA4d5243cc5e4f2cf580c5a8cf95fb2543'),(59,6,2,67,'2017-09-22 20:08:46','2017-09-22 20:09:00','2017-09-22 20:10:07','Done','2017-09-22 20:08:46','CA26c74e6a943059a2385e7caaa31bafaa'),(60,6,15,0,'2017-09-26 18:42:29',NULL,'2017-09-26 18:42:30','Fail','2017-09-26 18:42:29','CA446fc8fa7eba14062171123a03f96dd3'),(61,6,15,0,'2017-09-26 18:42:55',NULL,'2017-09-26 18:42:56','Fail','2017-09-26 18:42:55','CA25a3874421758a4420ee61693617a882'),(62,16,2,0,'2017-10-04 18:29:02',NULL,'2017-10-04 18:29:03','Fail','2017-10-04 18:29:02','CA27b8cb75087eed6ad40b525b4659723b'),(63,16,2,0,'2017-10-04 18:29:10',NULL,'2017-10-04 18:29:11','Fail','2017-10-04 18:29:10','CA17887607499038c01f2fe9929a2650ad'),(64,16,2,0,'2017-10-04 18:36:37',NULL,'2017-10-04 18:36:39','Fail','2017-10-04 18:36:37','CA5737a31a8d1b31ee1f93896850353fff'),(65,16,2,0,'2017-10-04 18:36:55',NULL,'2017-10-04 18:36:56','Fail','2017-10-04 18:36:55','CAc76b33d9487549e639b95a937d50cfae'),(66,6,2,0,'2017-10-04 18:37:36',NULL,'2017-10-04 18:37:37','Fail','2017-10-04 18:37:36','CAc530e2b18834f324821858b167cc4e6f'),(67,6,2,0,'2017-10-04 18:37:44',NULL,'2017-10-04 18:37:45','Fail','2017-10-04 18:37:44','CAe7e3617769d89568ca6d08be4291942b'),(68,6,2,0,'2017-10-04 18:38:04',NULL,'2017-10-04 18:38:06','Fail','2017-10-04 18:38:04','CA57a89c13253cfe5bcf64e12a25769dc2'),(69,6,2,0,'2017-10-04 18:38:25',NULL,'2017-10-04 18:38:26','Fail','2017-10-04 18:38:25','CA13dad82b4a376c271f85e1a213884735'),(70,16,2,0,'2017-10-04 18:39:22',NULL,'2017-10-04 18:39:23','Fail','2017-10-04 18:39:22','CA72bd12c0c572a984c28002ee3c53918c'),(71,16,15,0,'2017-10-04 18:40:00',NULL,'2017-10-04 18:40:08','Fail','2017-10-04 18:40:00','CAa30fbc6cb5bb5bb237886f81437847ba'),(72,6,15,182,'2017-10-04 18:44:03','2017-10-04 18:44:10','2017-10-04 18:47:12','Done','2017-10-04 18:44:03','CA401b29c2a0239537701dbe4816fe82bd'),(73,16,15,0,'2017-10-04 18:50:05',NULL,'2017-10-04 18:50:15','Fail','2017-10-04 18:50:05','CA2cc6e978270b3a4dad5618f0c6fd8175'),(74,6,2,0,'2017-10-04 20:35:21',NULL,'2017-10-04 20:35:22','Fail','2017-10-04 20:35:21','CAdefd26e3efb2ed044f52dd0db9339c25'),(75,6,2,0,'2017-10-04 20:35:38',NULL,'2017-10-04 20:35:39','Fail','2017-10-04 20:35:38','CAdd373a8d1ce3d3e24d68ea103aeb17f7'),(76,6,2,0,'2017-10-04 20:35:46',NULL,'2017-10-04 20:35:47','Fail','2017-10-04 20:35:46','CA25b80c7a253adfac6504837cfa318279'),(77,6,2,0,'2017-10-04 20:36:05',NULL,'2017-10-04 20:36:06','Fail','2017-10-04 20:36:05','CAb6b272e89887edd60cbedca9248d0815'),(78,6,2,0,'2017-10-04 20:36:26',NULL,'2017-10-04 20:36:27','Fail','2017-10-04 20:36:26','CAffbdb150544a7ce0b735bf50a601782b'),(79,6,2,0,'2017-10-04 20:37:09',NULL,'2017-10-04 20:37:10','Fail','2017-10-04 20:37:09','CA108e489f42ecf41572ecece674954800'),(80,6,2,225,'2017-10-05 01:20:48','2017-10-05 01:20:54','2017-10-05 01:24:39','Done','2017-10-05 01:20:48','CA4e5b87ee2f97c2936f7b39eb2b99abc2'),(81,14,2,0,'2017-10-05 11:42:13',NULL,'2017-10-05 11:42:49','Fail','2017-10-05 11:42:13','CA0b4f19f2d6c4f36ea9b855f01b8e7d59'),(82,14,2,0,'2017-10-05 11:52:06',NULL,'2017-10-05 11:52:17','Fail','2017-10-05 11:52:06','CA254b847b05cfd0fff40476262cc6ed47'),(83,14,2,12,'2017-10-05 11:52:37','2017-10-05 11:52:43','2017-10-05 11:52:55','Done','2017-10-05 11:52:37','CA4c59c6a339b9581b719d1b1dcced009f'),(84,14,2,91,'2017-10-05 11:53:40','2017-10-05 11:53:48','2017-10-05 11:55:19','Done','2017-10-05 11:53:40','CA3fb04d8c0b1166601768bc636c593dd4'),(85,14,2,0,'2017-10-05 11:55:57',NULL,'2017-10-05 11:56:13','Fail','2017-10-05 11:55:57','CA73a8aa0983af057878603746070aed0d'),(86,14,2,252,'2017-10-05 12:00:57','2017-10-05 12:01:07','2017-10-05 12:05:19','Done','2017-10-05 12:00:57','CAb95d6d4aca1621b23a8ba047a7263e8e'),(87,14,2,3,'2017-10-05 12:09:37','2017-10-05 12:09:47','2017-10-05 12:09:50','Done','2017-10-05 12:09:37','CAcb6a341781e57f8ec48dceb822a0f5fe'),(88,14,2,0,'2017-10-05 12:10:24',NULL,'2017-10-05 12:10:42','Fail','2017-10-05 12:10:24','CA7580835b2f646993167e43f4e37630ff'),(89,14,2,0,'2017-10-05 12:11:08',NULL,'2017-10-05 12:11:44','Fail','2017-10-05 12:11:08','CA6b296d8f8a1855c6cde598385b919803'),(90,14,9,0,'2017-10-05 12:14:31',NULL,'2017-10-05 12:14:33','Fail','2017-10-05 12:14:31','CA703e09a72b3514083cea81a155c247ef'),(91,14,9,11,'2017-10-05 12:16:15','2017-10-05 12:16:23','2017-10-05 12:16:34','Done','2017-10-05 12:16:15','CAd6944c4f7bdfdc8f7049faf4aa6656d0'),(92,14,9,0,'2017-10-05 12:17:04',NULL,'2017-10-05 12:17:41','Fail','2017-10-05 12:17:04','CAd2a533210c114818ca216740b83ce927'),(93,14,9,0,'2017-10-05 12:17:54',NULL,'2017-10-05 12:18:30','Fail','2017-10-05 12:17:54','CAdbd27eccf8987ccb167a0f1feee2f58b'),(94,14,9,0,'2017-10-05 12:21:09',NULL,'2017-10-05 12:21:45','Fail','2017-10-05 12:21:09','CAddeea8e45033f230ab8e97e412efbba9'),(95,14,9,0,'2017-10-05 12:21:55',NULL,'2017-10-05 12:22:31','Fail','2017-10-05 12:21:55','CA1d74f4aedad99b40176f334da882371a'),(96,14,9,2,'2017-10-05 12:26:54','2017-10-05 12:26:57','2017-10-05 12:26:59','Done','2017-10-05 12:26:54','CA04d1b23bd5b518551981ec8e204d8e0c'),(97,14,9,22,'2017-10-05 12:27:05','2017-10-05 12:27:31','2017-10-05 12:27:53','Done','2017-10-05 12:27:05','CA9f85fb5ea6d5d35b47fc603f3617cca1'),(98,14,9,69,'2017-10-05 12:29:04','2017-10-05 12:29:10','2017-10-05 12:30:19','Done','2017-10-05 12:29:04','CA64541fc2b586b172456be901ae5acbd8'),(99,14,9,50,'2017-10-05 12:31:34','2017-10-05 12:31:51','2017-10-05 12:32:41','Done','2017-10-05 12:31:34','CA28499d4b6b2a0174f66e6a491f7d7c77'),(100,14,2,134,'2017-10-05 12:33:10','2017-10-05 12:33:19','2017-10-05 12:35:33','Done','2017-10-05 12:33:10','CA2c454ee70c2a705966d23ca6815a78b2'),(101,14,2,58,'2017-10-05 13:44:58','2017-10-05 13:45:05','2017-10-05 13:46:03','Done','2017-10-05 13:44:58','CAf5e402ada8f85409051d9504b037ae61'),(102,14,2,83,'2017-10-05 13:49:24','2017-10-05 13:49:31','2017-10-05 13:50:54','Done','2017-10-05 13:49:24','CA4c9255c5bf87c5d470318ee1d5e3d179'),(103,14,9,81,'2017-10-05 13:51:25','2017-10-05 13:51:31','2017-10-05 13:52:52','Done','2017-10-05 13:51:25','CA6698b3944ff3d9536b4905bf0876a5a1'),(104,14,9,350,'2017-10-05 13:53:53','2017-10-05 13:54:00','2017-10-05 13:59:50','Done','2017-10-05 13:53:53','CA427c39aa899d621f2b5e95c7f00a80cb'),(105,14,9,98,'2017-10-05 14:01:51','2017-10-05 14:01:57','2017-10-05 14:03:35','Done','2017-10-05 14:01:51','CAee1766f2b0090490014b0f73b127911a'),(106,14,9,15,'2017-10-05 14:04:03','2017-10-05 14:04:07','2017-10-05 14:04:22','Done','2017-10-05 14:04:03','CA3b6f0440a366261b80124e30ead71851'),(107,14,9,60,'2017-10-05 14:04:52','2017-10-05 14:04:56','2017-10-05 14:05:56','Done','2017-10-05 14:04:52','CA999412575ec7d589d67cf4d5213beb94'),(108,14,9,173,'2017-10-05 14:06:34','2017-10-05 14:06:38','2017-10-05 14:09:31','Done','2017-10-05 14:06:34','CA8bc44a1c211f2a339b16c2888796b98b'),(109,14,9,62,'2017-10-05 14:11:14','2017-10-05 14:11:18','2017-10-05 14:12:20','Done','2017-10-05 14:11:14','CAedd6f74b94d8405b902101c273acda39'),(110,14,9,43,'2017-10-05 14:12:23','2017-10-05 14:12:27','2017-10-05 14:13:10','Done','2017-10-05 14:12:23','CAc6d714bf91e6ab7eb9a6dc43a3089a53'),(111,14,2,14,'2017-10-05 14:20:28','2017-10-05 14:20:34','2017-10-05 14:20:48','Done','2017-10-05 14:20:28','CA6dfc28046296a32441228c66f2d70462'),(112,6,2,125,'2017-10-05 14:23:43','2017-10-05 14:23:48','2017-10-05 14:25:53','Done','2017-10-05 14:23:43','CAf1e69043bd28d9a6c8f764e17f2f7b75'),(113,6,2,0,'2017-10-05 14:26:36',NULL,'2017-10-05 14:27:13','Fail','2017-10-05 14:26:36','CAf364f4e4309385390b9e5f81826d0e89'),(114,14,9,26,'2017-10-05 14:29:44','2017-10-05 14:29:50','2017-10-05 14:30:16','Done','2017-10-05 14:29:44','CA2dac9097213f2a1f8debba770067abee'),(115,14,9,51,'2017-10-05 14:32:35','2017-10-05 14:32:37','2017-10-05 14:33:28','Done','2017-10-05 14:32:35','CAd16c65bd734649874509c74a58804976'),(116,6,2,0,'2017-10-13 01:12:14',NULL,'2017-10-13 01:12:15','Fail','2017-10-13 01:12:14','CA65f7102135dfb91fcf1dbf43c77ded30'),(117,6,2,0,'2017-10-13 01:13:36',NULL,'2017-10-13 01:13:37','Fail','2017-10-13 01:13:36','CA1b9bbb195f3d3b5925fdbe3ed1cec7f3'),(118,6,2,0,'2017-10-13 01:18:32',NULL,'2017-10-13 01:18:34','Fail','2017-10-13 01:18:32','CA46984a8c4de98ee25e68188cfdc9d0d8'),(119,54,19,26,'2017-12-06 06:11:49','2017-12-06 06:12:09','2017-12-06 06:12:35','Done','2017-12-06 06:11:49','CAa52050b3c1bc5930e137ebf7f831bce6'),(120,54,19,0,'2017-12-06 09:20:10',NULL,'2017-12-06 09:20:16','Fail','2017-12-06 09:20:10','CA3b6b95b7ffab1a34fa79fd079845ced0'),(121,6,2,12,'2017-12-06 11:04:47','2017-12-06 11:04:57','2017-12-06 11:05:09','Done','2017-12-06 11:04:47','CA2d392359031ba080e0cb8559e5acf190'),(122,6,2,1148,'2017-12-06 11:11:16','2017-12-06 11:11:22','2017-12-06 11:30:30','Done','2017-12-06 11:11:16','CA63e313fdc399002487622243c2c127e2'),(123,6,9,302,'2017-12-06 15:03:08','2017-12-06 15:03:17','2017-12-06 15:08:19','Done','2017-12-06 15:03:08','CAf43d05f54d74ea7272e9c88fadda26a1'),(124,6,9,2186,'2017-12-06 15:09:29','2017-12-06 15:09:35','2017-12-06 15:46:01','Done','2017-12-06 15:09:29','CAaee0bc20b78156769d4e920a4a1d66b2'),(125,6,2,0,'2017-12-06 15:49:15',NULL,'2017-12-06 15:49:17','Fail','2017-12-06 15:49:15','CA71ad9a31da5079a7a1a4b07aa3f95e61'),(126,6,2,0,'2017-12-06 15:49:25',NULL,'2017-12-06 15:49:26','Fail','2017-12-06 15:49:25','CAc9e5e3dd4f3231d4dc7de3adb5297ccb'),(127,6,2,365,'2017-12-06 16:05:14','2017-12-06 16:05:17','2017-12-06 16:11:22','Done','2017-12-06 16:05:14','CA7d3e923eafe035a5ccdc5e9133103309'),(128,6,2,788,'2017-12-08 03:39:09','2017-12-08 03:39:14','2017-12-08 03:52:22','Done','2017-12-08 03:39:09','CA8a26de9ec238ee778fbaf6714bda9e9d'),(129,54,19,0,'2017-12-08 07:00:11',NULL,'2017-12-08 07:00:13','Fail','2017-12-08 07:00:11','CA93efa0c9cc20402617f429810679e911'),(130,54,19,11,'2017-12-08 07:03:41','2017-12-08 07:03:49','2017-12-08 07:04:00','Done','2017-12-08 07:03:41','CA5ee7e019bc8236736f09fc0a85c9fc44'),(131,54,19,17,'2017-12-08 07:04:18','2017-12-08 07:04:38','2017-12-08 07:04:55','Done','2017-12-08 07:04:18','CA884695557f5766debe4802353e8f7a36'),(132,54,19,0,'2017-12-08 07:24:12',NULL,'2017-12-08 07:24:18','Fail','2017-12-08 07:24:12','CA8cc662036090731d49c58341470d38af'),(133,54,19,11,'2017-12-08 07:24:46','2017-12-08 07:24:58','2017-12-08 07:25:09','Done','2017-12-08 07:24:46','CA670736dc803da4f77e1def1f76dd6d7b'),(134,54,19,25,'2017-12-08 08:55:09','2017-12-08 08:55:19','2017-12-08 08:55:44','Done','2017-12-08 08:55:09','CAe120217f4576b891b1ecce8b46900c3a'),(135,54,19,58,'2017-12-08 08:59:53','2017-12-08 09:00:01','2017-12-08 09:00:59','Done','2017-12-08 08:59:53','CA7dd8c8ca4543618ead18b87585aca0bf'),(136,54,19,12,'2017-12-08 09:01:25','2017-12-08 09:01:37','2017-12-08 09:01:49','Done','2017-12-08 09:01:25','CA6dff766c3bf3c7e555efcebfda52f859'),(137,54,19,18,'2017-12-08 09:02:21','2017-12-08 09:02:26','2017-12-08 09:02:44','Done','2017-12-08 09:02:21','CAbf911af158c648c49b8e77f36ba666fb'),(138,54,19,0,'2017-12-14 13:50:19',NULL,'2017-12-14 13:50:38','Fail','2017-12-14 13:50:19','CAa73b5393dad5b40474bc2210dc07ca09'),(139,54,19,0,'2017-12-14 13:52:45',NULL,'2017-12-14 13:53:07','Fail','2017-12-14 13:52:45','CA53fa3add9d428baee60549cf73205d61'),(140,54,19,7,'2017-12-14 14:30:06','2017-12-14 14:30:20','2017-12-14 14:30:27','Done','2017-12-14 14:30:06','CAc1ebd5e725f982578b06d33b22dc9274'),(141,54,19,4,'2017-12-18 06:17:56','2017-12-18 06:18:04','2017-12-18 06:18:08','Done','2017-12-18 06:17:56','CA3a56cb0ce35732504ad015798cf69986'),(144,54,19,0,'2017-12-18 06:27:45',NULL,'2017-12-18 06:28:02','Fail','2017-12-18 06:27:45','CAa1f166b2c332ddd084e67eb38d472130'),(155,54,19,26,'2017-12-19 09:26:00','2017-12-19 09:26:20','2017-12-19 09:26:46','Done','2017-12-19 09:26:00','CA136325f9693623464ffa99515b28efa3'),(159,54,19,669,'2017-12-19 11:38:52','2017-12-19 11:38:56','2017-12-19 11:50:05','Done','2017-12-19 11:38:52','CA5ec6922bfffaf18e4079710b55263e58'),(179,54,19,18,'2017-12-20 11:29:32','2017-12-20 11:29:45','2017-12-20 11:30:03','Done','2017-12-20 11:29:32','CA2a96900b4ecff11b21d97bf3b891bd47'),(180,54,19,0,'2017-12-20 11:33:02',NULL,'2017-12-20 11:33:12','Fail','2017-12-20 11:33:02','CAad2800487c29c220f5acf5e627be7e37'),(182,54,19,7,'2017-12-20 11:42:38','2017-12-20 11:42:47','2017-12-20 11:42:54','Done','2017-12-20 11:42:38','CA2f1b7ef3e8e8d76d464aaf35bbccaef8'),(183,54,19,0,'2017-12-20 11:44:52',NULL,'2017-12-20 11:45:02','Fail','2017-12-20 11:44:52','CAbdf14dd57884d6503642765733a0c17b'),(184,54,19,0,'2017-12-20 11:45:40',NULL,'2017-12-20 11:45:51','Fail','2017-12-20 11:45:40','CA8b2b98229dd54458e0824e3d4071f27f'),(185,54,19,0,'2017-12-20 11:47:41',NULL,'2017-12-20 11:47:57','Fail','2017-12-20 11:47:41','CA84d43c36369a02ae4e7e1eddc82f5138'),(186,54,19,0,'2017-12-20 11:48:55',NULL,'2017-12-20 11:49:02','Fail','2017-12-20 11:48:55','CAd9950c4d4f7b1d4a2e5e026101243e1f'),(187,54,19,0,'2017-12-20 11:49:36',NULL,'2017-12-20 11:49:52','Fail','2017-12-20 11:49:36','CA32057fb52119952b056dc010ddd30165'),(188,54,19,0,'2017-12-20 11:50:04',NULL,'2017-12-20 11:50:18','Fail','2017-12-20 11:50:04','CA25497b4573bddf097d7dc2920829949a'),(189,54,19,0,'2017-12-20 11:51:53',NULL,'2017-12-20 11:52:04','Fail','2017-12-20 11:51:53','CA296facac2e29478de4f6af48190c53a3'),(190,54,19,0,'2017-12-20 11:52:29',NULL,'2017-12-20 11:52:37','Fail','2017-12-20 11:52:29','CA0bc2fdcc5dacc77ac99bda0ee7ac5c48'),(191,54,19,18,'2017-12-20 11:53:31','2017-12-20 11:53:40','2017-12-20 11:53:58','Done','2017-12-20 11:53:31','CA9e0f5dfde332909615edfaf3665f0204'),(192,54,19,12,'2017-12-20 11:54:23','2017-12-20 11:54:33','2017-12-20 11:54:45','Done','2017-12-20 11:54:23','CA368c271cf92aa7d89ccb4d1a197ae33e'),(193,54,19,35,'2017-12-20 11:55:36','2017-12-20 11:55:40','2017-12-20 11:56:15','Done','2017-12-20 11:55:36','CA89ea7440389e7ed9a0d91cc115e474f6'),(194,54,19,14,'2017-12-20 12:09:57','2017-12-20 12:10:05','2017-12-20 12:10:19','Done','2017-12-20 12:09:57','CA4d7a1b0d221942b076d687b4d5f83981'),(202,54,19,252,'2017-12-21 07:31:56','2017-12-21 07:32:01','2017-12-21 07:36:13','Done','2017-12-21 07:31:56','CA66ef46a06239e5c126e7f1776dc99666'),(204,54,19,0,'2017-12-21 11:44:15',NULL,'2017-12-21 11:44:29','Fail','2017-12-21 11:44:15','CA0c74969746b9f6d345465e585cbfb4d8'),(238,6,2,0,'2017-12-23 08:14:30',NULL,'2017-12-23 08:15:07','Fail','2017-12-23 08:14:30','CAb0ad2b306bdc1d940d2d132f8cbb1db7'),(293,54,19,2,'2017-12-27 10:46:27','2017-12-27 10:46:33','2017-12-27 10:46:35','Done','2017-12-27 10:46:27','CAe527a99a316c471d1730d777b6d3aec4'),(294,54,19,2,'2017-12-27 10:46:57','2017-12-27 10:47:02','2017-12-27 10:47:04','Done','2017-12-27 10:46:57','CA83d4a8232b4e4fe342756f30a56c2f6b'),(295,54,19,3,'2017-12-27 10:47:25','2017-12-27 10:47:29','2017-12-27 10:47:32','Done','2017-12-27 10:47:25','CAe81dc987c2b52312c12840ef1acd069a'),(296,54,19,0,'2017-12-27 10:48:35','2017-12-27 10:48:40','2017-12-27 10:48:40','Done','2017-12-27 10:48:35','CA7f2014ca0aec0d2e4ac06305f84eccda'),(297,54,19,1,'2017-12-27 11:01:20','2017-12-27 11:01:33','2017-12-27 11:01:34','Done','2017-12-27 11:01:20','CA9edef180fac536ac1793ae75ea4ed7fb'),(298,54,19,40,'2017-12-27 11:02:43','2017-12-27 11:02:46','2017-12-27 11:03:26','Done','2017-12-27 11:02:43','CA7622ea915c9878a8f376d398e83ca0b3'),(299,54,19,28,'2017-12-27 11:08:40','2017-12-27 11:08:50','2017-12-27 11:09:18','Done','2017-12-27 11:08:40','CA551649c6d579ba1a475a914732be834f'),(335,54,19,11,'2017-12-27 12:49:01','2017-12-27 12:49:09','2017-12-27 12:49:20','Done','2017-12-27 12:49:01','CAa5a30bda4e1025f0e2d0517b32f857aa'),(336,54,19,26,'2017-12-27 12:49:34','2017-12-27 12:49:38','2017-12-27 12:50:04','Done','2017-12-27 12:49:34','CA793031595d2fa01effb1c30a6009ef0e'),(337,54,19,0,'2017-12-27 12:50:14',NULL,'2017-12-27 12:50:33','Fail','2017-12-27 12:50:14','CA5179a1580d5b9c7aef8ce59fa7a0189d'),(338,54,19,0,'2017-12-27 12:50:41',NULL,'2017-12-27 12:50:51','Fail','2017-12-27 12:50:41','CAa8c9295860e7cfe4de15661ab427563b'),(339,54,19,0,'2017-12-27 12:51:04',NULL,'2017-12-27 12:51:23','Fail','2017-12-27 12:51:04','CAfbaf5d02db80531ad65f26a216557c9e'),(342,54,19,9,'2017-12-27 12:53:43','2017-12-27 12:53:48','2017-12-27 12:53:57','Done','2017-12-27 12:53:43','CA09179cefaf1711eb34f2dafba26082f5'),(343,54,19,7,'2017-12-27 12:54:05','2017-12-27 12:54:10','2017-12-27 12:54:17','Done','2017-12-27 12:54:05','CA723f1482cf11957cf7af5b6022412ce9'),(344,54,19,0,'2017-12-27 12:54:27',NULL,'2017-12-27 12:54:32','Fail','2017-12-27 12:54:27','CAe09420477e8ee991f509bf3b497a2731'),(370,6,2,0,'2017-12-28 03:37:59',NULL,'2017-12-28 03:38:35','Fail','2017-12-28 03:37:59','CA1a462a9940487c5a012b25db480ae00a'),(371,6,2,0,'2017-12-28 03:38:45',NULL,'2017-12-28 03:39:02','Fail','2017-12-28 03:38:45','CA9aca08ea0c56bb55b167b16b4cf706f7'),(372,6,2,12,'2017-12-28 03:41:13','2017-12-28 03:41:17','2017-12-28 03:41:29','Done','2017-12-28 03:41:13','CA09aeccaaad40e38167baeceb91b9b26b'),(415,6,2,0,'2017-12-29 02:50:00',NULL,'2017-12-29 02:51:00','Fail','2017-12-29 02:50:00','CAbd0aed01200945828184da25805cfaa9'),(416,6,2,92,'2017-12-29 02:51:12','2017-12-29 02:51:16','2017-12-29 02:52:48','Done','2017-12-29 02:51:12','CA6c9eeb8967a0c347c0332da8e59b8968'),(417,6,2,89,'2017-12-29 06:44:04','2017-12-29 06:44:08','2017-12-29 06:45:37','Done','2017-12-29 06:44:04','CA37db4033e6173c7705a47912de86a862'),(418,6,2,0,'2017-12-29 07:12:15',NULL,'2017-12-29 07:12:27','Fail','2017-12-29 07:12:15','CA03cdef7d949622866dae6d4787203045'),(420,120,2,0,'2018-01-02 10:43:11',NULL,'2018-01-02 10:43:13','Fail','2018-01-02 10:43:11','CA5f451586c099e0b0bffa33cb307cab54'),(421,120,2,0,'2018-01-02 10:43:19',NULL,'2018-01-02 10:43:21','Fail','2018-01-02 10:43:19','CAebc8b93e61dd1f68db967af9ca5606f6'),(422,120,19,27,'2018-01-02 11:16:30','2018-01-02 11:16:39','2018-01-02 11:17:06','Done','2018-01-02 11:16:30','CA35e8582f80eeb16073190a4afbd20fbe'),(423,54,19,0,'2018-01-02 12:51:25',NULL,'2018-01-02 12:51:41','Fail','2018-01-02 12:51:25','CA47badc766f5c97372a2b98c6e37ff284'),(424,6,2,0,'2018-01-03 04:18:43',NULL,'2018-01-03 04:18:45','Fail','2018-01-03 04:18:43','CAdb8e29de8e9f8481ccfd29b886e7a5ed'),(425,6,2,0,'2018-01-03 04:18:48',NULL,'2018-01-03 04:18:50','Fail','2018-01-03 04:18:48','CAa4cd53a184107917416772a371fdb082'),(426,6,2,74,'2018-01-03 04:32:37','2018-01-03 04:32:42','2018-01-03 04:33:56','Done','2018-01-03 04:32:37','CAa7912e2b45919c9cbdde60918dc55af3'),(427,6,2,0,'2018-01-03 04:35:40',NULL,'2018-01-03 04:35:41','Fail','2018-01-03 04:35:40','CA978dc343092a773e5ac97e3907b189e1'),(428,6,2,0,'2018-01-03 04:35:54',NULL,'2018-01-03 04:35:55','Fail','2018-01-03 04:35:54','CA830bf55a386abbdf707714a11191a0e6'),(429,6,2,11,'2018-01-03 04:40:15','2018-01-03 04:40:24','2018-01-03 04:40:35','Done','2018-01-03 04:40:15','CA1f54dedca439cb3acac79539fdbc8b15'),(430,120,19,0,'2018-01-03 04:47:48',NULL,'2018-01-03 04:47:58','Fail','2018-01-03 04:47:48','CA41b7517517debbcf268606f612db5a45'),(431,120,19,8,'2018-01-03 04:51:40','2018-01-03 04:51:43','2018-01-03 04:51:51','Done','2018-01-03 04:51:40','CA37d891cbce920e20cfac92c3a63d2e77'),(432,6,2,57,'2018-01-04 00:10:20','2018-01-04 00:10:23','2018-01-04 00:11:20','Done','2018-01-04 00:10:20','CAbff4af7a066d12d0ca8d4c368afb03ec'),(433,6,2,394,'2018-01-04 00:12:34','2018-01-04 00:12:41','2018-01-04 00:19:15','Done','2018-01-04 00:12:34','CAc1ad7968bdf451fa5c2881bc87eefaef'),(434,120,19,20,'2018-01-04 09:33:31','2018-01-04 09:33:40','2018-01-04 09:34:00','Done','2018-01-04 09:33:31','CAe038e89b4f300e590ea9be6dcd0aa054'),(435,120,19,51,'2018-01-04 09:34:45','2018-01-04 09:34:57','2018-01-04 09:35:48','Done','2018-01-04 09:34:45','CA1ade46e84bb7400c9697ea8851e4a5b5'),(436,120,19,56,'2018-01-04 09:37:55','2018-01-04 09:38:00','2018-01-04 09:38:56','Done','2018-01-04 09:37:55','CAb71c75d6e9a51aa5ebdc9ecd6da1b6a4'),(437,120,19,63,'2018-01-04 09:40:31','2018-01-04 09:40:46','2018-01-04 09:41:49','Done','2018-01-04 09:40:31','CA59d23458eb297bcf03ac9bd2883e3399'),(438,120,19,69,'2018-01-04 09:49:24','2018-01-04 09:49:30','2018-01-04 09:50:39','Done','2018-01-04 09:49:24','CA68729e7f968d671555230ecc3912dd76'),(439,120,19,79,'2018-01-04 09:59:17','2018-01-04 09:59:21','2018-01-04 10:00:40','Done','2018-01-04 09:59:17','CA910bc9aa572ca006f872e922f42338e3'),(440,120,19,13,'2018-01-04 10:03:17','2018-01-04 10:03:21','2018-01-04 10:03:34','Done','2018-01-04 10:03:17','CA6be570df2a4c1a6cd9212ff1573bed27'),(441,120,19,35,'2018-01-04 10:03:47','2018-01-04 10:03:50','2018-01-04 10:04:25','Done','2018-01-04 10:03:47','CA703ea4e6b8ed3d294fa1d585a4215eac'),(442,120,19,6,'2018-01-04 10:06:43','2018-01-04 10:06:47','2018-01-04 10:06:53','Done','2018-01-04 10:06:43','CA3fc9ef8104d1b924ba45b00fbfb22e0f'),(443,120,19,1,'2018-01-04 10:17:34','2018-01-04 10:17:38','2018-01-04 10:17:39','Done','2018-01-04 10:17:34','CAcb689ee2c51bc975ef2bea85185d545b'),(444,120,19,20,'2018-01-04 10:18:15','2018-01-04 10:18:18','2018-01-04 10:18:38','Done','2018-01-04 10:18:15','CA822db69d225e548b0bcb08964188d93d'),(445,120,19,0,'2018-01-04 10:24:37',NULL,'2018-01-04 10:25:04','Fail','2018-01-04 10:24:37','CA590b1f0dc79b5c7ecad60f251cdc58d6'),(446,120,19,6,'2018-01-04 10:28:07','2018-01-04 10:28:13','2018-01-04 10:28:19','Done','2018-01-04 10:28:07','CA68673b377e909217da964cc213923bd1'),(447,120,19,110,'2018-01-04 10:28:49','2018-01-04 10:28:54','2018-01-04 10:30:44','Done','2018-01-04 10:28:49','CAb7d7341bcdaff259707ec34f30429e68'),(448,120,19,42,'2018-01-04 10:33:20','2018-01-04 10:33:25','2018-01-04 10:34:07','Done','2018-01-04 10:33:20','CAf98d49ff5d852c8978877e481fd77561'),(449,120,19,0,'2018-01-04 10:34:32',NULL,'2018-01-04 10:34:36','Fail','2018-01-04 10:34:32','CAeb16aa5d6854a5b7d99e0479bc9ca9b3'),(450,120,19,28,'2018-01-04 10:35:13','2018-01-04 10:35:19','2018-01-04 10:35:47','Done','2018-01-04 10:35:13','CA213a74244e3f8f05dfe92cb3505db5fe'),(451,120,19,14,'2018-01-04 10:36:17','2018-01-04 10:36:20','2018-01-04 10:36:34','Done','2018-01-04 10:36:17','CA4f87a892b7a2b662497d4aaaf183e961'),(452,120,19,23,'2018-01-05 05:12:00','2018-01-05 05:12:04','2018-01-05 05:12:27','Done','2018-01-05 05:12:00','CA776f00a82d0be2e31567ab3f70190442'),(453,120,19,49,'2018-01-05 06:40:31','2018-01-05 06:40:35','2018-01-05 06:41:24','Done','2018-01-05 06:40:31','CA3d2a0bd3985f214234e69a0f7066b691'),(454,120,19,42,'2018-01-05 06:59:04','2018-01-05 06:59:08','2018-01-05 06:59:50','Done','2018-01-05 06:59:04','CA94ff0acd5bcfd64abfb9f474b9e09222'),(455,6,2,14,'2018-01-05 21:09:07','2018-01-05 21:09:21','2018-01-05 21:09:35','Done','2018-01-05 21:09:07','CA6f0dc3f9cb33f79606531883375895d3'),(456,6,2,224,'2018-01-05 21:17:24','2018-01-05 21:17:33','2018-01-05 21:21:17','Done','2018-01-05 21:17:24','CAb15e57bb83c9c839e4fa269063c8caf9'),(457,6,2,0,'2018-01-10 02:55:39',NULL,'2018-01-10 05:46:21','Fail','2018-01-10 02:55:39','CA7a8036cccb21bfa31b81bf8d3e368e87'),(458,120,19,0,'2018-01-10 05:49:07',NULL,'2018-01-10 05:49:24','Fail','2018-01-10 05:49:07','CA0aaf98d84a3805e3d68186dc6a006069'),(459,120,19,0,'2018-01-10 05:51:42',NULL,'2018-01-10 05:51:43','Fail','2018-01-10 05:51:42','CAafe305648f2e18708a86fb30115ac998'),(460,120,2,0,'2018-01-10 05:53:52',NULL,'2018-01-10 05:54:29','Fail','2018-01-10 05:53:52','CA4eb921ae8d322c06f1ed8384e0bb36b5'),(461,120,19,0,'2018-01-10 05:56:31',NULL,'2018-01-10 05:56:53','Fail','2018-01-10 05:56:31','CA7c6629ccc7a6f86d74a92550118d8b47'),(465,6,2,0,'2018-01-11 01:56:44',NULL,'2018-01-16 20:47:56','Fail','2018-01-11 01:56:44','CA8098c9f32c9467fb709ad6f57383f989'),(466,120,19,0,'2018-01-16 11:27:35',NULL,'2018-01-16 11:27:46','Fail','2018-01-16 11:27:35','CAc770ce409a61785c730c3173f9fc72a0'),(467,120,19,0,'2018-01-16 11:36:06',NULL,'2018-01-16 11:36:14','Fail','2018-01-16 11:36:06','CA7b7a4e9327b9c8da9bf222a3c15ce53c'),(468,125,19,0,'2018-01-16 12:12:16',NULL,'2018-01-16 12:12:18','Fail','2018-01-16 12:12:16','CA02f447de9867ae5ea1094c8368a3f284'),(469,125,19,0,'2018-01-16 12:27:47',NULL,'2018-01-16 12:28:00','Fail','2018-01-16 12:27:47','CA9aaf564466c99b39b5257f24bb62b077'),(470,120,19,0,'2018-01-16 12:30:30',NULL,'2018-01-16 12:30:38','Fail','2018-01-16 12:30:30','CAe38b6746fd709a88e8c8e3ff76191c83'),(471,120,19,0,'2018-01-16 12:43:04',NULL,'2018-01-16 12:43:24','Fail','2018-01-16 12:43:04','CAfc738be05b0804fcd976ced0b83eeb4b'),(472,120,19,18,'2018-01-16 12:57:21','2018-01-16 12:57:26','2018-01-16 12:57:44','Done','2018-01-16 12:57:21','CAa0523a169b4632ac41473235633153bd'),(474,120,19,0,'2018-01-16 14:05:14',NULL,'2018-01-16 14:05:18','Fail','2018-01-16 14:05:14','CAf0a5928c9f269270996a7f3fd13642bc'),(475,120,19,0,'2018-01-17 10:35:35',NULL,'2018-01-17 10:35:36','Fail','2018-01-17 10:35:35','CA4499924119ccbf17ae3a3a1f77fd1309'),(476,120,19,0,'2018-01-17 10:38:16',NULL,'2018-01-17 10:38:28','Fail','2018-01-17 10:38:16','CAfb716a3c83023eb339d7e2a28b4e7594'),(477,120,19,0,'2018-01-17 10:40:47',NULL,'2018-01-17 10:40:49','Fail','2018-01-17 10:40:47','CA6724462e746b7ebb9b6ef8c72d991b34'),(479,6,2,0,'2018-01-18 07:32:57',NULL,'2018-01-18 07:32:59','Fail','2018-01-18 07:32:57','CA458e777dd3b533217c00eac72120e529'),(480,120,19,0,'2018-01-18 07:45:53',NULL,'2018-01-18 07:45:57','Fail','2018-01-18 07:45:53','CAdecec1dfdcf937f2a3ab5accdfd8db64'),(481,120,2,0,'2018-01-18 08:38:52',NULL,'2018-01-18 08:38:54','Fail','2018-01-18 08:38:52','CA06fd06f1de2f27c6d945a2afc172ebb8'),(482,120,19,15,'2018-01-18 08:55:20','2018-01-18 08:55:28','2018-01-18 08:55:43','Done','2018-01-18 08:55:20','CAe3173e31754f1226113986fdd2ff3ef8'),(483,120,19,9,'2018-01-18 09:00:29','2018-01-18 09:00:33','2018-01-18 09:00:42','Done','2018-01-18 09:00:29','CA39a24e4ddc58eaf80babe1218ab52302'),(484,120,19,0,'2018-01-18 09:01:45',NULL,'2018-01-18 09:01:52','Fail','2018-01-18 09:01:45','CA7f58c4666a0ef78a23bd232d30978844'),(485,120,2,0,'2018-01-18 09:36:38',NULL,'2018-01-18 09:36:39','Fail','2018-01-18 09:36:38','CAb4641f07f6075e37e1689769a508a73e'),(486,120,19,18,'2018-01-18 09:37:04','2018-01-18 09:37:08','2018-01-18 09:37:26','Done','2018-01-18 09:37:04','CA6407f7ecbce102554c0e244cdbb32f19'),(487,120,2,0,'2018-01-18 09:38:19',NULL,'2018-01-18 09:38:21','Fail','2018-01-18 09:38:19','CAcb5b987fa9fb0d4b4acce5fb34ddb31c'),(488,120,19,0,'2018-01-18 09:39:48',NULL,'2018-01-18 09:39:56','Fail','2018-01-18 09:39:48','CAc49d37cf5ee39f9e57cc11bd7bc41f45'),(489,120,19,0,'2018-01-18 09:40:31',NULL,'2018-01-18 09:40:43','Fail','2018-01-18 09:40:31','CA4094c20119b81309b3cfed693937d0c4'),(490,120,2,0,'2018-01-18 09:41:01',NULL,'2018-01-18 09:41:03','Fail','2018-01-18 09:41:01','CA57987530b88231c4d440ae1261cdc7a9'),(491,120,2,0,'2018-01-18 09:42:57',NULL,'2018-01-18 09:42:59','Fail','2018-01-18 09:42:57','CAd35a29f95fc54b2aed82f264a8ea4aeb'),(492,120,2,0,'2018-01-18 09:45:14',NULL,'2018-01-18 09:45:16','Fail','2018-01-18 09:45:14','CAe8c0df5c564bc3c1a5a3d2711d2cc093'),(493,120,2,0,'2018-01-18 09:45:31',NULL,'2018-01-18 09:45:33','Fail','2018-01-18 09:45:31','CA10eaa78fd07ad2900ee452bcd43ee364'),(494,120,19,0,'2018-01-18 09:45:49',NULL,'2018-01-18 09:46:12','Fail','2018-01-18 09:45:49','CA4a8d6218a5821f9bf379e8a80def254e'),(495,120,2,0,'2018-01-18 09:46:24',NULL,'2018-01-18 09:46:26','Fail','2018-01-18 09:46:24','CAc2e8146c3f2b893a0920ef8c5652d05b'),(496,120,19,21,'2018-01-18 10:16:05','2018-01-18 10:16:10','2018-01-18 10:16:31','Done','2018-01-18 10:16:05','CA8cf2829c751fd37b094bd1bac1df6803'),(497,120,2,0,'2018-01-18 10:17:49',NULL,'2018-01-18 10:17:51','Fail','2018-01-18 10:17:49','CA5b0f5cce66c006ba15d4404d43699b1c'),(498,120,2,0,'2018-01-18 10:18:03',NULL,'2018-01-18 10:18:18','Fail','2018-01-18 10:18:03','CA2a977678f8d53a674de1af0de03645c4'),(499,120,2,0,'2018-01-18 10:18:31',NULL,'2018-01-18 10:18:33','Fail','2018-01-18 10:18:31','CA375307f97fa9e108c078f23a8897f27a'),(500,120,19,0,'2018-01-18 10:19:07',NULL,'2018-01-18 10:19:07','Fail','2018-01-18 10:19:07','CAb7ed5a4e861228d5a5b229f53de4d4fa'),(501,120,19,0,'2018-01-18 10:19:31',NULL,'2018-01-18 10:19:36','Fail','2018-01-18 10:19:31','CA8b8b30236e964829f17fcb8e2d968fa4'),(502,120,19,0,'2018-01-18 10:19:49',NULL,'2018-01-18 10:19:53','Fail','2018-01-18 10:19:49','CA04dc2402d29e160fc1a3b62cafec5572'),(503,120,19,0,'2018-01-18 10:20:18',NULL,'2018-01-18 10:25:01','Fail','2018-01-18 10:20:18','CA6b3958c2c1ae8987f211a66a685877ac'),(504,120,2,0,'2018-01-18 10:26:02',NULL,'2018-01-18 10:26:04','Fail','2018-01-18 10:26:02','CA7c778e4917122d91db68b51f658b38a7'),(505,120,19,0,'2018-01-18 10:31:21',NULL,'2018-01-18 10:31:45','Fail','2018-01-18 10:31:21','CAb77aa61f05ce0269793ba9b8edf8170b'),(506,120,19,0,'2018-01-18 10:38:09',NULL,'2018-01-18 10:38:11','Fail','2018-01-18 10:38:09','CA08db67efbb9caa2aca6ef2b4f34f4c7a'),(507,120,19,5,'2018-01-18 10:42:41','2018-01-18 10:42:54','2018-01-18 10:42:59','Done','2018-01-18 10:42:41','CA856865b8a2e7c17209498f6671fdbbe6'),(508,120,19,13,'2018-01-18 10:50:38','2018-01-18 10:50:51','2018-01-18 10:51:04','Done','2018-01-18 10:50:38','CA0e20bd00cb5a4518ec1b03db640a3faf'),(509,120,19,0,'2018-01-18 10:52:26',NULL,'2018-01-18 10:52:39','Fail','2018-01-18 10:52:26','CAdcf918f61e922a21e15dd260d53a5cc9'),(510,120,19,0,'2018-01-18 10:53:11',NULL,'2018-01-18 10:53:15','Fail','2018-01-18 10:53:11','CA45a92212080e07d34dbdfbed3ad53733'),(511,120,19,0,'2018-01-18 10:54:36',NULL,'2018-01-18 10:54:47','Fail','2018-01-18 10:54:36','CAe92fc6b8ee303e4f9ee953d2b64cefac'),(512,120,19,0,'2018-01-18 10:55:29',NULL,'2018-01-18 10:55:34','Fail','2018-01-18 10:55:29','CAc3eaa03d6aefad8bba5527bdc383a239'),(513,120,19,14,'2018-01-18 11:17:50','2018-01-18 11:17:53','2018-01-18 11:18:07','Done','2018-01-18 11:17:50','CA4cc73847e080880ee52acc356ef28480'),(514,120,19,0,'2018-01-18 11:18:26',NULL,'2018-01-18 11:18:32','Fail','2018-01-18 11:18:26','CA26012d24f66deb042d2e3e574447a89c'),(515,120,19,0,'2018-01-18 11:18:46',NULL,'2018-01-18 11:19:00','Fail','2018-01-18 11:18:46','CA8a39ea9cab791329048275c130708610'),(516,120,19,0,'2018-01-18 11:19:38',NULL,'2018-01-18 11:19:53','Fail','2018-01-18 11:19:38','CA3606ed5ae29c15c57f3acf73621c619e'),(517,120,19,4,'2018-01-18 11:28:56','2018-01-18 11:29:01','2018-01-18 11:29:05','Done','2018-01-18 11:28:56','CA5fb064308fda29ccde82f8e765b7e8b2'),(518,120,19,9,'2018-01-18 11:45:19','2018-01-18 11:45:25','2018-01-18 11:45:34','Done','2018-01-18 11:45:19','CAcc1f4214dbc3558df150379273bc218d'),(519,120,19,4,'2018-01-18 11:51:48','2018-01-18 11:51:52','2018-01-18 11:51:56','Done','2018-01-18 11:51:48','CAbd6b4311c61442c2c9a9297dddd9c9c2'),(520,120,19,8,'2018-01-18 11:59:03','2018-01-18 11:59:08','2018-01-18 11:59:16','Done','2018-01-18 11:59:03','CAf215ee412d77d28dc17d17145dcd52b1'),(521,120,19,0,'2018-01-18 11:59:29',NULL,'2018-01-18 11:59:59','Fail','2018-01-18 11:59:29','CA4a45334f00e97c72200043e038ffe30b'),(522,120,19,0,'2018-01-18 12:00:12',NULL,'2018-01-18 12:00:30','Fail','2018-01-18 12:00:12','CAd8d94a7d6f46463d7700b86ba4cd09e1'),(523,120,19,27,'2018-01-18 12:01:57','2018-01-18 12:02:01','2018-01-18 12:02:28','Done','2018-01-18 12:01:57','CAe968a8c85e69b73029ef2ccdffc4baeb'),(524,120,19,0,'2018-01-18 12:02:41',NULL,'2018-01-18 12:03:11','Fail','2018-01-18 12:02:41','CA765376db7afa702352c1401db2bf8ce0'),(525,120,19,8,'2018-01-18 12:19:57','2018-01-18 12:20:04','2018-01-18 12:20:12','Done','2018-01-18 12:19:57','CAb11dd6475a214122f1258f30bf0155af'),(526,120,19,0,'2018-01-18 12:20:30',NULL,'2018-01-18 12:20:44','Fail','2018-01-18 12:20:30','CA73a4ca2a4944ae4ce1c10adbea2768e3'),(527,120,2,0,'2018-01-18 12:22:37',NULL,'2018-01-18 12:22:39','Fail','2018-01-18 12:22:37','CAe859ecfc933942276bc331627d295354'),(528,120,19,0,'2018-01-18 12:23:10',NULL,'2018-01-18 12:23:27','Fail','2018-01-18 12:23:10','CAeb2523f472b9906f998d6451d10832cc'),(529,120,19,18,'2018-01-18 12:24:33','2018-01-18 12:24:36','2018-01-18 12:24:54','Done','2018-01-18 12:24:33','CAfab7c4cee3ec0c6ca35bd2f06815f012'),(530,120,19,0,'2018-01-18 12:25:30',NULL,'2018-01-18 12:26:08','Fail','2018-01-18 12:25:30','CAa719a7f7222632f537ab3975383171c5'),(531,120,19,7,'2018-01-18 12:30:43','2018-01-18 12:30:48','2018-01-18 12:30:55','Done','2018-01-18 12:30:43','CA2c92e7bdb64239fefe863dd00d00d337'),(532,120,19,0,'2018-01-18 12:31:09',NULL,'2018-01-18 12:31:26','Fail','2018-01-18 12:31:09','CA1b547e41660ea6916ad62a72d9b6dbab'),(533,120,19,11,'2018-01-18 12:44:58','2018-01-18 12:45:08','2018-01-18 12:45:19','Done','2018-01-18 12:44:58','CAcf13d06c7e12fb5cb50f342f1a66bfe7'),(534,120,19,0,'2018-01-18 12:45:43',NULL,'2018-01-18 12:46:11','Fail','2018-01-18 12:45:43','CA1253a00620c5ce4128a005e2b90f2804'),(535,120,19,0,'2018-01-18 12:47:07',NULL,'2018-01-18 12:47:12','Fail','2018-01-18 12:47:07','CA90c23c3fd41b1cc10803b38be051ab5c'),(536,120,19,0,'2018-01-18 12:47:25',NULL,'2018-01-18 12:47:36','Fail','2018-01-18 12:47:25','CA292085a65398db9be846193cba0ce9e3'),(537,120,19,19,'2018-01-18 12:49:54','2018-01-18 12:49:59','2018-01-18 12:50:18','Done','2018-01-18 12:49:54','CA9d98ea6e58392e72ee72709b1bf4adb0'),(538,120,19,0,'2018-01-18 12:50:32',NULL,'2018-01-18 12:50:48','Fail','2018-01-18 12:50:32','CAa772002630c921f3f9f70badc8887f50'),(539,120,19,8,'2018-01-18 12:56:38','2018-01-18 12:56:46','2018-01-18 12:56:54','Done','2018-01-18 12:56:38','CA4d6a1d700952300a9e2b7ba4d7e4c5d0'),(540,120,19,9,'2018-01-18 12:57:10','2018-01-18 12:57:17','2018-01-18 12:57:26','Done','2018-01-18 12:57:10','CAc6c04ddf3451593f4d6466ce62a0a839'),(541,120,19,9,'2018-01-18 12:57:40','2018-01-18 12:57:44','2018-01-18 12:57:53','Done','2018-01-18 12:57:40','CA0c5d13f3decada707e8a290493a5f0e8'),(542,120,19,7,'2018-01-18 12:58:15','2018-01-18 12:58:18','2018-01-18 12:58:25','Done','2018-01-18 12:58:15','CAa6ef9bf755b4b855bbedc06117334fe0'),(543,120,19,3,'2018-01-18 12:58:52','2018-01-18 12:59:02','2018-01-18 12:59:05','Done','2018-01-18 12:58:52','CAc076421cbccc92552a643f42038969f8'),(544,120,19,9,'2018-01-18 12:59:26','2018-01-18 12:59:40','2018-01-18 12:59:49','Done','2018-01-18 12:59:26','CAc3e123d729bd2e06addbb38e15c751c7'),(545,120,19,5,'2018-01-18 13:01:26','2018-01-18 13:01:38','2018-01-18 13:01:43','Done','2018-01-18 13:01:26','CAf1b68a7ee1d087ba327246ea3e7fa4f4'),(546,120,19,0,'2018-01-18 13:04:57',NULL,'2018-01-18 13:04:59','Fail','2018-01-18 13:04:57','CA309a48444c1061c1e6acc37d1f7eb4a3'),(547,120,19,0,'2018-01-18 13:05:11',NULL,'2018-01-18 13:05:15','Fail','2018-01-18 13:05:11','CA22d92ffe026a6884a17bab454feec006'),(548,120,19,0,'2018-01-18 13:11:14',NULL,'2018-01-18 13:11:15','Fail','2018-01-18 13:11:14','CA1d756958ccb8a9c26172a992de706683'),(549,120,19,5,'2018-01-18 13:11:57','2018-01-18 13:12:02','2018-01-18 13:12:07','Done','2018-01-18 13:11:57','CA423975978414ea8a53592172d7b23fc2'),(550,120,19,0,'2018-01-18 13:15:28',NULL,'2018-01-18 13:15:31','Fail','2018-01-18 13:15:28','CAe5b621d249552d064763f92e84ae54cf'),(551,120,19,0,'2018-01-18 13:15:41',NULL,'2018-01-18 13:15:43','Fail','2018-01-18 13:15:41','CA28481db2f1ea0657d50969516f2a4517'),(552,120,19,0,'2018-01-18 13:16:13',NULL,'2018-01-18 13:16:15','Fail','2018-01-18 13:16:13','CA5c6c97351beffcd9ec70339bbf322d84'),(553,120,19,0,'2018-01-18 13:16:26',NULL,'2018-01-18 13:16:27','Fail','2018-01-18 13:16:26','CA5050ff59dd1c3b09cae53ddbe64f4a12'),(554,120,19,0,'2018-01-18 13:16:48',NULL,'2018-01-18 13:16:50','Fail','2018-01-18 13:16:48','CAf2959357fdbb86eeed08cea808bc41b6'),(555,120,19,0,'2018-01-18 13:17:00',NULL,'2018-01-18 13:17:02','Fail','2018-01-18 13:17:00','CAdc8a7fb3879b1279603affeb2bf6e3df'),(556,120,19,0,'2018-01-18 13:32:03',NULL,'2018-01-18 13:32:08','Fail','2018-01-18 13:32:03','CA6273afa60542a7a071e0c096142150ae'),(557,120,19,0,'2018-01-18 13:32:20',NULL,'2018-01-18 13:32:21','Fail','2018-01-18 13:32:20','CAbcc2393811130ddb0a5cf51fb2563e15'),(558,120,19,0,'2018-01-18 13:32:40',NULL,'2018-01-18 13:32:43','Fail','2018-01-18 13:32:40','CA6fe3714233eb18f907893b3a0b02df00'),(559,120,19,0,'2018-01-18 13:32:54',NULL,'2018-01-18 13:32:55','Fail','2018-01-18 13:32:54','CA7563b57882f763e7665cbc3fda2128ef'),(560,120,19,0,'2018-01-18 13:33:07',NULL,'2018-01-18 13:33:08','Fail','2018-01-18 13:33:07','CA172e5824e60d5525edf8e97b41e85354'),(561,120,19,0,'2018-01-18 13:34:09',NULL,'2018-01-18 13:34:16','Fail','2018-01-18 13:34:09','CAd26a498c2b0db46cd7a93a57e3915077'),(562,120,19,0,'2018-01-18 13:39:18',NULL,'2018-01-18 13:39:28','Fail','2018-01-18 13:39:18','CAa937542d39ec2e591d8a4217e28ea669'),(563,6,2,0,'2018-01-19 04:19:14',NULL,'2018-01-19 04:19:16','Fail','2018-01-19 04:19:14','CA3fcb42c6fb649b2818e5e6e07d54c73e'),(564,120,2,0,'2018-01-19 04:40:28',NULL,'2018-01-19 06:39:57','Fail','2018-01-19 04:40:28','CA8c384d768f2b1676f24ff7bd9f718831'),(566,120,19,0,'2018-01-19 06:46:05',NULL,'2018-01-19 06:46:24','Fail','2018-01-19 06:46:05','CA1893debecaf9c5dc8043f036644d2bf0'),(567,120,19,0,'2018-01-19 06:46:29',NULL,'2018-01-19 06:46:38','Fail','2018-01-19 06:46:29','CA64b0492fb5b721f1b172ad444c67bc5a'),(569,120,19,0,'2018-01-19 06:52:36',NULL,'2018-01-19 06:53:14','Fail','2018-01-19 06:52:36','CA345f1715f21a066e61003967341d29f2'),(570,120,2,0,'2018-01-19 07:31:43',NULL,'2018-01-19 07:31:45','Fail','2018-01-19 07:31:43','CA0577c1621754285389c1504bfcdce42d'),(571,120,2,0,'2018-01-19 08:52:46',NULL,'2018-01-19 08:52:48','Fail','2018-01-19 08:52:46','CAcc0d862f6368b5a672ee81a837f51d30'),(572,120,2,0,'2018-01-19 08:52:56',NULL,'2018-01-19 08:52:57','Fail','2018-01-19 08:52:56','CA623bde02e95ed3940905a59b8266454a'),(573,120,2,0,'2018-01-19 08:53:46',NULL,'2018-01-19 08:53:47','Fail','2018-01-19 08:53:46','CA02531f36f93c883e5366889a3daecca5'),(574,120,19,0,'2018-01-19 08:54:22',NULL,'2018-01-19 08:54:40','Fail','2018-01-19 08:54:22','CAb1b3c5d53b739a6febab92ead94e95f9'),(575,120,19,0,'2018-01-19 09:03:43',NULL,'2018-01-19 09:03:49','Fail','2018-01-19 09:03:43','CA61a7dff05978ededc520aca984b87f53'),(576,120,2,0,'2018-01-19 09:04:45',NULL,'2018-01-19 09:04:45','Fail','2018-01-19 09:04:45','CA49b2255549ab588bbb616b5e62dd5f77'),(577,120,19,53,'2018-01-19 09:07:07','2018-01-19 09:07:12','2018-01-19 09:08:05','Done','2018-01-19 09:07:07','CA051add23ba4c93663af0c84cbe848482'),(578,120,19,29,'2018-01-19 09:08:41','2018-01-19 09:08:45','2018-01-19 09:09:14','Done','2018-01-19 09:08:41','CA1b09bd11969d83b6593a674ac9dbfe50'),(579,120,19,0,'2018-01-19 09:09:57',NULL,'2018-01-19 09:10:02','Fail','2018-01-19 09:09:57','CA1db94e1c0b95f45fdf61c903153930a5'),(580,120,19,0,'2018-01-19 09:10:14',NULL,'2018-01-19 09:10:16','Fail','2018-01-19 09:10:14','CA1f91e9f48095640f4534c8c8e23a32f5'),(581,120,19,0,'2018-01-19 09:10:27',NULL,'2018-01-19 09:10:30','Fail','2018-01-19 09:10:27','CAd7b3d52416a59dc1c63f6c12963dfb08'),(582,120,19,0,'2018-01-19 09:10:40',NULL,'2018-01-19 09:10:42','Fail','2018-01-19 09:10:40','CAd735d2230c422012cf2a96962597f254'),(583,120,19,0,'2018-01-19 09:10:51',NULL,'2018-01-19 09:10:52','Fail','2018-01-19 09:10:51','CAdcda85b9dbecd580caa69f9aa71a26c6'),(584,120,19,6,'2018-01-19 09:11:59','2018-01-19 09:12:07','2018-01-19 09:12:13','Done','2018-01-19 09:11:59','CA053a9df681d948c0ff7fb5d07ce09a10'),(586,120,19,0,'2018-01-19 11:07:36',NULL,'2018-01-19 11:07:41','Fail','2018-01-19 11:07:36','CA4bb96807c14deb3ae92a428c018ec952'),(587,120,19,0,'2018-01-19 11:08:35',NULL,'2018-01-19 11:08:40','Fail','2018-01-19 11:08:35','CAcb78af705b73585ccfc9712a24899408'),(588,120,19,50,'2018-01-19 11:19:48','2018-01-19 11:19:52','2018-01-19 11:20:42','Done','2018-01-19 11:19:48','CAc9f56bdc0447c758561804f1998e72d6'),(589,120,19,11,'2018-01-19 11:20:55','2018-01-19 11:21:04','2018-01-19 11:21:15','Done','2018-01-19 11:20:55','CA928c80f24b32e5d3337b818855cb2fc0'),(590,120,19,39,'2018-01-19 11:41:36','2018-01-19 11:41:48','2018-01-19 11:42:27','Done','2018-01-19 11:41:36','CAee45a1dcf7de5c865aa1bca9c5a7b5af'),(597,120,19,0,'2018-01-19 14:00:31',NULL,'2018-01-19 14:01:04','Fail','2018-01-19 14:00:31','CA39fdc0681098d3c833703a55f962d470'),(598,120,19,37,'2018-01-19 14:01:59','2018-01-19 14:02:04','2018-01-19 14:02:41','Done','2018-01-19 14:01:59','CA2e113a8a4e1f8270fe4d57ef851bc453'),(599,6,2,0,'2018-01-20 22:27:23',NULL,'2018-01-23 03:29:05','Fail','2018-01-20 22:27:23','CA1929cca2bb6e3ef113ea021de0cb80ee'),(600,120,19,0,'2018-01-22 11:50:49',NULL,'2018-01-22 11:50:58','Fail','2018-01-22 11:50:49','CAaf93b360709c9c69265a63cbe0d94317'),(602,120,19,21,'2018-01-29 06:35:09','2018-01-29 06:35:17','2018-01-29 06:35:38','Done','2018-01-29 06:35:09','CA3743bc5d91378beb9380006ed0c2b2fb'),(603,120,19,13,'2018-01-29 06:51:41','2018-01-29 06:51:49','2018-01-29 06:52:02','Done','2018-01-29 06:51:41','CA5ed301e03a60fca108f0834f7f413e8e'),(604,121,19,33,'2018-01-29 10:28:13','2018-01-29 10:28:18','2018-01-29 10:28:51','Done','2018-01-29 10:28:13','CAb9a76467534b7024ed402e63082399b2'),(605,121,19,0,'2018-01-29 10:29:43',NULL,'2018-01-29 10:29:49','Fail','2018-01-29 10:29:43','CA24aef99a882444ac2d921b42bce9128e'),(606,121,19,0,'2018-01-29 10:29:58',NULL,'2018-01-29 10:30:06','Fail','2018-01-29 10:29:58','CA72a924ea9fb5b958e81c2d09747c62c3'),(607,120,19,0,'2018-02-02 10:46:05',NULL,'2018-02-02 10:46:16','Fail','2018-02-02 10:46:05','CAe04dd9ef7b8273dc3263c54ed91945ec'),(608,120,19,0,'2018-02-02 10:57:37',NULL,'2018-02-02 10:57:45','Fail','2018-02-02 10:57:37','CAc82118039afb6bf5ab28a9d95a49ec4d'),(609,120,19,6,'2018-02-02 10:58:03','2018-02-02 10:58:06','2018-02-02 10:58:12','Done','2018-02-02 10:58:03','CA8ad688dfbc34d8f697da352687972554');
/*!40000 ALTER TABLE `md_call` ENABLE KEYS */;
UNLOCK TABLES;

--
-- Table structure for table `md_chat`
--

DROP TABLE IF EXISTS `md_chat`;
/*!40101 SET @saved_cs_client     = @@character_set_client */;
/*!40101 SET character_set_client = utf8 */;
CREATE TABLE `md_chat` (
  `id` bigint(20) NOT NULL AUTO_INCREMENT,
  `customerId` int(11) NOT NULL DEFAULT '0',
  `readerId` int(11) NOT NULL DEFAULT '0',
  `chatRequestTime` datetime NOT NULL DEFAULT CURRENT_TIMESTAMP,
  `chatAcceptTime` datetime DEFAULT NULL,
  `chatEndTime` datetime DEFAULT NULL,
  `status` enum('Request','Active','Done','Fail') COLLATE utf8mb4_bin NOT NULL,
  `createAt` timestamp NOT NULL DEFAULT CURRENT_TIMESTAMP,
  PRIMARY KEY (`id`),
  KEY `fk_chat_customerId_to_user_id` (`customerId`),
  KEY `fk_chat_readerId_to_user_id` (`readerId`),
  KEY `idx_status` (`status`),
  CONSTRAINT `fk_chat_customerId_to_user_id` FOREIGN KEY (`customerId`) REFERENCES `md_user` (`id`),
  CONSTRAINT `fk_chat_readerId_to_user_id` FOREIGN KEY (`readerId`) REFERENCES `md_user` (`id`)
) ENGINE=InnoDB DEFAULT CHARSET=utf8mb4 COLLATE=utf8mb4_bin;
/*!40101 SET character_set_client = @saved_cs_client */;

--
-- Dumping data for table `md_chat`
--

LOCK TABLES `md_chat` WRITE;
/*!40000 ALTER TABLE `md_chat` DISABLE KEYS */;
/*!40000 ALTER TABLE `md_chat` ENABLE KEYS */;
UNLOCK TABLES;

--
-- Table structure for table `md_file`
--

DROP TABLE IF EXISTS `md_file`;
/*!40101 SET @saved_cs_client     = @@character_set_client */;
/*!40101 SET character_set_client = utf8 */;
CREATE TABLE `md_file` (
  `id` bigint(20) NOT NULL AUTO_INCREMENT,
  `userId` int(11) NOT NULL DEFAULT '0',
  `hashName` varchar(100) COLLATE utf8mb4_bin NOT NULL DEFAULT '',
  `extension` varchar(10) COLLATE utf8mb4_bin NOT NULL DEFAULT '',
  `tableName` enum('User') COLLATE utf8mb4_bin NOT NULL,
  `tableId` int(11) NOT NULL DEFAULT '0',
  `order` int(3) NOT NULL DEFAULT '0',
  `typeFile` enum('image','video') COLLATE utf8mb4_bin NOT NULL,
  `localName` varchar(200) COLLATE utf8mb4_bin NOT NULL DEFAULT '',
  `hashFile` varchar(32) COLLATE utf8mb4_bin NOT NULL DEFAULT '',
  `size` bigint(20) NOT NULL DEFAULT '0',
  `mainCategoryName` enum('logo','attachment') COLLATE utf8mb4_bin NOT NULL,
  `categoryName` enum('original','small','middle','large') COLLATE utf8mb4_bin NOT NULL DEFAULT 'original',
  `url` text COLLATE utf8mb4_bin,
  `width` int(11) NOT NULL DEFAULT '0',
  `height` int(11) NOT NULL DEFAULT '0',
  `length` int(11) NOT NULL DEFAULT '0',
  `status` enum('active','inactive','deleted','uploaded') COLLATE utf8mb4_bin NOT NULL,
  `createAt` timestamp NOT NULL DEFAULT CURRENT_TIMESTAMP,
  PRIMARY KEY (`id`)
) ENGINE=InnoDB AUTO_INCREMENT=455 DEFAULT CHARSET=utf8mb4 COLLATE=utf8mb4_bin;
/*!40101 SET character_set_client = @saved_cs_client */;

--
-- Dumping data for table `md_file`
--

LOCK TABLES `md_file` WRITE;
/*!40000 ALTER TABLE `md_file` DISABLE KEYS */;
INSERT INTO `md_file` VALUES (1,2,'u3wOz2qbzmObTcSxT3bpCj0JVfoeMfGHpxbZVCy67cVTHxWkEOc7cJ67h6zUAplc','jpg','User',2,0,'image','1.jpg','dcfbb77692b6dc47c300e4ab987fe539',489258,'logo','original',NULL,1600,1134,0,'deleted','2017-07-28 17:28:43'),(2,2,'u3wOz2qbzmObTcSxT3bpCj0JVfoeMfGHpxbZVCy67cVTHxWkEOc7cJ67h6zUAplc','jpg','User',2,0,'image','2.jpg','0de8cfeecb6bf5772998692cf4f9c202',6026,'logo','small',NULL,86,60,0,'deleted','2017-07-28 17:28:43'),(3,2,'u3wOz2qbzmObTcSxT3bpCj0JVfoeMfGHpxbZVCy67cVTHxWkEOc7cJ67h6zUAplc','jpg','User',2,0,'image','3.jpg','d5813dced3ceb933693c1eaafa088b26',272344,'logo','middle',NULL,640,453,0,'deleted','2017-07-28 17:28:43'),(4,2,'u3wOz2qbzmObTcSxT3bpCj0JVfoeMfGHpxbZVCy67cVTHxWkEOc7cJ67h6zUAplc','jpg','User',2,0,'image','4.jpg','2d9816ff72afecb42556fc9d194cf370',1862671,'logo','large',NULL,1920,1360,0,'deleted','2017-07-28 17:28:43'),(5,2,'n9TYFsuf885Wc6qE4wdqvAWz6KGtzhInV88b9Pux8FricYxLFSUtvf1YESXJNpdP','jpg','User',2,0,'image','5.jpg','a3df566bde34e1f19ff48a81ac944baa',19971,'logo','original',NULL,620,1102,0,'active','2017-07-28 19:01:53'),(6,2,'n9TYFsuf885Wc6qE4wdqvAWz6KGtzhInV88b9Pux8FricYxLFSUtvf1YESXJNpdP','jpg','User',2,0,'image','6.jpg','be4297c529bcd3c990b9dddd9d8b3050',2031,'logo','small',NULL,48,86,0,'active','2017-07-28 19:01:53'),(7,2,'n9TYFsuf885Wc6qE4wdqvAWz6KGtzhInV88b9Pux8FricYxLFSUtvf1YESXJNpdP','jpg','User',2,0,'image','7.jpg','4bb64629ab93838ecb11c6841b2729e7',28025,'logo','middle',NULL,360,640,0,'active','2017-07-28 19:01:53'),(8,2,'n9TYFsuf885Wc6qE4wdqvAWz6KGtzhInV88b9Pux8FricYxLFSUtvf1YESXJNpdP','jpg','User',2,0,'image','8.jpg','4bb64629ab93838ecb11c6841b2729e7',28025,'logo','large',NULL,360,640,0,'active','2017-07-28 19:01:53'),(9,3,'VgFMfWxvbBMin3WIFTF7aqZJa92ZeAkqTgJT4dLFTSVlIvhFe1j48ZZlwNinDJ5T','jpg','User',3,0,'image','9.jpg','5fa56a4849c975754bf3d6cf695439bd',140153,'logo','original',NULL,900,1600,0,'deleted','2017-07-28 19:41:21'),(10,3,'VgFMfWxvbBMin3WIFTF7aqZJa92ZeAkqTgJT4dLFTSVlIvhFe1j48ZZlwNinDJ5T','jpg','User',3,0,'image','10.jpg','9fbf4d8db6063dfa6b9496726970f537',4363,'logo','small',NULL,48,86,0,'deleted','2017-07-28 19:41:21'),(11,3,'VgFMfWxvbBMin3WIFTF7aqZJa92ZeAkqTgJT4dLFTSVlIvhFe1j48ZZlwNinDJ5T','jpg','User',3,0,'image','11.jpg','c93092e7569e580f8729c2b2b4caa357',111010,'logo','middle',NULL,360,640,0,'deleted','2017-07-28 19:41:21'),(12,3,'VgFMfWxvbBMin3WIFTF7aqZJa92ZeAkqTgJT4dLFTSVlIvhFe1j48ZZlwNinDJ5T','jpg','User',3,0,'image','12.jpg','c93092e7569e580f8729c2b2b4caa357',111010,'logo','large',NULL,360,640,0,'deleted','2017-07-28 19:41:21'),(13,4,'vG9bmFoIFKSXdZIFyglnpx2tmAnadAyoMk8jISwydJV2UvpkEjIlRSZjetJq3Kgo','jpg','User',4,0,'image','13.jpg','bdc8c8daf49233d68e1433aa7f237e1d',560556,'logo','original',NULL,1080,1920,0,'active','2017-07-28 19:44:31'),(14,4,'vG9bmFoIFKSXdZIFyglnpx2tmAnadAyoMk8jISwydJV2UvpkEjIlRSZjetJq3Kgo','jpg','User',4,0,'image','14.jpg','1fa752cd90543168455c1fd42421929b',3244,'logo','small',NULL,48,86,0,'active','2017-07-28 19:44:31'),(15,4,'vG9bmFoIFKSXdZIFyglnpx2tmAnadAyoMk8jISwydJV2UvpkEjIlRSZjetJq3Kgo','jpg','User',4,0,'image','15.jpg','894710003898b482eaae4de0f69d2259',130579,'logo','middle',NULL,360,640,0,'active','2017-07-28 19:44:31'),(16,4,'vG9bmFoIFKSXdZIFyglnpx2tmAnadAyoMk8jISwydJV2UvpkEjIlRSZjetJq3Kgo','jpg','User',4,0,'image','16.jpg','894710003898b482eaae4de0f69d2259',130579,'logo','large',NULL,360,640,0,'active','2017-07-28 19:44:32'),(17,3,'Awv5RMT3fhzRNbsswSb0cYAUCjSsNVkdGvyPoocLGPP3LDbXYylsT8RqPzF57AF2','jpg','User',3,0,'image','17.jpg','dfd6932af0031ddbbf69bc65a246582d',80225,'logo','original',NULL,750,422,0,'deleted','2017-07-28 19:59:03'),(18,3,'Awv5RMT3fhzRNbsswSb0cYAUCjSsNVkdGvyPoocLGPP3LDbXYylsT8RqPzF57AF2','jpg','User',3,0,'image','18.jpg','1b4d644b30955151eede9928d57a3a83',5382,'logo','small',NULL,86,48,0,'deleted','2017-07-28 19:59:03'),(19,3,'Awv5RMT3fhzRNbsswSb0cYAUCjSsNVkdGvyPoocLGPP3LDbXYylsT8RqPzF57AF2','jpg','User',3,0,'image','19.jpg','1cc54990b7ef0d8b96e9d151890f3338',135994,'logo','middle',NULL,640,360,0,'deleted','2017-07-28 19:59:03'),(20,3,'Awv5RMT3fhzRNbsswSb0cYAUCjSsNVkdGvyPoocLGPP3LDbXYylsT8RqPzF57AF2','jpg','User',3,0,'image','20.jpg','d5d7b730638e3c612c102b5751422703',806520,'logo','large',NULL,1920,1080,0,'deleted','2017-07-28 19:59:03'),(21,3,'ymhpqIcDxRIvSIEXWM7m2c3ybVhcpG7OE9YzhOCqxzi22YVhevK0GDziXri97kAY','jpg','User',3,0,'image','21.jpg','3ae433f87204ef373ed6ba6829309106',45044,'logo','original',NULL,500,500,0,'deleted','2017-07-28 20:00:16'),(22,3,'ymhpqIcDxRIvSIEXWM7m2c3ybVhcpG7OE9YzhOCqxzi22YVhevK0GDziXri97kAY','jpg','User',3,0,'image','22.jpg','c478cfd7a70184f54fca78668bacc9c6',9282,'logo','small',NULL,86,86,0,'deleted','2017-07-28 20:00:16'),(23,3,'ymhpqIcDxRIvSIEXWM7m2c3ybVhcpG7OE9YzhOCqxzi22YVhevK0GDziXri97kAY','jpg','User',3,0,'image','23.jpg','ed855e698d78b5513eae867e0d9be124',176406,'logo','middle',NULL,640,640,0,'deleted','2017-07-28 20:00:16'),(24,3,'ymhpqIcDxRIvSIEXWM7m2c3ybVhcpG7OE9YzhOCqxzi22YVhevK0GDziXri97kAY','jpg','User',3,0,'image','24.jpg','ed855e698d78b5513eae867e0d9be124',176406,'logo','large',NULL,640,640,0,'deleted','2017-07-28 20:00:16'),(25,3,'yk0PtrEg8nejrzeO9YFiDWKe7w3EcyrjJPxAxl4KLaF9QKK5awgzLZwE3SE6rRc6','jpg','User',3,0,'image','25.jpg','c743033c251bee7d20575546c1d6075e',970463,'logo','original',NULL,1440,2560,0,'active','2017-07-28 20:03:31'),(26,3,'yk0PtrEg8nejrzeO9YFiDWKe7w3EcyrjJPxAxl4KLaF9QKK5awgzLZwE3SE6rRc6','jpg','User',3,0,'image','26.jpg','7fa2de243e7acd1a3daaf1bb62667fb5',3685,'logo','small',NULL,48,86,0,'active','2017-07-28 20:03:31'),(27,3,'yk0PtrEg8nejrzeO9YFiDWKe7w3EcyrjJPxAxl4KLaF9QKK5awgzLZwE3SE6rRc6','jpg','User',3,0,'image','27.jpg','bf81fdc3785598b7356b5ae2f8b5ff64',216775,'logo','middle',NULL,360,640,0,'active','2017-07-28 20:03:31'),(28,3,'yk0PtrEg8nejrzeO9YFiDWKe7w3EcyrjJPxAxl4KLaF9QKK5awgzLZwE3SE6rRc6','jpg','User',3,0,'image','28.jpg','bf81fdc3785598b7356b5ae2f8b5ff64',216775,'logo','large',NULL,360,640,0,'active','2017-07-28 20:03:31'),(29,8,'sbTjDHnPX3twX5hyScEQMbbcxTuFYoYhAXytZ7ahWuRlbDEM0zTAXjpGhQ3O9bYa','png','User',8,0,'image','29.png','dd0ee7c3ab1e7158bc14af482cb34ec5',502576,'logo','original',NULL,670,552,0,'active','2017-08-29 04:13:54'),(30,8,'sbTjDHnPX3twX5hyScEQMbbcxTuFYoYhAXytZ7ahWuRlbDEM0zTAXjpGhQ3O9bYa','png','User',8,0,'image','30.png','4b44407e1dad3e6b78aa87d2f512b339',7015,'logo','small',NULL,86,70,0,'active','2017-08-29 04:13:54'),(31,8,'sbTjDHnPX3twX5hyScEQMbbcxTuFYoYhAXytZ7ahWuRlbDEM0zTAXjpGhQ3O9bYa','png','User',8,0,'image','31.png','3260f40d4188b694a412f5b4d54a8c3f',145846,'logo','middle',NULL,640,527,0,'active','2017-08-29 04:13:55'),(32,8,'sbTjDHnPX3twX5hyScEQMbbcxTuFYoYhAXytZ7ahWuRlbDEM0zTAXjpGhQ3O9bYa','png','User',8,0,'image','32.png','e05ee9935085a8534d9b44169aa11fc4',978502,'logo','large',NULL,1920,1581,0,'active','2017-08-29 04:13:55'),(33,9,'B0o6O9vJkodJBbNfpFMl09PI8NIzBa9ogZKYQKf10VKJ4Ybriz19U2IJ318IC0sy','jpg','User',9,0,'image','33.jpg','42dc0fc657c87d6c0a63ca43b67de753',415558,'logo','original',NULL,1440,2560,0,'active','2017-08-29 05:16:50'),(34,9,'B0o6O9vJkodJBbNfpFMl09PI8NIzBa9ogZKYQKf10VKJ4Ybriz19U2IJ318IC0sy','jpg','User',9,0,'image','34.jpg','81e99d656cc4cf507fd36ae24e614b90',4718,'logo','small',NULL,48,86,0,'active','2017-08-29 05:16:50'),(35,9,'B0o6O9vJkodJBbNfpFMl09PI8NIzBa9ogZKYQKf10VKJ4Ybriz19U2IJ318IC0sy','jpg','User',9,0,'image','35.jpg','f67be9551b36cfab14a466037a79bbaf',145812,'logo','middle',NULL,360,640,0,'active','2017-08-29 05:16:50'),(36,9,'B0o6O9vJkodJBbNfpFMl09PI8NIzBa9ogZKYQKf10VKJ4Ybriz19U2IJ318IC0sy','jpg','User',9,0,'image','36.jpg','f67be9551b36cfab14a466037a79bbaf',145812,'logo','large',NULL,360,640,0,'active','2017-08-29 05:16:51'),(37,15,'FndUx0lf1M4OnldKSVoc5v3W155aOJMiEA80mzhX3wRmSNjqljRUGnkRsCKuctXx','png','User',15,0,'image','37.png','32c46c1563f3e65634ee7f6f0abfa5af',258209,'logo','original',NULL,521,461,0,'active','2017-09-19 14:43:17'),(38,15,'FndUx0lf1M4OnldKSVoc5v3W155aOJMiEA80mzhX3wRmSNjqljRUGnkRsCKuctXx','png','User',15,0,'image','38.png','feff362d4101e4d9fe67f937d051285b',6707,'logo','small',NULL,86,76,0,'active','2017-09-19 14:43:17'),(39,15,'FndUx0lf1M4OnldKSVoc5v3W155aOJMiEA80mzhX3wRmSNjqljRUGnkRsCKuctXx','png','User',15,0,'image','39.png','9e84f0555b9076eeda06e49ecfce116f',162928,'logo','middle',NULL,640,566,0,'active','2017-09-19 14:43:17'),(40,15,'FndUx0lf1M4OnldKSVoc5v3W155aOJMiEA80mzhX3wRmSNjqljRUGnkRsCKuctXx','png','User',15,0,'image','40.png','d9ea6d8d3cd0ff2d99693dc16b94c251',954717,'logo','large',NULL,1920,1698,0,'active','2017-09-19 14:43:17'),(41,19,'TgXBu2lLYWIY0pRASqurmBhSbih5M6BDussdSwlM3hpGRYgmyM9DefjJNe9tVeHC','png','User',19,0,'image','41.png','6fa2f06790b321e958ac6ca4cf328171',5283,'logo','original',NULL,92,32,0,'deleted','2017-11-13 13:57:31'),(42,19,'TgXBu2lLYWIY0pRASqurmBhSbih5M6BDussdSwlM3hpGRYgmyM9DefjJNe9tVeHC','png','User',19,0,'image','42.png','755b839ee15bac9122a7af21fa55b0b8',3996,'logo','small',NULL,86,29,0,'deleted','2017-11-13 13:57:31'),(43,19,'TgXBu2lLYWIY0pRASqurmBhSbih5M6BDussdSwlM3hpGRYgmyM9DefjJNe9tVeHC','png','User',19,0,'image','43.png','632e64bbef4e8b14a8a6171d5d120ae0',68153,'logo','middle',NULL,640,222,0,'deleted','2017-11-13 13:57:31'),(44,19,'TgXBu2lLYWIY0pRASqurmBhSbih5M6BDussdSwlM3hpGRYgmyM9DefjJNe9tVeHC','png','User',19,0,'image','44.png','f53b9f489ed2a634d2ae3b262b5f42c9',270763,'logo','large',NULL,1920,667,0,'deleted','2017-11-13 13:57:31'),(45,63,'Q7YK8CfhhS1wsqFhqLtlLEDw9a5EF5696AnGFUd2vlSw3TsUXbTxxD9kYRbr858F','jpg','User',63,0,'image','45.jpg','375877f15046b6683bb44003dd944bc5',87438,'logo','original',NULL,399,480,0,'deleted','2017-11-29 01:11:23'),(46,63,'Q7YK8CfhhS1wsqFhqLtlLEDw9a5EF5696AnGFUd2vlSw3TsUXbTxxD9kYRbr858F','jpg','User',63,0,'image','46.jpg','29d3cdd2b64798bdfc401e78e1321c88',7965,'logo','small',NULL,71,86,0,'deleted','2017-11-29 01:11:23'),(47,63,'Q7YK8CfhhS1wsqFhqLtlLEDw9a5EF5696AnGFUd2vlSw3TsUXbTxxD9kYRbr858F','jpg','User',63,0,'image','47.jpg','007e6fd3cdbf6ef2705a37c3a1661371',183432,'logo','middle',NULL,532,640,0,'deleted','2017-11-29 01:11:24'),(48,63,'Q7YK8CfhhS1wsqFhqLtlLEDw9a5EF5696AnGFUd2vlSw3TsUXbTxxD9kYRbr858F','jpg','User',63,0,'image','48.jpg','007e6fd3cdbf6ef2705a37c3a1661371',183432,'logo','large',NULL,532,640,0,'deleted','2017-11-29 01:11:24'),(49,63,'Ftgk1tu9Tuh9eDDRHElQa8izZHOniJWymj90Rn1fNbKxr0T91WsVXZTiN0kGbjtf','jpg','User',63,0,'image','49.jpg','e55c20ba36d386ed399530ef6c164d06',59700,'logo','original',NULL,386,386,0,'active','2017-11-29 01:31:07'),(50,63,'Ftgk1tu9Tuh9eDDRHElQa8izZHOniJWymj90Rn1fNbKxr0T91WsVXZTiN0kGbjtf','jpg','User',63,0,'image','50.jpg','e241924c15c0495ff5e7f885ca5f5d63',9067,'logo','small',NULL,86,86,0,'active','2017-11-29 01:31:07'),(51,63,'Ftgk1tu9Tuh9eDDRHElQa8izZHOniJWymj90Rn1fNbKxr0T91WsVXZTiN0kGbjtf','jpg','User',63,0,'image','51.jpg','327262fcbe075476d32b7366e900e831',245411,'logo','middle',NULL,640,640,0,'active','2017-11-29 01:31:07'),(52,63,'Ftgk1tu9Tuh9eDDRHElQa8izZHOniJWymj90Rn1fNbKxr0T91WsVXZTiN0kGbjtf','jpg','User',63,0,'image','52.jpg','327262fcbe075476d32b7366e900e831',245411,'logo','large',NULL,640,640,0,'active','2017-11-29 01:31:07'),(53,64,'WvISk2W7YODjKdBqQObFrHrkmFo9nvzZIou0YbmPG7CLPvdQcAohkHVJOGFytGXO','jpg','User',64,0,'image','53.jpg','23d29ad388eb94207e8106b4cb9a786a',140504,'logo','original',NULL,640,640,0,'deleted','2017-11-29 01:41:17'),(54,64,'WvISk2W7YODjKdBqQObFrHrkmFo9nvzZIou0YbmPG7CLPvdQcAohkHVJOGFytGXO','jpg','User',64,0,'image','54.jpg','c489ac241605a5d9634de32bf54caf90',10000,'logo','small',NULL,86,86,0,'deleted','2017-11-29 01:41:17'),(55,64,'WvISk2W7YODjKdBqQObFrHrkmFo9nvzZIou0YbmPG7CLPvdQcAohkHVJOGFytGXO','jpg','User',64,0,'image','55.jpg','c44a06fa8d2f3df1a82be492589f597e',227927,'logo','middle',NULL,640,640,0,'deleted','2017-11-29 01:41:17'),(56,64,'WvISk2W7YODjKdBqQObFrHrkmFo9nvzZIou0YbmPG7CLPvdQcAohkHVJOGFytGXO','jpg','User',64,0,'image','56.jpg','c44a06fa8d2f3df1a82be492589f597e',227927,'logo','large',NULL,640,640,0,'deleted','2017-11-29 01:41:17'),(57,19,'NAqC4705AsmRY3PVqlyOqQArgeXiN9CH3Ha3hLdy9sSJrM8twERbAfVWYOT0sKM4','','User',19,0,'image','','',0,'logo','original',NULL,0,0,0,'deleted','2017-12-04 10:03:56'),(58,19,'BC7pKtCO0MZGFMpROxVu7PBBUmqqHqN5C6EKaPb2sQT6o1XmebZwvMHvEESONYTT','jpg','User',19,0,'image','58.jpg','9fe9f4f209066bd9d3d7bd4a1b36cf57',105950,'logo','original',NULL,1024,683,0,'deleted','2017-12-04 11:05:50'),(59,19,'BC7pKtCO0MZGFMpROxVu7PBBUmqqHqN5C6EKaPb2sQT6o1XmebZwvMHvEESONYTT','jpg','User',19,0,'image','59.jpg','3cfa54a8226ea6e7ea8709b75a51a90c',5806,'logo','small',NULL,86,57,0,'deleted','2017-12-04 11:05:50'),(60,19,'BC7pKtCO0MZGFMpROxVu7PBBUmqqHqN5C6EKaPb2sQT6o1XmebZwvMHvEESONYTT','jpg','User',19,0,'image','60.jpg','65b0354bb9a3c08f2c78540bd2170eb7',171211,'logo','middle',NULL,640,426,0,'deleted','2017-12-04 11:05:50'),(61,19,'BC7pKtCO0MZGFMpROxVu7PBBUmqqHqN5C6EKaPb2sQT6o1XmebZwvMHvEESONYTT','jpg','User',19,0,'image','61.jpg','4dc09edd76e27013ca4b27860e3f7c3b',1045223,'logo','large',NULL,1920,1280,0,'deleted','2017-12-04 11:05:50'),(70,19,'7QWOww2ckgd7aJiqrbhXbf44ik5ZvpjLkTrOBX62eEU3rXumCWntLKw0vdqL3jnN','png','User',19,0,'image','70.png','6fa2f06790b321e958ac6ca4cf328171',5283,'logo','original',NULL,92,32,0,'deleted','2017-12-08 11:29:33'),(71,19,'7QWOww2ckgd7aJiqrbhXbf44ik5ZvpjLkTrOBX62eEU3rXumCWntLKw0vdqL3jnN','png','User',19,0,'image','71.png','755b839ee15bac9122a7af21fa55b0b8',3996,'logo','small',NULL,86,29,0,'deleted','2017-12-08 11:29:33'),(72,19,'7QWOww2ckgd7aJiqrbhXbf44ik5ZvpjLkTrOBX62eEU3rXumCWntLKw0vdqL3jnN','png','User',19,0,'image','72.png','632e64bbef4e8b14a8a6171d5d120ae0',68153,'logo','middle',NULL,640,222,0,'deleted','2017-12-08 11:29:33'),(73,19,'7QWOww2ckgd7aJiqrbhXbf44ik5ZvpjLkTrOBX62eEU3rXumCWntLKw0vdqL3jnN','png','User',19,0,'image','73.png','f53b9f489ed2a634d2ae3b262b5f42c9',270763,'logo','large',NULL,1920,667,0,'deleted','2017-12-08 11:29:33'),(275,19,'hliFRo66decLeeBlJJH9OdH5nM0isafQ5EYWPBM0TCFStZCMPKxYSnmz4Sott80m','jpg','User',19,0,'image','275.jpg','4bb64629ab93838ecb11c6841b2729e7',28025,'logo','original',NULL,360,640,0,'active','2017-12-28 13:40:53'),(276,19,'hliFRo66decLeeBlJJH9OdH5nM0isafQ5EYWPBM0TCFStZCMPKxYSnmz4Sott80m','jpg','User',19,0,'image','276.jpg','35af754c76ae3cc546ec001c3fbb651c',2028,'logo','small',NULL,48,86,0,'active','2017-12-28 13:40:53'),(277,19,'hliFRo66decLeeBlJJH9OdH5nM0isafQ5EYWPBM0TCFStZCMPKxYSnmz4Sott80m','jpg','User',19,0,'image','277.jpg','31a78435d49bcf338cbecc838ebd7d6b',28181,'logo','middle',NULL,360,640,0,'active','2017-12-28 13:40:53'),(278,19,'hliFRo66decLeeBlJJH9OdH5nM0isafQ5EYWPBM0TCFStZCMPKxYSnmz4Sott80m','jpg','User',19,0,'image','278.jpg','31a78435d49bcf338cbecc838ebd7d6b',28181,'logo','large',NULL,360,640,0,'active','2017-12-28 13:40:53'),(283,120,'U5atzP0RWc2CtO1jYGeeJFR6EmneS06xUofZbjLeq7lS7MZLLRSyHGnyetrpOYz6','jpeg','User',120,0,'image','283.jpeg','0ec3330cc6e60a52f679b1897cc07297',37929,'logo','original',NULL,130,175,0,'deleted','2018-01-02 08:47:36'),(284,120,'U5atzP0RWc2CtO1jYGeeJFR6EmneS06xUofZbjLeq7lS7MZLLRSyHGnyetrpOYz6','jpeg','User',120,0,'image','284.jpeg','8ef50cfdc68220a97aaa7ca26fc510d6',5834,'logo','small',NULL,63,86,0,'deleted','2018-01-02 08:47:36'),(285,120,'U5atzP0RWc2CtO1jYGeeJFR6EmneS06xUofZbjLeq7lS7MZLLRSyHGnyetrpOYz6','jpeg','User',120,0,'image','285.jpeg','74b126e367510d47b5f32592e8412198',155644,'logo','middle',NULL,475,640,0,'deleted','2018-01-02 08:47:36'),(286,120,'U5atzP0RWc2CtO1jYGeeJFR6EmneS06xUofZbjLeq7lS7MZLLRSyHGnyetrpOYz6','jpeg','User',120,0,'image','286.jpeg','74b126e367510d47b5f32592e8412198',155644,'logo','large',NULL,475,640,0,'deleted','2018-01-02 08:47:36'),(287,120,'i4IfpCQRsE6k9F2AjGuFw0Mw8Odmq4jbPh9JMAZbfeMg5jnA9oSmLmDo4XjaSRCY','jpeg','User',120,0,'image','287.jpeg','2b337b67ebfd8b30f5fa855a08a713ab',35297,'logo','original',NULL,130,175,0,'active','2018-01-02 10:42:02'),(288,120,'i4IfpCQRsE6k9F2AjGuFw0Mw8Odmq4jbPh9JMAZbfeMg5jnA9oSmLmDo4XjaSRCY','jpeg','User',120,0,'image','288.jpeg','84dbed985c8780a8376c66d9ac972d02',5385,'logo','small',NULL,63,86,0,'active','2018-01-02 10:42:02'),(289,120,'i4IfpCQRsE6k9F2AjGuFw0Mw8Odmq4jbPh9JMAZbfeMg5jnA9oSmLmDo4XjaSRCY','jpeg','User',120,0,'image','289.jpeg','898dd7e096b8eecc10816afb3e0b9859',140744,'logo','middle',NULL,475,640,0,'active','2018-01-02 10:42:02'),(290,120,'i4IfpCQRsE6k9F2AjGuFw0Mw8Odmq4jbPh9JMAZbfeMg5jnA9oSmLmDo4XjaSRCY','jpeg','User',120,0,'image','290.jpeg','898dd7e096b8eecc10816afb3e0b9859',140744,'logo','large',NULL,475,640,0,'active','2018-01-02 10:42:02'),(291,121,'Dns9X9x45HLck71KecdVavGQ4IUHzBKWjfAly7zSdJNcsaXAFVrLDy7cszZcFems','jpeg','User',121,0,'image','291.jpeg','8ec785de7a4298b4f55d0eb7b934dba9',216089,'logo','original',NULL,400,400,0,'deleted','2018-01-02 11:33:27'),(292,121,'Dns9X9x45HLck71KecdVavGQ4IUHzBKWjfAly7zSdJNcsaXAFVrLDy7cszZcFems','jpeg','User',121,0,'image','292.jpeg','0bad3363b18ffb11ce45880f6c9d6857',10077,'logo','small',NULL,86,86,0,'deleted','2018-01-02 11:33:27'),(293,121,'Dns9X9x45HLck71KecdVavGQ4IUHzBKWjfAly7zSdJNcsaXAFVrLDy7cszZcFems','jpeg','User',121,0,'image','293.jpeg','1d8f18586b9a15b8540e56a7fb2d079f',224994,'logo','middle',NULL,640,640,0,'deleted','2018-01-02 11:33:27'),(294,121,'Dns9X9x45HLck71KecdVavGQ4IUHzBKWjfAly7zSdJNcsaXAFVrLDy7cszZcFems','jpeg','User',121,0,'image','294.jpeg','1d8f18586b9a15b8540e56a7fb2d079f',224994,'logo','large',NULL,640,640,0,'deleted','2018-01-02 11:33:27'),(295,121,'18LdwKAjZTC6YjPV4UxXaMo5x7Cb4FhgWiFB2s3zvwUzDbxuyr41mAvv4dxDVV7H','jpeg','User',121,0,'image','295.jpeg','5c8900fbaa6382ed431c12f96d83c934',26224,'logo','original',NULL,130,175,0,'active','2018-01-02 12:22:47'),(296,121,'18LdwKAjZTC6YjPV4UxXaMo5x7Cb4FhgWiFB2s3zvwUzDbxuyr41mAvv4dxDVV7H','jpeg','User',121,0,'image','296.jpeg','5b21a23b5ee639a7003df2acbd64fd4c',5808,'logo','small',NULL,63,86,0,'active','2018-01-02 12:22:47'),(297,121,'18LdwKAjZTC6YjPV4UxXaMo5x7Cb4FhgWiFB2s3zvwUzDbxuyr41mAvv4dxDVV7H','jpeg','User',121,0,'image','297.jpeg','0e08cc55001658083380ae44092e52d7',116830,'logo','middle',NULL,475,640,0,'active','2018-01-02 12:22:47'),(298,121,'18LdwKAjZTC6YjPV4UxXaMo5x7Cb4FhgWiFB2s3zvwUzDbxuyr41mAvv4dxDVV7H','jpeg','User',121,0,'image','298.jpeg','0e08cc55001658083380ae44092e52d7',116830,'logo','large',NULL,475,640,0,'active','2018-01-02 12:22:47'),(299,124,'hLzHbbHepCcqtGGgDKqKzdzqIyyVC7vzdbpZc7O2LysqEVFIHys8yPlpckQr3Igv','jpeg','User',124,0,'image','299.jpeg','9adf3d751b458af80d11591adbb7d492',4990,'logo','original',NULL,160,120,0,'active','2018-01-10 11:09:53'),(300,124,'hLzHbbHepCcqtGGgDKqKzdzqIyyVC7vzdbpZc7O2LysqEVFIHys8yPlpckQr3Igv','jpeg','User',124,0,'image','300.jpeg','22cf9ad27c46e774bf0401296c98859f',5849,'logo','small',NULL,86,64,0,'active','2018-01-10 11:09:53'),(301,124,'hLzHbbHepCcqtGGgDKqKzdzqIyyVC7vzdbpZc7O2LysqEVFIHys8yPlpckQr3Igv','jpeg','User',124,0,'image','301.jpeg','823788cdbaeb873aedc224ed76344a47',56738,'logo','middle',NULL,640,480,0,'active','2018-01-10 11:09:53'),(302,124,'hLzHbbHepCcqtGGgDKqKzdzqIyyVC7vzdbpZc7O2LysqEVFIHys8yPlpckQr3Igv','jpeg','User',124,0,'image','302.jpeg','c5ecec5cf3af860de814b2fcb1af8657',287254,'logo','large',NULL,1920,1440,0,'active','2018-01-10 11:09:53'),(303,125,'HFo9evFrPLMFdGxdHxbgW3MF6SS8QqBc0KUMN3FrngyZYUMavUgBjFsom9J37ris','jpeg','User',125,0,'image','303.jpeg','9adf3d751b458af80d11591adbb7d492',4990,'logo','original',NULL,160,120,0,'active','2018-01-10 11:12:12'),(304,125,'HFo9evFrPLMFdGxdHxbgW3MF6SS8QqBc0KUMN3FrngyZYUMavUgBjFsom9J37ris','jpeg','User',125,0,'image','304.jpeg','22cf9ad27c46e774bf0401296c98859f',5849,'logo','small',NULL,86,64,0,'active','2018-01-10 11:12:12'),(305,125,'HFo9evFrPLMFdGxdHxbgW3MF6SS8QqBc0KUMN3FrngyZYUMavUgBjFsom9J37ris','jpeg','User',125,0,'image','305.jpeg','823788cdbaeb873aedc224ed76344a47',56738,'logo','middle',NULL,640,480,0,'active','2018-01-10 11:12:12'),(306,125,'HFo9evFrPLMFdGxdHxbgW3MF6SS8QqBc0KUMN3FrngyZYUMavUgBjFsom9J37ris','jpeg','User',125,0,'image','306.jpeg','c5ecec5cf3af860de814b2fcb1af8657',287254,'logo','large',NULL,1920,1440,0,'active','2018-01-10 11:12:12'),(308,140,'P3X9OXPfylMIZ8rbnk0qFri8gcNkFXF1WyQkJ7Aw2oQ8K02MfAb13AbFIAvP9fQb','png','User',140,0,'image','308.png','76ae1e9a67b4f282dc3a59240ff92df5',4801,'logo','small',NULL,85,47,0,'active','2018-01-17 07:25:18'),(309,140,'P3X9OXPfylMIZ8rbnk0qFri8gcNkFXF1WyQkJ7Aw2oQ8K02MfAb13AbFIAvP9fQb','png','User',140,0,'image','309.png','2585d2ae13ea6c2250084e808a3b2ceb',124459,'logo','middle',NULL,640,351,0,'active','2018-01-17 07:25:18'),(310,140,'P3X9OXPfylMIZ8rbnk0qFri8gcNkFXF1WyQkJ7Aw2oQ8K02MfAb13AbFIAvP9fQb','png','User',140,0,'image','310.png','595130e79596679711d6c4fe20705ce6',679207,'logo','large',NULL,1920,1055,0,'active','2018-01-17 07:25:18'),(311,171,'39mof9PsOuALAZ5K04YusLUES5P23l1jjATV2K3bnsTfbXnT7H8ubcYyBDeAo4oM','jpeg','User',171,0,'image','311.jpeg','975ed396e3700f3604d0844e1b080247',20257,'logo','original',NULL,748,750,0,'active','2018-01-29 09:38:15'),(312,171,'39mof9PsOuALAZ5K04YusLUES5P23l1jjATV2K3bnsTfbXnT7H8ubcYyBDeAo4oM','jpeg','User',171,0,'image','312.jpeg','81e5d82253befb4945d4d9aae1dff0b9',7700,'logo','small',NULL,85,86,0,'active','2018-01-29 09:38:15'),(313,171,'39mof9PsOuALAZ5K04YusLUES5P23l1jjATV2K3bnsTfbXnT7H8ubcYyBDeAo4oM','jpeg','User',171,0,'image','313.jpeg','0df320a6a85e2fc917151bcea9ed750f',175825,'logo','middle',NULL,638,640,0,'active','2018-01-29 09:38:15'),(314,171,'39mof9PsOuALAZ5K04YusLUES5P23l1jjATV2K3bnsTfbXnT7H8ubcYyBDeAo4oM','jpeg','User',171,0,'image','314.jpeg','0df320a6a85e2fc917151bcea9ed750f',175825,'logo','large',NULL,638,640,0,'active','2018-01-29 09:38:15'),(315,172,'F25kI8ip1vSyEcQUWjZIyM7PRBJxvcZKsRZF4EmtCpEDVjznFEILOZwLNReIOihe','jpeg','User',172,0,'image','315.jpeg','d558e24a00a238addda70735b85ad84f',53487,'logo','original',NULL,200,200,0,'active','2018-01-29 10:45:52'),(316,172,'F25kI8ip1vSyEcQUWjZIyM7PRBJxvcZKsRZF4EmtCpEDVjznFEILOZwLNReIOihe','jpeg','User',172,0,'image','316.jpeg','551ce5236ebe2021bdc0232a7c54c504',8191,'logo','small',NULL,86,86,0,'active','2018-01-29 10:45:52'),(317,172,'F25kI8ip1vSyEcQUWjZIyM7PRBJxvcZKsRZF4EmtCpEDVjznFEILOZwLNReIOihe','jpeg','User',172,0,'image','317.jpeg','cb15c362f20e80642047efc241772102',159287,'logo','middle',NULL,640,640,0,'active','2018-01-29 10:45:52'),(318,172,'F25kI8ip1vSyEcQUWjZIyM7PRBJxvcZKsRZF4EmtCpEDVjznFEILOZwLNReIOihe','jpeg','User',172,0,'image','318.jpeg','cb15c362f20e80642047efc241772102',159287,'logo','large',NULL,640,640,0,'active','2018-01-29 10:45:52'),(319,166,'26vA8qMyTK8Qr7TDIrxuZAVe9WHmEMXM5iXmBCHwbXV4QX0V5PSzSKrppvwZhBqv','png','User',166,0,'image','319.png','97b96612384d6a9ae33e935df109ca57',866677,'logo','original',NULL,800,800,0,'active','2018-01-31 19:13:23'),(320,166,'26vA8qMyTK8Qr7TDIrxuZAVe9WHmEMXM5iXmBCHwbXV4QX0V5PSzSKrppvwZhBqv','png','User',166,0,'image','320.png','51ad29cf28396deb241bc32d1ddf8d3f',9246,'logo','small',NULL,86,86,0,'active','2018-01-31 19:13:23'),(321,166,'26vA8qMyTK8Qr7TDIrxuZAVe9WHmEMXM5iXmBCHwbXV4QX0V5PSzSKrppvwZhBqv','png','User',166,0,'image','321.png','a1494a24c703b8baa8405731b44a59a8',250051,'logo','middle',NULL,640,640,0,'active','2018-01-31 19:13:23'),(322,166,'26vA8qMyTK8Qr7TDIrxuZAVe9WHmEMXM5iXmBCHwbXV4QX0V5PSzSKrppvwZhBqv','png','User',166,0,'image','322.png','a1494a24c703b8baa8405731b44a59a8',250051,'logo','large',NULL,640,640,0,'active','2018-01-31 19:13:23'),(323,155,'QS5d2JJutRGYTnVrG58VSuuyYHZr6mDGpVbGr7yB9MosswC5mIXCiYFR5yu1Hh6N','png','User',155,0,'image','323.png','b104296b0c0a592c7c3cf378b20d77c2',103424,'logo','original',NULL,258,258,0,'active','2018-01-31 20:13:43'),(324,155,'QS5d2JJutRGYTnVrG58VSuuyYHZr6mDGpVbGr7yB9MosswC5mIXCiYFR5yu1Hh6N','png','User',155,0,'image','324.png','7595c3d5d7807b16e77b07b6e7c85b76',9530,'logo','small',NULL,86,86,0,'active','2018-01-31 20:13:43'),(325,155,'QS5d2JJutRGYTnVrG58VSuuyYHZr6mDGpVbGr7yB9MosswC5mIXCiYFR5yu1Hh6N','png','User',155,0,'image','325.png','40876e8fd22f8dbb0b0e867f3ed10173',210700,'logo','middle',NULL,640,640,0,'active','2018-01-31 20:13:43'),(326,155,'QS5d2JJutRGYTnVrG58VSuuyYHZr6mDGpVbGr7yB9MosswC5mIXCiYFR5yu1Hh6N','png','User',155,0,'image','326.png','40876e8fd22f8dbb0b0e867f3ed10173',210700,'logo','large',NULL,640,640,0,'active','2018-01-31 20:13:43'),(327,152,'kpKLfYIB5un7hXsRwXqSNNNEUOI0ITgvkMcdusC8TkhAJFToixXLDTFlTnoT7A9r','png','User',152,0,'image','327.png','4a68574dd4633b08a910067678cbe270',345002,'logo','original',NULL,562,562,0,'active','2018-01-31 20:15:11'),(328,152,'kpKLfYIB5un7hXsRwXqSNNNEUOI0ITgvkMcdusC8TkhAJFToixXLDTFlTnoT7A9r','png','User',152,0,'image','328.png','9bdf3ba5f78aa05af03bb6f1636f7389',8800,'logo','small',NULL,86,86,0,'active','2018-01-31 20:15:11'),(329,152,'kpKLfYIB5un7hXsRwXqSNNNEUOI0ITgvkMcdusC8TkhAJFToixXLDTFlTnoT7A9r','png','User',152,0,'image','329.png','7d559524f526bd80c49c27378f7b311e',227765,'logo','middle',NULL,640,640,0,'active','2018-01-31 20:15:11'),(330,152,'kpKLfYIB5un7hXsRwXqSNNNEUOI0ITgvkMcdusC8TkhAJFToixXLDTFlTnoT7A9r','png','User',152,0,'image','330.png','7d559524f526bd80c49c27378f7b311e',227765,'logo','large',NULL,640,640,0,'active','2018-01-31 20:15:11'),(331,146,'PgmA0uAtNUziMh3T6FqtkEsCS78hnoTJUJ0tphS17HXybbKakrb749XBGWjuMo72','png','User',146,0,'image','331.png','c43641fb949ec120675a4e45686cb3e6',23762,'logo','original',NULL,117,117,0,'active','2018-01-31 20:17:53'),(332,146,'PgmA0uAtNUziMh3T6FqtkEsCS78hnoTJUJ0tphS17HXybbKakrb749XBGWjuMo72','png','User',146,0,'image','332.png','e68fdf62699d747a11a700006c6292f4',7847,'logo','small',NULL,86,86,0,'active','2018-01-31 20:17:53'),(333,146,'PgmA0uAtNUziMh3T6FqtkEsCS78hnoTJUJ0tphS17HXybbKakrb749XBGWjuMo72','png','User',146,0,'image','333.png','7740f346ae1c52c141508c40410bbcb7',171033,'logo','middle',NULL,640,640,0,'active','2018-01-31 20:17:53'),(334,146,'PgmA0uAtNUziMh3T6FqtkEsCS78hnoTJUJ0tphS17HXybbKakrb749XBGWjuMo72','png','User',146,0,'image','334.png','7740f346ae1c52c141508c40410bbcb7',171033,'logo','large',NULL,640,640,0,'active','2018-01-31 20:17:53'),(335,147,'LeP8mObBIlYQk2bnkvrmUnCtu8joDUAbxxBgUs9oQWq1k9EqPMSf8obi9Xfp0RO4','png','User',147,0,'image','335.png','e407bbb9521fddde2912a3ddc29a2c10',327847,'logo','original',NULL,480,480,0,'active','2018-01-31 20:22:41'),(336,147,'LeP8mObBIlYQk2bnkvrmUnCtu8joDUAbxxBgUs9oQWq1k9EqPMSf8obi9Xfp0RO4','png','User',147,0,'image','336.png','572c661eb286e8c8658b0da09f27b0c5',9031,'logo','small',NULL,86,86,0,'active','2018-01-31 20:22:41'),(337,147,'LeP8mObBIlYQk2bnkvrmUnCtu8joDUAbxxBgUs9oQWq1k9EqPMSf8obi9Xfp0RO4','png','User',147,0,'image','337.png','873b095634c1669698a226e0aca3470f',243640,'logo','middle',NULL,640,640,0,'active','2018-01-31 20:22:41'),(338,147,'LeP8mObBIlYQk2bnkvrmUnCtu8joDUAbxxBgUs9oQWq1k9EqPMSf8obi9Xfp0RO4','png','User',147,0,'image','338.png','873b095634c1669698a226e0aca3470f',243640,'logo','large',NULL,640,640,0,'active','2018-01-31 20:22:41'),(339,161,'4xywShZrbgwsOnloaTiqeVAhD38fbSJAp4PP5bQjiLyj68d0OyI3jfTvhJyFR4WP','png','User',161,0,'image','339.png','60e250a6d429c20ef2660ad6c4c776a1',33938,'logo','original',NULL,139,139,0,'active','2018-01-31 21:49:46'),(340,161,'4xywShZrbgwsOnloaTiqeVAhD38fbSJAp4PP5bQjiLyj68d0OyI3jfTvhJyFR4WP','png','User',161,0,'image','340.png','06e447d83c7e37be10ff7fb82f3664ad',8783,'logo','small',NULL,86,86,0,'active','2018-01-31 21:49:46'),(341,161,'4xywShZrbgwsOnloaTiqeVAhD38fbSJAp4PP5bQjiLyj68d0OyI3jfTvhJyFR4WP','png','User',161,0,'image','341.png','353c3dfeb26e31d63c1a9877a9717447',206499,'logo','middle',NULL,640,640,0,'active','2018-01-31 21:49:46'),(342,161,'4xywShZrbgwsOnloaTiqeVAhD38fbSJAp4PP5bQjiLyj68d0OyI3jfTvhJyFR4WP','png','User',161,0,'image','342.png','353c3dfeb26e31d63c1a9877a9717447',206499,'logo','large',NULL,640,640,0,'active','2018-01-31 21:49:46'),(343,153,'yGNXYhouVJeHowMB7JD06L04zz479FmrN5mwNNLjgO0aLkYQ06JePa8FFCurF87w','png','User',153,0,'image','343.png','4b257f36536d74d46af8345ea053ab4a',673626,'logo','original',NULL,749,749,0,'active','2018-01-31 21:56:28'),(344,153,'yGNXYhouVJeHowMB7JD06L04zz479FmrN5mwNNLjgO0aLkYQ06JePa8FFCurF87w','png','User',153,0,'image','344.png','cd4b695cc1e8e6e1cc4e6f138fe15bce',8451,'logo','small',NULL,86,86,0,'active','2018-01-31 21:56:28'),(345,153,'yGNXYhouVJeHowMB7JD06L04zz479FmrN5mwNNLjgO0aLkYQ06JePa8FFCurF87w','png','User',153,0,'image','345.png','80061b23c46f087064213482e41082a5',254996,'logo','middle',NULL,640,640,0,'active','2018-01-31 21:56:28'),(346,153,'yGNXYhouVJeHowMB7JD06L04zz479FmrN5mwNNLjgO0aLkYQ06JePa8FFCurF87w','png','User',153,0,'image','346.png','80061b23c46f087064213482e41082a5',254996,'logo','large',NULL,640,640,0,'active','2018-01-31 21:56:28'),(347,126,'rHlK8bBbGODuovKOUhMQhORlsvbx5SEAuOqFF3L3SjrMjW97nXVQ2BaMk1m708vf','png','User',126,0,'image','347.png','92655072083fd8bfd5294be3cdab12ef',161881,'logo','original',NULL,379,379,0,'active','2018-02-01 01:58:22'),(348,126,'rHlK8bBbGODuovKOUhMQhORlsvbx5SEAuOqFF3L3SjrMjW97nXVQ2BaMk1m708vf','png','User',126,0,'image','348.png','a411f9c35dda66c2ec31133488710995',8225,'logo','small',NULL,86,86,0,'active','2018-02-01 01:58:22'),(349,126,'rHlK8bBbGODuovKOUhMQhORlsvbx5SEAuOqFF3L3SjrMjW97nXVQ2BaMk1m708vf','png','User',126,0,'image','349.png','d17877edd875fa077ecacb908e25e6a6',200020,'logo','middle',NULL,640,640,0,'active','2018-02-01 01:58:23'),(350,126,'rHlK8bBbGODuovKOUhMQhORlsvbx5SEAuOqFF3L3SjrMjW97nXVQ2BaMk1m708vf','png','User',126,0,'image','350.png','d17877edd875fa077ecacb908e25e6a6',200020,'logo','large',NULL,640,640,0,'active','2018-02-01 01:58:23'),(351,62,'h3bE0UEJhAb2BN8mtfv0KkIBwEpYAdtG276S5z3TVzqfCrC1cw4HG7jTz9XyhfGv','png','User',62,0,'image','351.png','cf6b5138b8fb7a5ea8ed7de6839a23b6',146208,'logo','original',NULL,336,336,0,'active','2018-02-01 01:59:53'),(352,62,'h3bE0UEJhAb2BN8mtfv0KkIBwEpYAdtG276S5z3TVzqfCrC1cw4HG7jTz9XyhfGv','png','User',62,0,'image','352.png','3a22dcd31a75d0a37846ca23e688d6b0',8400,'logo','small',NULL,86,86,0,'active','2018-02-01 01:59:53'),(353,62,'h3bE0UEJhAb2BN8mtfv0KkIBwEpYAdtG276S5z3TVzqfCrC1cw4HG7jTz9XyhfGv','png','User',62,0,'image','353.png','cb8f25633218670792ef76fc5f13515f',214745,'logo','middle',NULL,640,640,0,'active','2018-02-01 01:59:53'),(354,62,'h3bE0UEJhAb2BN8mtfv0KkIBwEpYAdtG276S5z3TVzqfCrC1cw4HG7jTz9XyhfGv','png','User',62,0,'image','354.png','cb8f25633218670792ef76fc5f13515f',214745,'logo','large',NULL,640,640,0,'active','2018-02-01 01:59:53'),(355,64,'xstSzy8MbBXkFddnSZJxb9qYo1LWvpNRkHemH8oVdssh1KokfXm9aFvYLmbaJSta','png','User',64,0,'image','355.png','194db4121474c1c4b039ac9482fc93ff',79212,'logo','original',NULL,219,219,0,'active','2018-02-01 02:01:15'),(356,64,'xstSzy8MbBXkFddnSZJxb9qYo1LWvpNRkHemH8oVdssh1KokfXm9aFvYLmbaJSta','png','User',64,0,'image','356.png','a3ea48ed8f62decb92a87a44b410ff15',7787,'logo','small',NULL,86,86,0,'active','2018-02-01 02:01:15'),(357,64,'xstSzy8MbBXkFddnSZJxb9qYo1LWvpNRkHemH8oVdssh1KokfXm9aFvYLmbaJSta','png','User',64,0,'image','357.png','222f21904dfd7b70307dbfcdc6fed327',221663,'logo','middle',NULL,640,640,0,'active','2018-02-01 02:01:15'),(358,64,'xstSzy8MbBXkFddnSZJxb9qYo1LWvpNRkHemH8oVdssh1KokfXm9aFvYLmbaJSta','png','User',64,0,'image','358.png','222f21904dfd7b70307dbfcdc6fed327',221663,'logo','large',NULL,640,640,0,'active','2018-02-01 02:01:15'),(359,66,'ihgFRxbOSjz5fP3HqMnEjnpz1KEm6TFuV6RIHk2cGcziJ3fGPI3ygVtnX05esGQB','png','User',66,0,'image','359.png','0312fc76b4aaaf17b331827fbfb0154d',44880,'logo','original',NULL,158,158,0,'active','2018-02-01 02:02:28'),(360,66,'ihgFRxbOSjz5fP3HqMnEjnpz1KEm6TFuV6RIHk2cGcziJ3fGPI3ygVtnX05esGQB','png','User',66,0,'image','360.png','8b49476e1d024387c8d6a9f5b4ad251a',9382,'logo','small',NULL,86,86,0,'active','2018-02-01 02:02:28'),(361,66,'ihgFRxbOSjz5fP3HqMnEjnpz1KEm6TFuV6RIHk2cGcziJ3fGPI3ygVtnX05esGQB','png','User',66,0,'image','361.png','a8846d1c884ea49ea0ae636d49147175',220073,'logo','middle',NULL,640,640,0,'active','2018-02-01 02:02:28'),(362,66,'ihgFRxbOSjz5fP3HqMnEjnpz1KEm6TFuV6RIHk2cGcziJ3fGPI3ygVtnX05esGQB','png','User',66,0,'image','362.png','a8846d1c884ea49ea0ae636d49147175',220073,'logo','large',NULL,640,640,0,'active','2018-02-01 02:02:29'),(363,123,'EWGe3OsX0k7bbtv2IDUDcBPGPeaGFuw0NJcpbexQ9Pw4vKCrt9X1dkfXUorQb6v3','png','User',123,0,'image','363.png','8b24fecdd47bc81dc4d533b0d83a800b',118313,'logo','original',NULL,306,306,0,'active','2018-02-01 02:03:42'),(364,123,'EWGe3OsX0k7bbtv2IDUDcBPGPeaGFuw0NJcpbexQ9Pw4vKCrt9X1dkfXUorQb6v3','png','User',123,0,'image','364.png','6d566c0a08341f6ab1336579a647dd5d',8490,'logo','small',NULL,86,86,0,'active','2018-02-01 02:03:42'),(365,123,'EWGe3OsX0k7bbtv2IDUDcBPGPeaGFuw0NJcpbexQ9Pw4vKCrt9X1dkfXUorQb6v3','png','User',123,0,'image','365.png','4affe1afb18750218b6d76009d40fa83',199563,'logo','middle',NULL,640,640,0,'active','2018-02-01 02:03:42'),(366,123,'EWGe3OsX0k7bbtv2IDUDcBPGPeaGFuw0NJcpbexQ9Pw4vKCrt9X1dkfXUorQb6v3','png','User',123,0,'image','366.png','4affe1afb18750218b6d76009d40fa83',199563,'logo','large',NULL,640,640,0,'active','2018-02-01 02:03:42'),(367,139,'VByfYYDnp4jxPXt3vX73E4j5NvIvjGDiLIMAHPjVN4hR7xuAip7n2AKnVifoWQuQ','png','User',139,0,'image','367.png','3e3be36d4c304ce60655e7eab7ae9026',100052,'logo','original',NULL,249,249,0,'active','2018-02-01 02:08:34'),(368,139,'VByfYYDnp4jxPXt3vX73E4j5NvIvjGDiLIMAHPjVN4hR7xuAip7n2AKnVifoWQuQ','png','User',139,0,'image','368.png','f906ca86559399b53e8904ae43d7e513',9319,'logo','small',NULL,86,86,0,'active','2018-02-01 02:08:34'),(369,139,'VByfYYDnp4jxPXt3vX73E4j5NvIvjGDiLIMAHPjVN4hR7xuAip7n2AKnVifoWQuQ','png','User',139,0,'image','369.png','fb5d940f8c840528929ea3a325a8bdee',221191,'logo','middle',NULL,640,640,0,'active','2018-02-01 02:08:34'),(370,139,'VByfYYDnp4jxPXt3vX73E4j5NvIvjGDiLIMAHPjVN4hR7xuAip7n2AKnVifoWQuQ','png','User',139,0,'image','370.png','fb5d940f8c840528929ea3a325a8bdee',221191,'logo','large',NULL,640,640,0,'active','2018-02-01 02:08:34'),(371,138,'UKaiVJbW86LP4FvVhH94dbk8QVfOHmKPw8xlt6zHlvWJOhPxL98XR1mhHwMDPkOL','png','User',138,0,'image','371.png','c9d4a1f1adab4b2f6929b72120b02ab5',45162,'logo','original',NULL,198,198,0,'active','2018-02-01 02:11:47'),(372,138,'UKaiVJbW86LP4FvVhH94dbk8QVfOHmKPw8xlt6zHlvWJOhPxL98XR1mhHwMDPkOL','png','User',138,0,'image','372.png','40aa2a7c02f4d67ea61221943f6b12cf',7441,'logo','small',NULL,86,86,0,'active','2018-02-01 02:11:47'),(373,138,'UKaiVJbW86LP4FvVhH94dbk8QVfOHmKPw8xlt6zHlvWJOhPxL98XR1mhHwMDPkOL','png','User',138,0,'image','373.png','22415492848920bb8a576e44dd459043',162533,'logo','middle',NULL,640,640,0,'active','2018-02-01 02:11:47'),(374,138,'UKaiVJbW86LP4FvVhH94dbk8QVfOHmKPw8xlt6zHlvWJOhPxL98XR1mhHwMDPkOL','png','User',138,0,'image','374.png','22415492848920bb8a576e44dd459043',162533,'logo','large',NULL,640,640,0,'active','2018-02-01 02:11:47'),(375,137,'XC2czityc54ayESWncpQGSnU0kDbZlmqKPJJHDH1EX5P8PQvSYHFYcDcHPJDOfjf','png','User',137,0,'image','375.png','e681fd438fdaaa1498bdf97dd67c64b2',60908,'logo','original',NULL,204,204,0,'active','2018-02-01 02:16:28'),(376,137,'XC2czityc54ayESWncpQGSnU0kDbZlmqKPJJHDH1EX5P8PQvSYHFYcDcHPJDOfjf','png','User',137,0,'image','376.png','1ec30c5346adb69bb111c8c7a40bacd1',7476,'logo','small',NULL,86,86,0,'active','2018-02-01 02:16:28'),(377,137,'XC2czityc54ayESWncpQGSnU0kDbZlmqKPJJHDH1EX5P8PQvSYHFYcDcHPJDOfjf','png','User',137,0,'image','377.png','d8a8f4a71cbeb55f45a7558507161158',194568,'logo','middle',NULL,640,640,0,'active','2018-02-01 02:16:28'),(378,137,'XC2czityc54ayESWncpQGSnU0kDbZlmqKPJJHDH1EX5P8PQvSYHFYcDcHPJDOfjf','png','User',137,0,'image','378.png','d8a8f4a71cbeb55f45a7558507161158',194568,'logo','large',NULL,640,640,0,'active','2018-02-01 02:16:28'),(379,136,'7nU9MHQ4KWqhIJkKwr83zHcLBaSApU3viBwSYYRq1HzBjVjW1mZjFbVE607Gb5tm','png','User',136,0,'image','379.png','9e7741791b16bf612b8175d28f6cc2c9',258130,'logo','original',NULL,510,510,0,'active','2018-02-01 02:18:16'),(380,136,'7nU9MHQ4KWqhIJkKwr83zHcLBaSApU3viBwSYYRq1HzBjVjW1mZjFbVE607Gb5tm','png','User',136,0,'image','380.png','e5e27703a68d00a8862762423d8e5ff9',6984,'logo','small',NULL,86,86,0,'active','2018-02-01 02:18:16'),(381,136,'7nU9MHQ4KWqhIJkKwr83zHcLBaSApU3viBwSYYRq1HzBjVjW1mZjFbVE607Gb5tm','png','User',136,0,'image','381.png','6852fe9e44ad3dd49d5f0ee84434c827',188215,'logo','middle',NULL,640,640,0,'active','2018-02-01 02:18:16'),(382,136,'7nU9MHQ4KWqhIJkKwr83zHcLBaSApU3viBwSYYRq1HzBjVjW1mZjFbVE607Gb5tm','png','User',136,0,'image','382.png','6852fe9e44ad3dd49d5f0ee84434c827',188215,'logo','large',NULL,640,640,0,'active','2018-02-01 02:18:16'),(383,135,'wZOyCFDzW6eBNgLGMMNE3GKEniDEYbabGGJN6wD4kVZQscadnT9YFBz5hnT0rkzX','png','User',135,0,'image','383.png','dca77011358fccd4a7cd1101cb7eed5b',997244,'logo','original',NULL,800,800,0,'active','2018-02-01 02:20:34'),(384,135,'wZOyCFDzW6eBNgLGMMNE3GKEniDEYbabGGJN6wD4kVZQscadnT9YFBz5hnT0rkzX','png','User',135,0,'image','384.png','358e9af11235ad9ff35775940ca03863',10183,'logo','small',NULL,86,86,0,'active','2018-02-01 02:20:34'),(385,135,'wZOyCFDzW6eBNgLGMMNE3GKEniDEYbabGGJN6wD4kVZQscadnT9YFBz5hnT0rkzX','png','User',135,0,'image','385.png','18c65f66fa5181da2931acba05470ae9',302839,'logo','middle',NULL,640,640,0,'active','2018-02-01 02:20:34'),(386,135,'wZOyCFDzW6eBNgLGMMNE3GKEniDEYbabGGJN6wD4kVZQscadnT9YFBz5hnT0rkzX','png','User',135,0,'image','386.png','18c65f66fa5181da2931acba05470ae9',302839,'logo','large',NULL,640,640,0,'active','2018-02-01 02:20:34'),(387,134,'p00JasdCEO2iLNdXF26AaG9fs5pQwhv6vnKF3DmHP5KVPdsDgJ1eF85IEglsKQZ7','png','User',134,0,'image','387.png','e8229a056a135ba388022d1e2aa430a2',952949,'logo','original',NULL,958,958,0,'active','2018-02-01 02:21:54'),(388,134,'p00JasdCEO2iLNdXF26AaG9fs5pQwhv6vnKF3DmHP5KVPdsDgJ1eF85IEglsKQZ7','png','User',134,0,'image','388.png','ce2bd6fe28e8a783c64cc31c871c59c9',8171,'logo','small',NULL,86,86,0,'active','2018-02-01 02:21:54'),(389,134,'p00JasdCEO2iLNdXF26AaG9fs5pQwhv6vnKF3DmHP5KVPdsDgJ1eF85IEglsKQZ7','png','User',134,0,'image','389.png','265c4c57fbfb0a194cde43aecf40ebf7',249187,'logo','middle',NULL,640,640,0,'active','2018-02-01 02:21:54'),(390,134,'p00JasdCEO2iLNdXF26AaG9fs5pQwhv6vnKF3DmHP5KVPdsDgJ1eF85IEglsKQZ7','png','User',134,0,'image','390.png','265c4c57fbfb0a194cde43aecf40ebf7',249187,'logo','large',NULL,640,640,0,'active','2018-02-01 02:21:55'),(391,133,'8Q7OIBvB2YZ0KzukzWdECoKip2PTzobekbNC9JQME4hrdQiheUF37nyQQvxYiPMj','png','User',133,0,'image','391.png','37d7e265e73fd55616a267b4ec5122ec',594372,'logo','original',NULL,935,935,0,'active','2018-02-01 02:23:44'),(392,133,'8Q7OIBvB2YZ0KzukzWdECoKip2PTzobekbNC9JQME4hrdQiheUF37nyQQvxYiPMj','png','User',133,0,'image','392.png','aa41b57f3809faf7939cc11ac6bf0ad2',8403,'logo','small',NULL,86,86,0,'active','2018-02-01 02:23:44'),(393,133,'8Q7OIBvB2YZ0KzukzWdECoKip2PTzobekbNC9JQME4hrdQiheUF37nyQQvxYiPMj','png','User',133,0,'image','393.png','2bffc0b8ca092d202b58c927aefc6ca0',191241,'logo','middle',NULL,640,640,0,'active','2018-02-01 02:23:44'),(394,133,'8Q7OIBvB2YZ0KzukzWdECoKip2PTzobekbNC9JQME4hrdQiheUF37nyQQvxYiPMj','png','User',133,0,'image','394.png','2bffc0b8ca092d202b58c927aefc6ca0',191241,'logo','large',NULL,640,640,0,'active','2018-02-01 02:23:44'),(395,132,'44kLXhs8Nif6Z5F3vng0rTTykX5VlDzsll5DeNRBFJfCYN61KonrACAVt09qmJa7','png','User',132,0,'image','395.png','581a8989f6b4aa110dd329c04a31aa96',103914,'logo','original',NULL,265,265,0,'active','2018-02-01 02:24:58'),(396,132,'44kLXhs8Nif6Z5F3vng0rTTykX5VlDzsll5DeNRBFJfCYN61KonrACAVt09qmJa7','png','User',132,0,'image','396.png','6b1fa5fd5369f93dfe32e9248ee665c9',8643,'logo','small',NULL,86,86,0,'active','2018-02-01 02:24:58'),(397,132,'44kLXhs8Nif6Z5F3vng0rTTykX5VlDzsll5DeNRBFJfCYN61KonrACAVt09qmJa7','png','User',132,0,'image','397.png','813d2e29dbb7a208b38647b97a2f7d17',217534,'logo','middle',NULL,640,640,0,'active','2018-02-01 02:24:58'),(398,132,'44kLXhs8Nif6Z5F3vng0rTTykX5VlDzsll5DeNRBFJfCYN61KonrACAVt09qmJa7','png','User',132,0,'image','398.png','813d2e29dbb7a208b38647b97a2f7d17',217534,'logo','large',NULL,640,640,0,'active','2018-02-01 02:24:58'),(399,131,'vbdmvIB3yUVgG2w35bKZSPJuc2P260BxaZGjbR0KgSkT8QBMVp0r5vQeDeHpirMU','png','User',131,0,'image','399.png','cd1b3ec491ceee5076bfcc7f9b9fd7a1',1022631,'logo','original',NULL,800,800,0,'active','2018-02-01 02:26:24'),(400,131,'vbdmvIB3yUVgG2w35bKZSPJuc2P260BxaZGjbR0KgSkT8QBMVp0r5vQeDeHpirMU','png','User',131,0,'image','400.png','8e62a2d30e68635587bef75503232724',10340,'logo','small',NULL,86,86,0,'active','2018-02-01 02:26:24'),(401,131,'vbdmvIB3yUVgG2w35bKZSPJuc2P260BxaZGjbR0KgSkT8QBMVp0r5vQeDeHpirMU','png','User',131,0,'image','401.png','efa59b05caa2a218231fc911a0f9309c',327293,'logo','middle',NULL,640,640,0,'active','2018-02-01 02:26:24'),(402,131,'vbdmvIB3yUVgG2w35bKZSPJuc2P260BxaZGjbR0KgSkT8QBMVp0r5vQeDeHpirMU','png','User',131,0,'image','402.png','efa59b05caa2a218231fc911a0f9309c',327293,'logo','large',NULL,640,640,0,'active','2018-02-01 02:26:24'),(403,130,'naWYaCc3CGXV8J7oj7F1f3Kb4yGa03kDsNdYdAFvH5nZZYxOOPywR036xmixZQXL','png','User',130,0,'image','403.png','ff0856c1ed48ecaeddc0b64f28b7782b',94643,'logo','original',NULL,245,245,0,'active','2018-02-01 02:26:41'),(404,130,'naWYaCc3CGXV8J7oj7F1f3Kb4yGa03kDsNdYdAFvH5nZZYxOOPywR036xmixZQXL','png','User',130,0,'image','404.png','aa3ff7c9f8a556dda2ec2e59c8c0cee1',8950,'logo','small',NULL,86,86,0,'active','2018-02-01 02:26:41'),(405,130,'naWYaCc3CGXV8J7oj7F1f3Kb4yGa03kDsNdYdAFvH5nZZYxOOPywR036xmixZQXL','png','User',130,0,'image','405.png','56f4cc12f69477a7537b7a04102285ae',226647,'logo','middle',NULL,640,640,0,'active','2018-02-01 02:26:41'),(406,130,'naWYaCc3CGXV8J7oj7F1f3Kb4yGa03kDsNdYdAFvH5nZZYxOOPywR036xmixZQXL','png','User',130,0,'image','406.png','56f4cc12f69477a7537b7a04102285ae',226647,'logo','large',NULL,640,640,0,'active','2018-02-01 02:26:41'),(407,129,'zY9UQuw63pFenFQCsSUsTqxq8Ryn4aYIdHRYjmbWyYqV9pbeMvKoF91yan50maIi','png','User',129,0,'image','407.png','7d92f24d42986ba4fc087634c006d6e4',435273,'logo','original',NULL,720,720,0,'active','2018-02-01 02:27:22'),(408,129,'zY9UQuw63pFenFQCsSUsTqxq8Ryn4aYIdHRYjmbWyYqV9pbeMvKoF91yan50maIi','png','User',129,0,'image','408.png','909a14e7831ea1aac0638bf39ff6bff9',7187,'logo','small',NULL,86,86,0,'active','2018-02-01 02:27:22'),(409,129,'zY9UQuw63pFenFQCsSUsTqxq8Ryn4aYIdHRYjmbWyYqV9pbeMvKoF91yan50maIi','png','User',129,0,'image','409.png','7262faf6f497db9155d08808aeb2b633',163058,'logo','middle',NULL,640,640,0,'active','2018-02-01 02:27:22'),(410,129,'zY9UQuw63pFenFQCsSUsTqxq8Ryn4aYIdHRYjmbWyYqV9pbeMvKoF91yan50maIi','png','User',129,0,'image','410.png','7262faf6f497db9155d08808aeb2b633',163058,'logo','large',NULL,640,640,0,'active','2018-02-01 02:27:22'),(411,128,'EigkKoDtfTiTRNirQLS3b2O3eCt9rY2ZfIZUuhAWWnidLC6vo3GEJlde1Rs37DJG','png','User',128,0,'image','411.png','94b63fbee8758da771a10444271dbb0b',43761,'logo','original',NULL,161,161,0,'active','2018-02-01 02:27:48'),(412,128,'EigkKoDtfTiTRNirQLS3b2O3eCt9rY2ZfIZUuhAWWnidLC6vo3GEJlde1Rs37DJG','png','User',128,0,'image','412.png','fef375fed7a8bdfb9d732761691e7aaf',8154,'logo','small',NULL,86,86,0,'active','2018-02-01 02:27:48'),(413,128,'EigkKoDtfTiTRNirQLS3b2O3eCt9rY2ZfIZUuhAWWnidLC6vo3GEJlde1Rs37DJG','png','User',128,0,'image','413.png','7e0438eb0f41d4049af577abb9d7e8b7',186886,'logo','middle',NULL,640,640,0,'active','2018-02-01 02:27:48'),(414,128,'EigkKoDtfTiTRNirQLS3b2O3eCt9rY2ZfIZUuhAWWnidLC6vo3GEJlde1Rs37DJG','png','User',128,0,'image','414.png','7e0438eb0f41d4049af577abb9d7e8b7',186886,'logo','large',NULL,640,640,0,'active','2018-02-01 02:27:48'),(415,127,'UNYn2NtUFjthbjKDxHb8136hu2j0eXsXLHeTH8RvgknBFbklkOfFDl9NydQ1M6Ro','png','User',127,0,'image','415.png','67e300dcf87b107ae90c20660ef21f19',1620481,'logo','original',NULL,1296,1296,0,'active','2018-02-01 02:29:14'),(416,127,'UNYn2NtUFjthbjKDxHb8136hu2j0eXsXLHeTH8RvgknBFbklkOfFDl9NydQ1M6Ro','png','User',127,0,'image','416.png','24e133660164892c1b56167574e36471',8791,'logo','small',NULL,86,86,0,'active','2018-02-01 02:29:14'),(417,127,'UNYn2NtUFjthbjKDxHb8136hu2j0eXsXLHeTH8RvgknBFbklkOfFDl9NydQ1M6Ro','png','User',127,0,'image','417.png','ca44f58fbeea7891533f030d870cd5d0',283861,'logo','middle',NULL,640,640,0,'active','2018-02-01 02:29:15'),(418,127,'UNYn2NtUFjthbjKDxHb8136hu2j0eXsXLHeTH8RvgknBFbklkOfFDl9NydQ1M6Ro','png','User',127,0,'image','418.png','ca44f58fbeea7891533f030d870cd5d0',283861,'logo','large',NULL,640,640,0,'active','2018-02-01 02:29:15'),(419,160,'umUrYiLbxX0nIWr8vASZUPTbSQJwFDNGizqcclyJyVNNSerL4btP18e6YmpB8LbG','png','User',160,0,'image','419.png','d78d0971cc961a1a8816dcda14add889',302197,'logo','original',NULL,426,426,0,'active','2018-02-01 02:36:01'),(420,160,'umUrYiLbxX0nIWr8vASZUPTbSQJwFDNGizqcclyJyVNNSerL4btP18e6YmpB8LbG','png','User',160,0,'image','420.png','d25c0e802336e457d75b52ede964a668',8256,'logo','small',NULL,86,86,0,'active','2018-02-01 02:36:01'),(421,160,'umUrYiLbxX0nIWr8vASZUPTbSQJwFDNGizqcclyJyVNNSerL4btP18e6YmpB8LbG','png','User',160,0,'image','421.png','a3141782561c8b277c358943d905068d',262950,'logo','middle',NULL,640,640,0,'active','2018-02-01 02:36:01'),(422,160,'umUrYiLbxX0nIWr8vASZUPTbSQJwFDNGizqcclyJyVNNSerL4btP18e6YmpB8LbG','png','User',160,0,'image','422.png','a3141782561c8b277c358943d905068d',262950,'logo','large',NULL,640,640,0,'active','2018-02-01 02:36:01'),(423,158,'tCzV8UMaNWDTCFP6BeTf2F0vYlleR5jt3FnnnPktTmY5e2DpHrZwgiTOkaTJupCw','png','User',158,0,'image','423.png','f4f6a78bdb1f10a9ef2485ecc6eba396',344812,'logo','original',NULL,510,510,0,'active','2018-02-01 02:43:43'),(424,158,'tCzV8UMaNWDTCFP6BeTf2F0vYlleR5jt3FnnnPktTmY5e2DpHrZwgiTOkaTJupCw','png','User',158,0,'image','424.png','60fa50789f56774adda64fa0cde099cf',9943,'logo','small',NULL,86,86,0,'active','2018-02-01 02:43:43'),(425,158,'tCzV8UMaNWDTCFP6BeTf2F0vYlleR5jt3FnnnPktTmY5e2DpHrZwgiTOkaTJupCw','png','User',158,0,'image','425.png','9a0abbe249e428702eea52623814cf24',249503,'logo','middle',NULL,640,640,0,'active','2018-02-01 02:43:43'),(426,158,'tCzV8UMaNWDTCFP6BeTf2F0vYlleR5jt3FnnnPktTmY5e2DpHrZwgiTOkaTJupCw','png','User',158,0,'image','426.png','9a0abbe249e428702eea52623814cf24',249503,'logo','large',NULL,640,640,0,'active','2018-02-01 02:43:43'),(427,154,'qVnwYbdYDoKXjOKK8SX8VCGneVPKcCqw1iepv7ZUIriP0tWKoltZkWWEw7BKbnOd','png','User',154,0,'image','427.png','5b27630a8ebe4f10b3f3083c097e77c5',97553,'logo','original',NULL,224,224,0,'active','2018-02-01 02:49:30'),(428,154,'qVnwYbdYDoKXjOKK8SX8VCGneVPKcCqw1iepv7ZUIriP0tWKoltZkWWEw7BKbnOd','png','User',154,0,'image','428.png','5a7adfd1fe0d91b2659390c312e43a03',11671,'logo','small',NULL,86,86,0,'active','2018-02-01 02:49:30'),(429,154,'qVnwYbdYDoKXjOKK8SX8VCGneVPKcCqw1iepv7ZUIriP0tWKoltZkWWEw7BKbnOd','png','User',154,0,'image','429.png','20867205218f2bf1d2e4ff6f14a87962',276078,'logo','middle',NULL,640,640,0,'active','2018-02-01 02:49:30'),(430,154,'qVnwYbdYDoKXjOKK8SX8VCGneVPKcCqw1iepv7ZUIriP0tWKoltZkWWEw7BKbnOd','png','User',154,0,'image','430.png','20867205218f2bf1d2e4ff6f14a87962',276078,'logo','large',NULL,640,640,0,'active','2018-02-01 02:49:30'),(431,151,'Zrbo7AbcFFIj1JRJvahkpa4yHYPmOHjI8c9jA3FK1L1D6Yu3uWisgUMt2EHwXuCn','png','User',151,0,'image','431.png','592f8e2e68cf34f3679cd171b4ffd269',44825,'logo','original',NULL,189,189,0,'active','2018-02-01 02:52:50'),(432,151,'Zrbo7AbcFFIj1JRJvahkpa4yHYPmOHjI8c9jA3FK1L1D6Yu3uWisgUMt2EHwXuCn','png','User',151,0,'image','432.png','0b7ff90c9a8a61d815ee1de8493fa9ae',7410,'logo','small',NULL,86,86,0,'active','2018-02-01 02:52:50'),(433,151,'Zrbo7AbcFFIj1JRJvahkpa4yHYPmOHjI8c9jA3FK1L1D6Yu3uWisgUMt2EHwXuCn','png','User',151,0,'image','433.png','0252e9cc0e7d70d5ec555ca8a52bb32d',164687,'logo','middle',NULL,640,640,0,'active','2018-02-01 02:52:50'),(434,151,'Zrbo7AbcFFIj1JRJvahkpa4yHYPmOHjI8c9jA3FK1L1D6Yu3uWisgUMt2EHwXuCn','png','User',151,0,'image','434.png','0252e9cc0e7d70d5ec555ca8a52bb32d',164687,'logo','large',NULL,640,640,0,'active','2018-02-01 02:52:50'),(435,150,'bki5rsC4Ch5M5Lab190CKCaSErjAb6tsb1BjtSf7pgvKxdLuyOvOBWC2ht1jFPGE','png','User',150,0,'image','435.png','c5dcddb637108ffae5f260dbb10b00fb',20786,'logo','original',NULL,100,100,0,'active','2018-02-01 02:54:48'),(436,150,'bki5rsC4Ch5M5Lab190CKCaSErjAb6tsb1BjtSf7pgvKxdLuyOvOBWC2ht1jFPGE','png','User',150,0,'image','436.png','51d54d3a2e53d992c0fbdc29138a367e',8463,'logo','small',NULL,86,86,0,'active','2018-02-01 02:54:48'),(437,150,'bki5rsC4Ch5M5Lab190CKCaSErjAb6tsb1BjtSf7pgvKxdLuyOvOBWC2ht1jFPGE','png','User',150,0,'image','437.png','4e6aaee09fc7698172eb6df7ff107570',172706,'logo','middle',NULL,640,640,0,'active','2018-02-01 02:54:48'),(438,150,'bki5rsC4Ch5M5Lab190CKCaSErjAb6tsb1BjtSf7pgvKxdLuyOvOBWC2ht1jFPGE','png','User',150,0,'image','438.png','4e6aaee09fc7698172eb6df7ff107570',172706,'logo','large',NULL,640,640,0,'active','2018-02-01 02:54:49'),(439,149,'WbWCTcyuK05WIuzjxC8svLfuA0l5mIQmsip81U4IbHGjnxkTRgYSduFY4jlFNpW8','png','User',149,0,'image','439.png','56b8e25bf3237bcbb63f194a350164bb',29201,'logo','original',NULL,132,132,0,'active','2018-02-01 02:56:50'),(440,149,'WbWCTcyuK05WIuzjxC8svLfuA0l5mIQmsip81U4IbHGjnxkTRgYSduFY4jlFNpW8','png','User',149,0,'image','440.png','cf0af835063287830299c0996d620654',8331,'logo','small',NULL,86,86,0,'active','2018-02-01 02:56:50'),(441,149,'WbWCTcyuK05WIuzjxC8svLfuA0l5mIQmsip81U4IbHGjnxkTRgYSduFY4jlFNpW8','png','User',149,0,'image','441.png','8de82acfe7b25eb7f2c35d1c905a7505',186484,'logo','middle',NULL,640,640,0,'active','2018-02-01 02:56:50'),(442,149,'WbWCTcyuK05WIuzjxC8svLfuA0l5mIQmsip81U4IbHGjnxkTRgYSduFY4jlFNpW8','png','User',149,0,'image','442.png','8de82acfe7b25eb7f2c35d1c905a7505',186484,'logo','large',NULL,640,640,0,'active','2018-02-01 02:56:50'),(443,148,'8JLEbJvk0fwlnNbzGVBRAWOu8ngZMN7Cyif56JJboSi02kCdyYHGliFdW4dGc3PJ','png','User',148,0,'image','443.png','f44ea65d78a47fbb327fa5c12fa68aed',26920,'logo','original',NULL,150,150,0,'active','2018-02-01 02:57:33'),(444,148,'8JLEbJvk0fwlnNbzGVBRAWOu8ngZMN7Cyif56JJboSi02kCdyYHGliFdW4dGc3PJ','png','User',148,0,'image','444.png','221d7c60bdf3155bcb4cf59f97cf9595',6379,'logo','small',NULL,86,86,0,'active','2018-02-01 02:57:33'),(445,148,'8JLEbJvk0fwlnNbzGVBRAWOu8ngZMN7Cyif56JJboSi02kCdyYHGliFdW4dGc3PJ','png','User',148,0,'image','445.png','020e9c7ff781859e109b953c963b7a2e',127538,'logo','middle',NULL,640,640,0,'active','2018-02-01 02:57:33'),(446,148,'8JLEbJvk0fwlnNbzGVBRAWOu8ngZMN7Cyif56JJboSi02kCdyYHGliFdW4dGc3PJ','png','User',148,0,'image','446.png','020e9c7ff781859e109b953c963b7a2e',127538,'logo','large',NULL,640,640,0,'active','2018-02-01 02:57:33'),(447,143,'D1cg4MuTdwSZHdzHHGO3qiK0x1zfkjOdlGbFXUvkp3DSq2feEmXhS9itJPqWt6Pb','png','User',143,0,'image','447.png','64d77130b2499252bb73c29ed40ead31',20256,'logo','original',NULL,102,102,0,'active','2018-02-01 03:00:52'),(448,143,'D1cg4MuTdwSZHdzHHGO3qiK0x1zfkjOdlGbFXUvkp3DSq2feEmXhS9itJPqWt6Pb','png','User',143,0,'image','448.png','fb1dcc25f52b75b59c57d98431cfb9b2',7468,'logo','small',NULL,86,86,0,'active','2018-02-01 03:00:52'),(449,143,'D1cg4MuTdwSZHdzHHGO3qiK0x1zfkjOdlGbFXUvkp3DSq2feEmXhS9itJPqWt6Pb','png','User',143,0,'image','449.png','295531c77697aef51fca488977277113',182411,'logo','middle',NULL,640,640,0,'active','2018-02-01 03:00:52'),(450,143,'D1cg4MuTdwSZHdzHHGO3qiK0x1zfkjOdlGbFXUvkp3DSq2feEmXhS9itJPqWt6Pb','png','User',143,0,'image','450.png','295531c77697aef51fca488977277113',182411,'logo','large',NULL,640,640,0,'active','2018-02-01 03:00:52'),(451,65,'oCYwDlEVbojhy0Z4NdOIDaFbQ9Bb1ybUrNsdCBesYCmJ5DcdZ2P5hLajz74eWJEx','png','User',65,0,'image','451.png','c79fb8a584daac4ce199a151750a7c8f',75957,'logo','original',NULL,253,253,0,'active','2018-02-01 03:05:31'),(452,65,'oCYwDlEVbojhy0Z4NdOIDaFbQ9Bb1ybUrNsdCBesYCmJ5DcdZ2P5hLajz74eWJEx','png','User',65,0,'image','452.png','d1425dec875b805df7585ca90e910cae',7535,'logo','small',NULL,86,86,0,'active','2018-02-01 03:05:31'),(453,65,'oCYwDlEVbojhy0Z4NdOIDaFbQ9Bb1ybUrNsdCBesYCmJ5DcdZ2P5hLajz74eWJEx','png','User',65,0,'image','453.png','5ee0e4ce657c49573b4535df18536b4e',177751,'logo','middle',NULL,640,640,0,'active','2018-02-01 03:05:31'),(454,65,'oCYwDlEVbojhy0Z4NdOIDaFbQ9Bb1ybUrNsdCBesYCmJ5DcdZ2P5hLajz74eWJEx','png','User',65,0,'image','454.png','5ee0e4ce657c49573b4535df18536b4e',177751,'logo','large',NULL,640,640,0,'active','2018-02-01 03:05:31');
/*!40000 ALTER TABLE `md_file` ENABLE KEYS */;
UNLOCK TABLES;

--
-- Table structure for table `md_gruvi_bucks`
--

DROP TABLE IF EXISTS `md_gruvi_bucks`;
/*!40101 SET @saved_cs_client     = @@character_set_client */;
/*!40101 SET character_set_client = utf8 */;
CREATE TABLE `md_gruvi_bucks` (
  `id` bigint(20) NOT NULL AUTO_INCREMENT,
  `userId` int(11) NOT NULL,
  `creditCardId` bigint(11) DEFAULT NULL,
  `stripeTransaction` char(64) COLLATE utf8mb4_bin DEFAULT NULL,
  `amount` decimal(10,2) NOT NULL DEFAULT '0.00',
  `log` text COLLATE utf8mb4_bin,
  `status` enum('approved','declined') COLLATE utf8mb4_bin NOT NULL DEFAULT 'approved',
  `createAt` timestamp NOT NULL DEFAULT CURRENT_TIMESTAMP,
  `callId` bigint(20) DEFAULT NULL,
  `paypalTransaction` varchar(500) COLLATE utf8mb4_bin DEFAULT NULL,
  PRIMARY KEY (`id`),
  UNIQUE KEY `idx_paypalTransaction` (`paypalTransaction`),
  KEY `fk_gruvi_bucks_userId_to_user_id` (`userId`),
  KEY `fk_gruvi_bucks_creditCardId_to_card_id` (`creditCardId`),
  KEY `idx_status` (`status`),
  KEY `fk_gruvi_bucks_CallId_to_call_id` (`callId`),
  CONSTRAINT `fk_gruvi_bucks_CallId_to_call_id` FOREIGN KEY (`callId`) REFERENCES `md_call` (`id`),
  CONSTRAINT `fk_gruvi_bucks_creditCardId_to_card_id` FOREIGN KEY (`creditCardId`) REFERENCES `md_user_credit_card` (`id`),
  CONSTRAINT `fk_gruvi_bucks_userId_to_user_id` FOREIGN KEY (`userId`) REFERENCES `md_user` (`id`)
) ENGINE=InnoDB AUTO_INCREMENT=706 DEFAULT CHARSET=utf8mb4 COLLATE=utf8mb4_bin;
/*!40101 SET character_set_client = @saved_cs_client */;

--
-- Dumping data for table `md_gruvi_bucks`
--

LOCK TABLES `md_gruvi_bucks` WRITE;
/*!40000 ALTER TABLE `md_gruvi_bucks` DISABLE KEYS */;
INSERT INTO `md_gruvi_bucks` VALUES (1,10,1,'ch_1Awv7P2eZvKYlo2Csur6mN7B',100.00,'','approved','2017-08-31 16:02:11',NULL,NULL),(2,12,NULL,NULL,10.00,'Registration Bonus','approved','2017-08-31 16:13:14',NULL,NULL),(3,6,2,'ch_1AxFzX2eZvKYlo2Cacu5MEBk',100.00,'','approved','2017-09-01 14:19:27',NULL,NULL),(4,13,NULL,NULL,10.00,'Registration Bonus','approved','2017-09-01 19:26:43',NULL,NULL),(5,6,2,'ch_1B1h4i2eZvKYlo2CkGOIrulg',40.00,'','approved','2017-09-13 20:03:09',NULL,NULL),(6,6,2,'ch_1B1h5W2eZvKYlo2CghqabuNb',300.00,'','approved','2017-09-13 20:03:59',NULL,NULL),(7,6,NULL,NULL,1.50,'','approved','2017-09-18 18:10:24',NULL,'30A38412JY371990P'),(8,12,NULL,NULL,4.99,'','approved','2017-09-18 18:26:24',NULL,'7T2322953N9209713'),(9,14,NULL,NULL,10.00,'Registration Bonus','approved','2017-09-19 14:27:05',NULL,NULL),(10,6,NULL,NULL,-240.00,'auto charge during call','approved','2017-09-19 14:59:01',11,NULL),(11,6,NULL,NULL,-30.00,'auto charge during call','approved','2017-09-19 15:01:35',12,NULL),(12,6,NULL,NULL,-30.00,'auto charge during call','approved','2017-09-19 15:02:33',12,NULL),(13,14,NULL,NULL,20.00,'','approved','2017-09-19 15:10:48',NULL,'7AT81521NJ4633922'),(14,6,NULL,NULL,-7.00,'auto charge during call','approved','2017-09-20 05:55:01',17,NULL),(15,6,NULL,NULL,-7.00,'auto charge during call','approved','2017-09-20 05:56:01',17,NULL),(16,6,NULL,NULL,-7.00,'auto charge during call','approved','2017-09-20 05:57:02',17,NULL),(17,6,NULL,NULL,-7.00,'auto charge during call','approved','2017-09-20 05:58:01',17,NULL),(18,6,NULL,NULL,-7.00,'auto charge during call','approved','2017-09-20 05:59:01',17,NULL),(19,6,NULL,NULL,-7.00,'auto charge during call','approved','2017-09-20 06:00:01',17,NULL),(20,6,NULL,NULL,-7.00,'auto charge during call','approved','2017-09-20 06:01:01',17,NULL),(21,6,NULL,NULL,-7.00,'auto charge during call','approved','2017-09-20 06:02:01',17,NULL),(23,6,NULL,NULL,-7.00,'auto charge during call','approved','2017-09-20 06:04:01',17,NULL),(24,6,NULL,NULL,-7.00,'auto charge during call','approved','2017-09-20 06:05:01',17,NULL),(25,6,NULL,NULL,-7.00,'auto charge during call','approved','2017-09-20 06:06:01',17,NULL),(26,6,NULL,NULL,-7.00,'auto charge during call','approved','2017-09-20 06:07:01',17,NULL),(27,6,NULL,NULL,-7.00,'auto charge during call','approved','2017-09-20 06:08:02',17,NULL),(28,6,NULL,NULL,-7.00,'auto charge during call','approved','2017-09-20 06:09:01',17,NULL),(29,6,NULL,NULL,-7.00,'auto charge during call','approved','2017-09-20 06:10:01',17,NULL),(30,6,NULL,NULL,-7.00,'auto charge during call','approved','2017-09-20 06:11:01',17,NULL),(31,6,NULL,NULL,-7.00,'auto charge during call','approved','2017-09-20 06:12:01',17,NULL),(32,6,NULL,NULL,-7.00,'auto charge during call','approved','2017-09-20 06:13:01',17,NULL),(33,6,NULL,NULL,-7.00,'auto charge during call','approved','2017-09-20 06:14:01',17,NULL),(34,6,2,'ch_1B41U02eZvKYlo2CH1IIE8Q6',10.00,'','approved','2017-09-20 06:14:52',NULL,NULL),(35,6,NULL,NULL,-7.00,'auto charge during call','approved','2017-09-20 06:15:01',17,NULL),(36,6,NULL,NULL,-4.50,'auto charge during call','approved','2017-09-20 06:16:01',17,NULL),(37,6,2,'ch_1B41en2eZvKYlo2C52lb6qLx',10.00,'','approved','2017-09-20 06:26:01',NULL,NULL),(38,6,NULL,NULL,-7.00,'auto charge during call','approved','2017-09-20 06:26:18',18,NULL),(39,6,2,'ch_1B41fG2eZvKYlo2C4AXEd6il',10.00,'','approved','2017-09-20 06:26:30',NULL,NULL),(40,6,NULL,NULL,-7.00,'auto charge during call','approved','2017-09-20 06:27:20',18,NULL),(41,6,2,'ch_1B41h92eZvKYlo2C2XAPbcsH',1.00,'','approved','2017-09-20 06:28:28',NULL,NULL),(42,6,NULL,NULL,-7.00,'auto charge during call','approved','2017-09-20 06:28:29',18,NULL),(43,6,2,'ch_1B41hj2eZvKYlo2C3zHAYsKC',1.00,'','approved','2017-09-20 06:29:04',NULL,NULL),(44,6,NULL,NULL,-1.00,'auto charge during call','approved','2017-09-20 06:29:22',18,NULL),(45,6,2,'ch_1B41i72eZvKYlo2CdZQrLnOY',14.00,'','approved','2017-09-20 06:29:28',NULL,NULL),(46,6,NULL,NULL,-6.00,'auto charge during call','approved','2017-09-20 06:30:01',18,NULL),(47,6,NULL,NULL,-7.00,'auto charge during call','approved','2017-09-20 06:30:16',18,NULL),(48,6,2,'ch_1B41jT2eZvKYlo2CecMsUdzV',20.00,'','approved','2017-09-20 06:30:52',NULL,NULL),(49,6,NULL,NULL,-7.00,'auto charge during call','approved','2017-09-20 06:31:17',18,NULL),(50,6,NULL,NULL,-7.00,'auto charge during call','approved','2017-09-20 06:32:33',18,NULL),(51,6,NULL,NULL,-7.00,'auto charge during call','approved','2017-09-20 06:33:26',18,NULL),(52,6,2,'ch_1B41n52eZvKYlo2CtbvL8IC4',20.00,'','approved','2017-09-20 06:34:35',NULL,NULL),(53,6,NULL,NULL,-7.00,'auto charge during call','approved','2017-09-20 06:55:18',19,NULL),(54,6,NULL,NULL,-7.00,'auto charge during call','approved','2017-09-20 06:56:01',20,NULL),(55,6,2,'ch_1B429V2eZvKYlo2CpqrvPknI',10.00,'','approved','2017-09-20 06:57:46',NULL,NULL),(56,6,NULL,NULL,-7.00,'auto charge during call','approved','2017-09-20 06:58:01',21,NULL),(57,6,NULL,NULL,-7.00,'auto charge during call','approved','2017-09-20 06:59:01',21,NULL),(58,6,2,'ch_1B42Av2eZvKYlo2CmEmPMtRO',5.00,'','approved','2017-09-20 06:59:13',NULL,NULL),(59,6,NULL,NULL,-7.00,'auto charge during call','approved','2017-09-20 07:00:01',21,NULL),(60,6,NULL,NULL,100.00,'','approved','2017-09-20 17:54:55',NULL,'1DV749250P0209057'),(61,6,NULL,NULL,-30.00,'auto charge during call','approved','2017-09-20 18:00:01',22,NULL),(62,6,NULL,NULL,-30.00,'auto charge during call','approved','2017-09-20 18:19:14',32,NULL),(63,6,NULL,NULL,-30.00,'auto charge during call','approved','2017-09-20 18:20:17',32,NULL),(64,6,2,'ch_1B4CoF2eZvKYlo2CsevdbDvr',40.00,'','approved','2017-09-20 18:20:32',NULL,NULL),(65,6,NULL,NULL,-30.00,'auto charge during call','approved','2017-09-20 18:21:17',32,NULL),(66,6,NULL,NULL,-20.00,'auto charge during call','approved','2017-09-20 18:22:11',32,NULL),(67,6,NULL,NULL,40.00,'','approved','2017-09-20 18:24:55',NULL,'4BN72173RG1871847'),(68,6,NULL,NULL,-30.00,'auto charge during call','approved','2017-09-22 03:46:26',33,NULL),(69,6,2,'ch_1B4i7Y2eZvKYlo2Cl59NmQdv',20.00,'','approved','2017-09-22 03:46:32',NULL,NULL),(70,6,2,'ch_1B4i8G2eZvKYlo2CKo3DazLF',40.00,'','approved','2017-09-22 03:47:16',NULL,NULL),(71,6,NULL,NULL,-20.00,'auto charge during call','approved','2017-09-22 18:29:16',42,NULL),(72,6,NULL,NULL,-20.00,'auto charge during call','approved','2017-09-22 18:30:11',42,NULL),(73,6,2,'ch_1B4vxg2eZvKYlo2C5d1PrqLz',40.00,'','approved','2017-09-22 18:33:16',NULL,NULL),(74,6,NULL,NULL,-30.00,'auto charge during call','approved','2017-09-22 20:09:02',59,NULL),(75,6,NULL,NULL,-30.00,'auto charge during call','approved','2017-09-22 20:10:01',59,NULL),(76,6,2,'ch_1B4xTN2eZvKYlo2CzxDU9nrv',20.00,'','approved','2017-09-22 20:10:06',NULL,NULL),(77,6,2,'ch_1B4zhQ2eZvKYlo2CSvHBp96A',40.00,'','approved','2017-09-22 22:32:44',NULL,NULL),(78,16,NULL,NULL,10.00,'Registration Bonus','approved','2017-10-04 18:01:09',NULL,NULL),(79,16,NULL,NULL,40.00,'','approved','2017-10-04 18:28:15',NULL,'7GJ40148CH4129251'),(80,6,NULL,NULL,-20.00,'auto charge during call','approved','2017-10-04 18:44:17',72,NULL),(81,6,NULL,NULL,-20.00,'auto charge during call','approved','2017-10-04 18:45:17',72,NULL),(82,6,NULL,NULL,-20.00,'auto charge during call','approved','2017-10-04 18:46:18',72,NULL),(83,6,NULL,NULL,-10.00,'auto charge during call','approved','2017-10-04 18:47:11',72,NULL),(84,6,2,'ch_1B9JaJ2eZvKYlo2Cdlfa3amN',100.00,'','approved','2017-10-04 20:35:15',NULL,NULL),(85,6,NULL,NULL,-30.00,'auto charge during call','approved','2017-10-05 01:21:01',80,NULL),(86,6,NULL,NULL,-30.00,'auto charge during call','approved','2017-10-05 01:22:01',80,NULL),(87,6,NULL,NULL,-30.00,'auto charge during call','approved','2017-10-05 01:23:01',80,NULL),(88,6,2,'ch_1B9O4w2eZvKYlo2CD3ydwo5d',40.00,'','approved','2017-10-05 01:23:11',NULL,NULL),(89,6,NULL,NULL,-30.00,'auto charge during call','approved','2017-10-05 01:24:02',80,NULL),(90,6,2,'ch_1B9O5r2eZvKYlo2CjnZXuELD',40.00,'','approved','2017-10-05 01:24:07',NULL,NULL),(91,14,3,'ch_1B9XjZ2eZvKYlo2CCJFw8yfl',40.00,'','approved','2017-10-05 11:41:46',NULL,NULL),(92,14,3,'ch_1B9XrV2eZvKYlo2Cw7OX5pcu',40.00,'','approved','2017-10-05 11:49:58',NULL,NULL),(93,14,NULL,NULL,-30.00,'auto charge during call','approved','2017-10-05 11:54:01',84,NULL),(94,14,NULL,NULL,-30.00,'auto charge during call','approved','2017-10-05 11:55:01',84,NULL),(95,14,3,'ch_1B9Y212eZvKYlo2C07ZmPpgC',40.00,'','approved','2017-10-05 12:00:49',NULL,NULL),(96,14,NULL,NULL,-30.00,'auto charge during call','approved','2017-10-05 12:01:18',86,NULL),(97,14,NULL,NULL,-30.00,'auto charge during call','approved','2017-10-05 12:02:21',86,NULL),(98,14,3,'ch_1B9Y492eZvKYlo2CU5ZMln9r',30.00,'','approved','2017-10-05 12:03:01',NULL,NULL),(99,14,NULL,NULL,-30.00,'auto charge during call','approved','2017-10-05 12:03:13',86,NULL),(100,14,NULL,NULL,-30.00,'auto charge during call','approved','2017-10-05 12:04:16',86,NULL),(101,14,3,'ch_1B9Y5x2eZvKYlo2CvCcuFhBk',3.00,'','approved','2017-10-05 12:04:54',NULL,NULL),(102,14,NULL,NULL,-3.00,'auto charge during call','approved','2017-10-05 12:05:19',86,NULL),(103,14,3,'ch_1B9YAQ2eZvKYlo2CNr8oppkc',100.00,'','approved','2017-10-05 12:09:31',NULL,NULL),(104,14,NULL,NULL,-7.00,'auto charge during call','approved','2017-10-05 12:16:31',91,NULL),(105,14,NULL,NULL,-7.00,'auto charge during call','approved','2017-10-05 12:30:01',98,NULL),(106,14,NULL,NULL,-7.00,'auto charge during call','approved','2017-10-05 12:30:15',98,NULL),(107,14,NULL,NULL,-7.00,'auto charge during call','approved','2017-10-05 12:32:01',99,NULL),(108,14,NULL,NULL,-30.00,'auto charge during call','approved','2017-10-05 12:33:37',100,NULL),(109,14,NULL,NULL,-30.00,'auto charge during call','approved','2017-10-05 12:34:34',100,NULL),(110,14,NULL,NULL,-12.00,'auto charge during call','approved','2017-10-05 12:35:33',100,NULL),(111,14,3,'ch_1B9ZeY2eZvKYlo2CImsGyjc7',100.00,'','approved','2017-10-05 13:44:43',NULL,NULL),(112,14,NULL,NULL,-30.00,'auto charge during call','approved','2017-10-05 13:45:14',101,NULL),(113,14,NULL,NULL,-30.00,'auto charge during call','approved','2017-10-05 13:50:01',102,NULL),(114,14,NULL,NULL,-7.00,'auto charge during call','approved','2017-10-05 13:52:01',103,NULL),(115,14,NULL,NULL,-7.00,'auto charge during call','approved','2017-10-05 13:52:32',103,NULL),(116,14,NULL,NULL,-7.00,'auto charge during call','approved','2017-10-05 13:54:01',104,NULL),(117,14,3,'ch_1B9Zo12eZvKYlo2C3SFT9FmO',40.00,'','approved','2017-10-05 13:54:30',NULL,NULL),(118,14,NULL,NULL,-7.00,'auto charge during call','approved','2017-10-05 13:55:01',104,NULL),(119,14,NULL,NULL,-7.00,'auto charge during call','approved','2017-10-05 13:56:01',104,NULL),(120,14,NULL,NULL,-7.00,'auto charge during call','approved','2017-10-05 13:57:01',104,NULL),(121,14,NULL,NULL,-7.00,'auto charge during call','approved','2017-10-05 13:58:01',104,NULL),(122,14,NULL,NULL,-7.00,'auto charge during call','approved','2017-10-05 13:59:02',104,NULL),(123,14,NULL,NULL,-7.00,'auto charge during call','approved','2017-10-05 14:02:01',105,NULL),(124,14,NULL,NULL,-7.00,'auto charge during call','approved','2017-10-05 14:03:01',105,NULL),(125,14,NULL,NULL,-7.00,'auto charge during call','approved','2017-10-05 14:04:15',106,NULL),(126,14,3,'ch_1B9Zxx2eZvKYlo2CvUFc2oMf',30.00,'','approved','2017-10-05 14:04:46',NULL,NULL),(127,14,NULL,NULL,-7.00,'auto charge during call','approved','2017-10-05 14:05:01',107,NULL),(128,14,NULL,NULL,-7.00,'auto charge during call','approved','2017-10-05 14:07:01',108,NULL),(129,14,NULL,NULL,-7.00,'auto charge during call','approved','2017-10-05 14:08:01',108,NULL),(130,14,NULL,NULL,-7.00,'auto charge during call','approved','2017-10-05 14:09:01',108,NULL),(131,14,3,'ch_1B9a362eZvKYlo2CTBbH63bR',20.00,'','approved','2017-10-05 14:10:04',NULL,NULL),(132,14,NULL,NULL,-7.00,'auto charge during call','approved','2017-10-05 14:11:21',109,NULL),(133,14,NULL,NULL,-7.00,'auto charge during call','approved','2017-10-05 14:12:36',110,NULL),(134,14,3,'ch_1B9aD42eZvKYlo2C24jGqUkf',20.00,'','approved','2017-10-05 14:20:23',NULL,NULL),(135,6,NULL,NULL,-30.00,'auto charge during call','approved','2017-10-05 14:24:01',112,NULL),(136,6,2,'ch_1B9aHW2eZvKYlo2CJwxcya8h',30.00,'','approved','2017-10-05 14:24:58',NULL,NULL),(137,6,NULL,NULL,-30.00,'auto charge during call','approved','2017-10-05 14:25:01',112,NULL),(138,6,2,'ch_1B9aIs2eZvKYlo2CQr9h5gxJ',40.00,'','approved','2017-10-05 14:26:22',NULL,NULL),(139,14,NULL,NULL,-7.00,'auto charge during call','approved','2017-10-05 14:30:01',114,NULL),(140,14,NULL,NULL,-7.00,'auto charge during call','approved','2017-10-05 14:33:01',115,NULL),(141,14,NULL,NULL,40.00,'','approved','2017-10-15 05:49:06',NULL,'38377743MR420132W'),(142,14,NULL,NULL,40.00,'','approved','2017-10-15 05:56:32',NULL,'8P5507585R051894N'),(143,17,NULL,NULL,10.00,'Registration Bonus','approved','2017-10-25 03:11:35',NULL,NULL),(144,18,NULL,NULL,10.00,'Registration Bonus','approved','2017-10-27 02:38:45',NULL,NULL),(145,19,NULL,NULL,10.00,'Registration Bonus','approved','2017-11-03 10:24:55',NULL,NULL),(175,54,NULL,NULL,10.00,'Registration Bonus','approved','2017-11-23 11:07:50',NULL,NULL),(182,54,4,'ch_1BTqkP2eZvKYlo2C4P4Nl3n9',20.00,'','approved','2017-11-30 12:02:34',NULL,NULL),(183,54,5,'ch_1BTr7e2eZvKYlo2CWQxHnXag',10.00,'','approved','2017-11-30 12:26:35',NULL,NULL),(184,54,5,'ch_1BTrDN2eZvKYlo2CND7anYjr',10.00,'','approved','2017-11-30 12:32:30',NULL,NULL),(185,54,6,'ch_1BTrdq2eZvKYlo2Cnx1PkCQT',10.00,'','approved','2017-11-30 12:59:51',NULL,NULL),(189,54,NULL,NULL,-6.00,'auto charge during call','approved','2017-12-06 06:12:17',119,NULL),(190,6,NULL,NULL,-3.00,'auto charge during call','approved','2017-12-06 11:05:01',121,NULL),(191,6,2,'ch_1BW0m62eZvKYlo2CTVK9YAWM',20.00,'','approved','2017-12-06 11:09:15',NULL,NULL),(192,6,NULL,NULL,-3.00,'auto charge during call','approved','2017-12-06 11:11:30',122,NULL),(193,6,NULL,NULL,-3.00,'auto charge during call','approved','2017-12-06 11:12:34',122,NULL),(194,6,NULL,NULL,-3.00,'auto charge during call','approved','2017-12-06 11:13:37',122,NULL),(195,6,NULL,NULL,-3.00,'auto charge during call','approved','2017-12-06 11:14:30',122,NULL),(196,6,NULL,NULL,-3.00,'auto charge during call','approved','2017-12-06 11:15:37',122,NULL),(197,6,NULL,NULL,-3.00,'auto charge during call','approved','2017-12-06 11:16:34',122,NULL),(198,6,NULL,NULL,-3.00,'auto charge during call','approved','2017-12-06 11:17:32',122,NULL),(199,6,NULL,NULL,-3.00,'auto charge during call','approved','2017-12-06 11:18:40',122,NULL),(200,6,NULL,NULL,-3.00,'auto charge during call','approved','2017-12-06 11:19:24',122,NULL),(201,6,NULL,NULL,-3.00,'auto charge during call','approved','2017-12-06 11:21:01',122,NULL),(202,6,NULL,NULL,-3.00,'auto charge during call','approved','2017-12-06 11:21:31',122,NULL),(203,6,NULL,NULL,-3.00,'auto charge during call','approved','2017-12-06 11:22:27',122,NULL),(204,6,NULL,NULL,-3.00,'auto charge during call','approved','2017-12-06 11:23:38',122,NULL),(205,6,NULL,NULL,-3.00,'auto charge during call','approved','2017-12-06 11:24:30',122,NULL),(206,6,NULL,NULL,-3.00,'auto charge during call','approved','2017-12-06 11:25:30',122,NULL),(207,6,NULL,NULL,-3.00,'auto charge during call','approved','2017-12-06 11:26:40',122,NULL),(208,6,NULL,NULL,-3.00,'auto charge during call','approved','2017-12-06 11:27:24',122,NULL),(209,6,NULL,NULL,-3.00,'auto charge during call','approved','2017-12-06 11:28:31',122,NULL),(210,6,NULL,NULL,-3.00,'auto charge during call','approved','2017-12-06 11:29:37',122,NULL),(211,6,NULL,NULL,-7.00,'auto charge during call','approved','2017-12-06 15:03:34',123,NULL),(212,6,NULL,NULL,-7.00,'auto charge during call','approved','2017-12-06 15:04:19',123,NULL),(213,6,NULL,NULL,-7.00,'auto charge during call','approved','2017-12-06 15:05:25',123,NULL),(214,6,NULL,NULL,-7.00,'auto charge during call','approved','2017-12-06 15:06:30',123,NULL),(215,6,NULL,NULL,-7.00,'auto charge during call','approved','2017-12-06 15:07:18',123,NULL),(216,6,NULL,NULL,-2.00,'auto charge during call','approved','2017-12-06 15:08:19',123,NULL),(217,6,2,'ch_1BW4WR2eZvKYlo2CZnuf2WRn',256.00,'','approved','2017-12-06 15:09:20',NULL,NULL),(218,6,NULL,NULL,-7.00,'auto charge during call','approved','2017-12-06 15:09:38',124,NULL),(219,6,NULL,NULL,-7.00,'auto charge during call','approved','2017-12-06 15:10:36',124,NULL),(220,6,NULL,NULL,-7.00,'auto charge during call','approved','2017-12-06 15:12:02',124,NULL),(221,6,NULL,NULL,-7.00,'auto charge during call','approved','2017-12-06 15:13:01',124,NULL),(222,6,NULL,NULL,-7.00,'auto charge during call','approved','2017-12-06 15:14:01',124,NULL),(223,6,NULL,NULL,-7.00,'auto charge during call','approved','2017-12-06 15:15:01',124,NULL),(224,6,NULL,NULL,-7.00,'auto charge during call','approved','2017-12-06 15:16:01',124,NULL),(225,6,NULL,NULL,-7.00,'auto charge during call','approved','2017-12-06 15:17:01',124,NULL),(226,6,NULL,NULL,-7.00,'auto charge during call','approved','2017-12-06 15:18:01',124,NULL),(227,6,NULL,NULL,-7.00,'auto charge during call','approved','2017-12-06 15:19:01',124,NULL),(228,6,NULL,NULL,-7.00,'auto charge during call','approved','2017-12-06 15:20:01',124,NULL),(229,6,NULL,NULL,-7.00,'auto charge during call','approved','2017-12-06 15:21:01',124,NULL),(230,6,NULL,NULL,-7.00,'auto charge during call','approved','2017-12-06 15:21:40',124,NULL),(231,6,NULL,NULL,-7.00,'auto charge during call','approved','2017-12-06 15:22:37',124,NULL),(232,6,NULL,NULL,-7.00,'auto charge during call','approved','2017-12-06 15:23:40',124,NULL),(233,6,NULL,NULL,-7.00,'auto charge during call','approved','2017-12-06 15:25:01',124,NULL),(234,6,NULL,NULL,-7.00,'auto charge during call','approved','2017-12-06 15:26:01',124,NULL),(235,6,NULL,NULL,-7.00,'auto charge during call','approved','2017-12-06 15:26:38',124,NULL),(236,6,NULL,NULL,-7.00,'auto charge during call','approved','2017-12-06 15:27:38',124,NULL),(237,6,NULL,NULL,-7.00,'auto charge during call','approved','2017-12-06 15:29:01',124,NULL),(238,6,NULL,NULL,-7.00,'auto charge during call','approved','2017-12-06 15:30:01',124,NULL),(239,6,NULL,NULL,-7.00,'auto charge during call','approved','2017-12-06 15:30:41',124,NULL),(240,6,NULL,NULL,-7.00,'auto charge during call','approved','2017-12-06 15:32:01',124,NULL),(241,6,NULL,NULL,-7.00,'auto charge during call','approved','2017-12-06 15:33:02',124,NULL),(242,6,NULL,NULL,-7.00,'auto charge during call','approved','2017-12-06 15:34:01',124,NULL),(243,6,NULL,NULL,-7.00,'auto charge during call','approved','2017-12-06 15:35:01',124,NULL),(244,6,NULL,NULL,-7.00,'auto charge during call','approved','2017-12-06 15:36:01',124,NULL),(245,6,NULL,NULL,-7.00,'auto charge during call','approved','2017-12-06 15:37:01',124,NULL),(246,6,NULL,NULL,-7.00,'auto charge during call','approved','2017-12-06 15:38:01',124,NULL),(247,6,NULL,NULL,-7.00,'auto charge during call','approved','2017-12-06 15:39:01',124,NULL),(248,6,NULL,NULL,-7.00,'auto charge during call','approved','2017-12-06 15:40:01',124,NULL),(249,6,NULL,NULL,-7.00,'auto charge during call','approved','2017-12-06 15:41:01',124,NULL),(250,6,NULL,NULL,-7.00,'auto charge during call','approved','2017-12-06 15:42:01',124,NULL),(251,6,NULL,NULL,-7.00,'auto charge during call','approved','2017-12-06 15:43:02',124,NULL),(252,6,NULL,NULL,-7.00,'auto charge during call','approved','2017-12-06 15:43:37',124,NULL),(253,6,NULL,NULL,-7.00,'auto charge during call','approved','2017-12-06 15:44:36',124,NULL),(254,6,NULL,NULL,-4.00,'auto charge during call','approved','2017-12-06 15:46:01',124,NULL),(255,6,2,'ch_1BW58h2eZvKYlo2CAdLcMz57',20.00,'','approved','2017-12-06 15:48:52',NULL,NULL),(256,6,NULL,NULL,-3.00,'auto charge during call','approved','2017-12-06 16:05:33',127,NULL),(257,6,NULL,NULL,-3.00,'auto charge during call','approved','2017-12-06 16:06:34',127,NULL),(258,6,NULL,NULL,-3.00,'auto charge during call','approved','2017-12-06 16:07:31',127,NULL),(259,6,NULL,NULL,-3.00,'auto charge during call','approved','2017-12-06 16:08:25',127,NULL),(260,6,NULL,NULL,-3.00,'auto charge during call','approved','2017-12-06 16:09:24',127,NULL),(261,6,NULL,NULL,-3.00,'auto charge during call','approved','2017-12-06 16:10:19',127,NULL),(262,6,NULL,NULL,-2.00,'auto charge during call','approved','2017-12-06 16:11:21',127,NULL),(274,6,2,'ch_1BWchK2eZvKYlo2CYfge4qSG',40.00,'','approved','2017-12-08 03:38:50',NULL,NULL),(275,6,NULL,NULL,-3.00,'auto charge during call','approved','2017-12-08 03:39:18',128,NULL),(276,6,NULL,NULL,-3.00,'auto charge during call','approved','2017-12-08 03:40:19',128,NULL),(277,6,NULL,NULL,-3.00,'auto charge during call','approved','2017-12-08 03:41:18',128,NULL),(278,6,NULL,NULL,-3.00,'auto charge during call','approved','2017-12-08 03:42:15',128,NULL),(279,6,NULL,NULL,-3.00,'auto charge during call','approved','2017-12-08 03:43:20',128,NULL),(280,6,NULL,NULL,-3.00,'auto charge during call','approved','2017-12-08 03:44:21',128,NULL),(281,6,NULL,NULL,-3.00,'auto charge during call','approved','2017-12-08 03:45:20',128,NULL),(282,6,NULL,NULL,-3.00,'auto charge during call','approved','2017-12-08 03:46:26',128,NULL),(283,6,NULL,NULL,-3.00,'auto charge during call','approved','2017-12-08 03:47:20',128,NULL),(284,6,NULL,NULL,-3.00,'auto charge during call','approved','2017-12-08 03:48:29',128,NULL),(285,6,NULL,NULL,-3.00,'auto charge during call','approved','2017-12-08 03:49:33',128,NULL),(286,6,NULL,NULL,-3.00,'auto charge during call','approved','2017-12-08 03:50:17',128,NULL),(287,6,NULL,NULL,-3.00,'auto charge during call','approved','2017-12-08 03:51:29',128,NULL),(288,6,NULL,NULL,-1.00,'auto charge during call','approved','2017-12-08 03:52:21',128,NULL),(289,54,NULL,NULL,-1.00,'auto charge during call','approved','2017-12-08 07:25:01',133,NULL),(290,54,NULL,NULL,-1.00,'auto charge during call','approved','2017-12-08 08:55:35',134,NULL),(291,54,NULL,NULL,-1.00,'auto charge during call','approved','2017-12-08 09:00:18',135,NULL),(292,54,NULL,NULL,-1.00,'auto charge during call','approved','2017-12-08 09:02:31',137,NULL),(294,54,14,'ch_1BYUeE2eZvKYlo2Ch0qwRrE1',10.00,'','approved','2017-12-13 07:27:23',NULL,NULL),(295,54,15,'ch_1BYZTS2eZvKYlo2Cp4YzRsGm',10.00,'','approved','2017-12-13 12:36:35',NULL,NULL),(296,54,16,'ch_1BYZVa2eZvKYlo2CbN03uCn4',10.00,'','approved','2017-12-13 12:38:46',NULL,NULL),(297,54,21,'ch_1BYaSm2eZvKYlo2CA0cHyMPo',10.00,'','approved','2017-12-13 13:39:57',NULL,NULL),(298,54,22,'ch_1BYaVd2eZvKYlo2C01ju3iDC',10.00,'','approved','2017-12-13 13:42:53',NULL,NULL),(301,54,24,'ch_1BYarx2eZvKYlo2CfPFyfdhG',10.00,'','approved','2017-12-13 14:05:58',NULL,NULL),(372,54,NULL,NULL,-1.00,'auto charge during call','approved','2017-12-19 09:26:37',155,NULL),(391,54,NULL,NULL,-40.00,'auto charge during call','approved','2017-12-19 11:48:01',159,NULL),(392,54,NULL,NULL,-4.00,'auto charge during call','approved','2017-12-19 11:49:01',159,NULL),(393,54,NULL,NULL,-4.00,'auto charge during call','approved','2017-12-19 11:50:01',159,NULL),(444,54,NULL,NULL,-4.00,'auto charge during call','approved','2017-12-20 11:30:01',179,NULL),(445,54,5,'ch_1Bb5oN2eZvKYlo2CP9AwJ6SF',10.00,'','approved','2017-12-20 11:32:35',NULL,NULL),(446,54,NULL,NULL,-4.00,'auto charge during call','approved','2017-12-20 11:56:02',193,NULL),(447,54,NULL,NULL,-4.00,'auto charge during call','approved','2017-12-20 12:10:16',194,NULL),(455,54,NULL,NULL,-6.00,'auto charge during call','approved','2017-12-21 07:32:20',202,NULL),(457,54,NULL,NULL,-6.00,'auto charge during call','approved','2017-12-21 07:33:12',202,NULL),(458,54,NULL,NULL,-6.00,'auto charge during call','approved','2017-12-21 07:34:18',202,NULL),(459,54,NULL,NULL,-6.00,'auto charge during call','approved','2017-12-21 07:35:15',202,NULL),(461,18,NULL,NULL,20.00,'Paypal payment','declined','2017-12-21 09:01:19',NULL,'PAY-6BU68824M0968182TLI5XQXY'),(462,18,30,'ch_1BbPz52eZvKYlo2CQjwWN9Bl',20.00,'','approved','2017-12-21 09:05:00',NULL,NULL),(463,18,30,'ch_1BbPzs2eZvKYlo2CIq3UC04s',20.00,'','approved','2017-12-21 09:05:49',NULL,NULL),(475,6,2,'ch_1BbYX12eZvKYlo2CMVALN0KQ',40.00,'','approved','2017-12-21 18:12:35',NULL,NULL),(525,54,NULL,NULL,-2.00,'auto charge during call','approved','2017-12-27 11:03:02',298,NULL),(526,54,NULL,NULL,-2.00,'auto charge during call','approved','2017-12-27 11:09:01',299,NULL),(556,54,NULL,NULL,-2.00,'auto charge during call','approved','2017-12-27 12:50:01',336,NULL),(567,6,NULL,NULL,-3.00,'auto charge during call','approved','2017-12-28 03:41:21',372,NULL),(580,6,2,'ch_1BdvVR2eZvKYlo2Cx7fwnxMH',20.00,'','approved','2017-12-28 07:08:46',NULL,NULL),(598,6,NULL,NULL,-3.00,'auto charge during call','approved','2017-12-29 02:51:17',416,NULL),(599,6,NULL,NULL,-3.00,'auto charge during call','approved','2017-12-29 02:52:19',416,NULL),(600,6,NULL,NULL,-3.00,'auto charge during call','approved','2017-12-29 06:44:15',417,NULL),(601,6,2,'ch_1BeHc62eZvKYlo2CjnhNFJr1',10.00,'','approved','2017-12-29 06:45:06',NULL,NULL),(602,6,NULL,NULL,-3.00,'auto charge during call','approved','2017-12-29 06:45:11',417,NULL),(603,6,NULL,NULL,20.00,'Paypal payment','declined','2017-12-29 07:09:34',NULL,'PAY-8UM38097HN8124808LJC6ULQ'),(604,6,NULL,NULL,20.00,'Paypal payment','declined','2017-12-29 07:10:52',NULL,'PAY-3WC917986Y009014ALJC6U7A'),(608,120,NULL,NULL,10.00,'Registration Bonus','approved','2018-01-02 08:47:36',NULL,NULL),(609,120,39,'ch_1Bfn4i2eZvKYlo2CDvxwjUnU',20.00,'','approved','2018-01-02 10:32:53',NULL,NULL),(610,120,39,'ch_1Bfn5E2eZvKYlo2CEAKeIMDp',10.00,'','approved','2018-01-02 10:33:24',NULL,NULL),(611,120,NULL,NULL,10.00,'Paypal payment','declined','2018-01-02 10:33:43',NULL,'PAY-9KJ4474822666790BLJFWABY'),(612,120,NULL,NULL,-2.00,'auto charge during call','approved','2018-01-02 11:17:01',422,NULL),(613,121,NULL,NULL,10.00,'Registration Bonus','approved','2018-01-02 11:33:27',NULL,NULL),(614,121,NULL,NULL,20.00,'Paypal payment','declined','2018-01-02 12:33:43',NULL,'PAY-6S687225PJ130403SLJFXYJY'),(617,6,2,'ch_1Bg3h62eZvKYlo2CLDfQbnaX',20.00,'','approved','2018-01-03 04:17:37',NULL,NULL),(618,6,NULL,NULL,20.00,'Paypal payment','declined','2018-01-03 04:18:11',NULL,'PAY-23V17160JA933562ELJGFTAY'),(619,6,2,'ch_1Bg3jD2eZvKYlo2Ccbc9B7xJ',100.00,'','approved','2018-01-03 04:19:48',NULL,NULL),(620,6,NULL,NULL,-3.00,'auto charge during call','approved','2018-01-03 04:33:01',426,NULL),(621,6,2,'ch_1Bg3wG2eZvKYlo2CZz5pK3tf',20.00,'','approved','2018-01-03 04:33:17',NULL,NULL),(622,6,NULL,NULL,-3.00,'auto charge during call','approved','2018-01-03 04:40:31',429,NULL),(623,120,NULL,NULL,20.00,'Paypal payment','declined','2018-01-03 07:01:20',NULL,'PAY-3XP27913JA8044036LJGH7QA'),(624,120,NULL,NULL,10.00,'Paypal payment','declined','2018-01-03 09:34:51',NULL,'PAY-1L997700RB817100PLJGKHOY'),(625,120,NULL,NULL,20.00,'Paypal payment','declined','2018-01-03 09:35:31',NULL,'PAY-1HB56861G6235762CLJGKHYY'),(626,6,NULL,NULL,-3.00,'auto charge during call','approved','2018-01-04 00:10:36',432,NULL),(627,6,NULL,NULL,-3.00,'auto charge during call','approved','2018-01-04 00:13:01',433,NULL),(628,6,NULL,NULL,-3.00,'auto charge during call','approved','2018-01-04 00:14:01',433,NULL),(629,6,NULL,NULL,-3.00,'auto charge during call','approved','2018-01-04 00:15:01',433,NULL),(630,6,NULL,NULL,-3.00,'auto charge during call','approved','2018-01-04 00:16:01',433,NULL),(631,6,NULL,NULL,-3.00,'auto charge during call','approved','2018-01-04 00:17:01',433,NULL),(632,6,NULL,NULL,-3.00,'auto charge during call','approved','2018-01-04 00:18:01',433,NULL),(633,6,NULL,NULL,-3.00,'auto charge during call','approved','2018-01-04 00:19:01',433,NULL),(634,120,NULL,NULL,-2.00,'auto charge during call','approved','2018-01-04 09:35:01',435,NULL),(635,120,NULL,NULL,-2.00,'auto charge during call','approved','2018-01-04 09:38:01',436,NULL),(636,120,NULL,NULL,-2.00,'auto charge during call','approved','2018-01-04 09:41:02',437,NULL),(637,120,NULL,NULL,-2.00,'auto charge during call','approved','2018-01-04 09:49:34',438,NULL),(638,120,NULL,NULL,-2.00,'auto charge during call','approved','2018-01-04 09:59:25',439,NULL),(639,120,NULL,NULL,-2.00,'auto charge during call','approved','2018-01-04 10:00:29',439,NULL),(640,120,NULL,NULL,-2.00,'auto charge during call','approved','2018-01-04 10:04:01',441,NULL),(641,120,NULL,NULL,-2.00,'auto charge during call','approved','2018-01-04 10:18:27',444,NULL),(642,120,NULL,NULL,-2.00,'auto charge during call','approved','2018-01-04 10:28:16',446,NULL),(643,120,NULL,NULL,-2.00,'auto charge during call','approved','2018-01-04 10:29:01',447,NULL),(644,120,NULL,NULL,-2.00,'auto charge during call','approved','2018-01-04 10:30:01',447,NULL),(645,120,NULL,NULL,-2.00,'auto charge during call','approved','2018-01-04 10:34:01',448,NULL),(646,120,NULL,NULL,-2.00,'auto charge during call','approved','2018-01-04 10:35:38',450,NULL),(647,120,NULL,NULL,-2.00,'auto charge during call','approved','2018-01-04 10:36:22',451,NULL),(648,120,NULL,NULL,-2.00,'auto charge during call','approved','2018-01-05 05:12:14',452,NULL),(649,120,NULL,NULL,-2.00,'auto charge during call','approved','2018-01-05 06:41:01',453,NULL),(650,120,NULL,NULL,-2.00,'auto charge during call','approved','2018-01-05 06:59:12',454,NULL),(651,6,NULL,NULL,-3.00,'auto charge during call','approved','2018-01-05 21:18:01',456,NULL),(652,6,2,'ch_1Bh2a12eZvKYlo2CC4DQwsK3',20.00,'','approved','2018-01-05 21:18:22',NULL,NULL),(653,6,NULL,NULL,-3.00,'auto charge during call','approved','2018-01-05 21:19:01',456,NULL),(654,6,NULL,NULL,-3.00,'auto charge during call','approved','2018-01-05 21:20:01',456,NULL),(655,6,NULL,NULL,-3.00,'auto charge during call','approved','2018-01-05 21:21:01',456,NULL),(656,120,NULL,NULL,10.00,'Paypal payment','declined','2018-01-09 09:19:24',NULL,'PAY-05116556FC278844RLJKISHA'),(657,120,NULL,NULL,10.00,'Paypal payment','declined','2018-01-09 09:21:27',NULL,'PAY-5WL32314P7683460GLJKITFY'),(658,120,NULL,NULL,10.00,'Paypal payment','declined','2018-01-09 09:26:47',NULL,'PAY-68816056T8885115VLJKIVVY'),(659,120,39,'ch_1BidWI2eZvKYlo2Crba8XeUr',174.00,'','approved','2018-01-10 06:57:06',NULL,NULL),(660,124,NULL,NULL,10.00,'Registration Bonus','approved','2018-01-10 11:09:54',NULL,NULL),(661,125,NULL,NULL,10.00,'Registration Bonus','approved','2018-01-10 11:12:12',NULL,NULL),(662,125,NULL,NULL,10.00,'Paypal payment','declined','2018-01-11 06:20:30',NULL,'PAY-6FW29830SK2557647LJLQELQ'),(663,120,NULL,NULL,-2.00,'auto charge during call','approved','2018-01-16 12:57:31',472,NULL),(664,120,NULL,NULL,-2.00,'auto charge during call','approved','2018-01-18 08:55:30',482,NULL),(665,120,39,'ch_1BlZoN2eZvKYlo2CbDkfnfJO',100.00,'','approved','2018-01-18 09:35:56',NULL,NULL),(666,120,39,'ch_1BlZoW2eZvKYlo2C37alOOUM',100.00,'','approved','2018-01-18 09:36:05',NULL,NULL),(667,120,NULL,NULL,-2.00,'auto charge during call','approved','2018-01-18 09:37:13',486,NULL),(668,120,39,'ch_1BlZpk2eZvKYlo2CuGzD0F2b',20.00,'','approved','2018-01-18 09:37:21',NULL,NULL),(669,120,39,'ch_1BlZsB2eZvKYlo2CoAhofZxs',20.00,'','approved','2018-01-18 09:39:52',NULL,NULL),(670,120,39,'ch_1BlZss2eZvKYlo2CvJyx1xPb',20.00,'','approved','2018-01-18 09:40:34',NULL,NULL),(671,120,39,'ch_1BlZtL2eZvKYlo2ClWEfO9KE',20.00,'','approved','2018-01-18 09:41:03',NULL,NULL),(672,120,39,'ch_1BlZxP2eZvKYlo2CEDpVMo3Q',20.00,'','approved','2018-01-18 09:45:16',NULL,NULL),(673,120,39,'ch_1BlZxg2eZvKYlo2CCPwWea6D',10.00,'','approved','2018-01-18 09:45:33',NULL,NULL),(674,120,39,'ch_1BlZxz2eZvKYlo2CUgGqn5Up',10.00,'','approved','2018-01-18 09:45:51',NULL,NULL),(675,120,NULL,NULL,-2.00,'auto charge during call','approved','2018-01-18 10:16:19',496,NULL),(676,120,39,'ch_1BlaSx2eZvKYlo2CH7mYU3Cv',20.00,'','approved','2018-01-18 10:17:52',NULL,NULL),(677,120,NULL,NULL,-2.00,'auto charge during call','approved','2018-01-18 10:51:01',508,NULL),(678,120,NULL,NULL,-2.00,'auto charge during call','approved','2018-01-18 11:18:01',513,NULL),(679,120,NULL,NULL,-2.00,'auto charge during call','approved','2018-01-18 11:45:27',518,NULL),(680,120,NULL,NULL,-2.00,'auto charge during call','approved','2018-01-18 12:02:20',523,NULL),(681,120,NULL,NULL,-2.00,'auto charge during call','approved','2018-01-18 12:50:01',537,NULL),(682,120,NULL,NULL,-2.00,'auto charge during call','approved','2018-01-18 12:57:21',540,NULL),(683,120,NULL,NULL,-2.00,'auto charge during call','approved','2018-01-19 09:07:15',577,NULL),(684,120,NULL,NULL,-2.00,'auto charge during call','approved','2018-01-19 09:09:01',578,NULL),(685,120,NULL,NULL,-2.00,'auto charge during call','approved','2018-01-19 11:20:01',588,NULL),(686,120,NULL,NULL,-2.00,'auto charge during call','approved','2018-01-19 11:21:12',589,NULL),(687,120,NULL,NULL,-2.00,'auto charge during call','approved','2018-01-19 11:42:01',590,NULL),(689,120,NULL,NULL,-2.00,'auto charge during call','approved','2018-01-19 14:02:16',598,NULL),(691,120,NULL,NULL,-2.00,'auto charge during call','approved','2018-01-29 06:35:29',602,NULL),(692,120,NULL,NULL,-2.00,'auto charge during call','approved','2018-01-29 06:52:02',603,NULL),(693,171,NULL,NULL,10.00,'Registration Bonus','approved','2018-01-29 09:38:15',NULL,NULL),(694,171,NULL,NULL,20.00,'Paypal payment','declined','2018-01-29 10:11:25',NULL,'PAY-6HV3538892354100ELJXPGTI'),(695,121,NULL,NULL,-2.00,'auto charge during call','approved','2018-01-29 10:28:29',604,NULL),(696,172,NULL,NULL,10.00,'Registration Bonus','approved','2018-01-29 10:45:52',NULL,NULL),(697,172,NULL,NULL,20.00,'Paypal payment','declined','2018-01-29 10:46:20',NULL,'PAY-6TC13931797623819LJXPW7A'),(698,172,40,'ch_1BpaFA2eZvKYlo2CxT6vJUFK',20.00,'','approved','2018-01-29 10:52:09',NULL,NULL),(699,172,40,'ch_1BpaFL2eZvKYlo2CtksQmFwF',10.00,'','approved','2018-01-29 10:52:19',NULL,NULL),(700,171,42,'ch_1BpaR62eZvKYlo2C5m8ZKhQN',20.00,'','approved','2018-01-29 11:04:28',NULL,NULL),(701,120,39,'ch_1BqFGB2eZvKYlo2CYhjFGVo7',10.00,'','approved','2018-01-31 06:39:55',NULL,NULL),(702,120,39,'ch_1BqFGc2eZvKYlo2C4X2LVPKQ',20.00,'','approved','2018-01-31 06:40:23',NULL,NULL),(703,171,NULL,NULL,20.00,'Paypal payment','declined','2018-01-31 18:03:42',NULL,'PAY-11J052044U997540MLJZAJ7Q'),(704,173,NULL,NULL,10.00,'Registration Bonus','approved','2018-02-02 00:42:43',NULL,NULL),(705,120,NULL,NULL,-2.00,'auto charge during call','approved','2018-02-02 10:58:11',609,NULL);
/*!40000 ALTER TABLE `md_gruvi_bucks` ENABLE KEYS */;
UNLOCK TABLES;

--
-- Table structure for table `md_log`
--

DROP TABLE IF EXISTS `md_log`;
/*!40101 SET @saved_cs_client     = @@character_set_client */;
/*!40101 SET character_set_client = utf8 */;
CREATE TABLE `md_log` (
  `id` bigint(20) NOT NULL AUTO_INCREMENT,
  `level` int(11) DEFAULT NULL,
  `category` varchar(255) COLLATE utf8_unicode_ci DEFAULT NULL,
  `log_time` double DEFAULT NULL,
  `prefix` text COLLATE utf8_unicode_ci,
  `message` text COLLATE utf8_unicode_ci,
  PRIMARY KEY (`id`),
  KEY `idx_log_level` (`level`),
  KEY `idx_log_category` (`category`)
) ENGINE=InnoDB DEFAULT CHARSET=utf8 COLLATE=utf8_unicode_ci;
/*!40101 SET character_set_client = @saved_cs_client */;

--
-- Dumping data for table `md_log`
--

LOCK TABLES `md_log` WRITE;
/*!40000 ALTER TABLE `md_log` DISABLE KEYS */;
/*!40000 ALTER TABLE `md_log` ENABLE KEYS */;
UNLOCK TABLES;

--
-- Table structure for table `md_message`
--

DROP TABLE IF EXISTS `md_message`;
/*!40101 SET @saved_cs_client     = @@character_set_client */;
/*!40101 SET character_set_client = utf8 */;
CREATE TABLE `md_message` (
  `id` bigint(20) NOT NULL AUTO_INCREMENT,
  `customerId` int(11) NOT NULL DEFAULT '0',
  `readerId` int(11) NOT NULL DEFAULT '0',
  `message` text COLLATE utf8mb4_bin,
  `status` enum('visible','deleted','banned') COLLATE utf8mb4_bin NOT NULL DEFAULT 'visible',
  `createAt` timestamp NOT NULL DEFAULT CURRENT_TIMESTAMP,
  `changeAt` datetime DEFAULT NULL,
  PRIMARY KEY (`id`),
  KEY `fk_message_customerId_to_user_id` (`customerId`),
  KEY `fk_message_readerId_to_user_id` (`readerId`),
  KEY `idx_status` (`status`),
  KEY `idx_changeAt` (`changeAt`),
  CONSTRAINT `fk_message_customerId_to_user_id` FOREIGN KEY (`customerId`) REFERENCES `md_user` (`id`) ON DELETE CASCADE ON UPDATE CASCADE,
  CONSTRAINT `fk_message_readerId_to_user_id` FOREIGN KEY (`readerId`) REFERENCES `md_user` (`id`) ON DELETE CASCADE ON UPDATE CASCADE
) ENGINE=InnoDB AUTO_INCREMENT=381 DEFAULT CHARSET=utf8mb4 COLLATE=utf8mb4_bin;
/*!40101 SET character_set_client = @saved_cs_client */;

--
-- Dumping data for table `md_message`
--

LOCK TABLES `md_message` WRITE;
/*!40000 ALTER TABLE `md_message` DISABLE KEYS */;
INSERT INTO `md_message` VALUES (1,6,15,'My first message :)','visible','2017-09-28 20:55:15','2017-09-29 19:11:19'),(2,6,15,'Hi there! Are you available today?','visible','2017-09-29 15:48:35','2017-09-29 19:11:19'),(3,15,15,'HELLO! Yes, you can call me at any time','visible','2017-09-29 15:51:30',NULL),(4,6,15,'Great! I\'ll call you in 15 mins','visible','2017-09-29 15:52:10','2017-09-29 19:11:19'),(5,2,2,'What things hold you back from doing the things that you really want to?\n//Deep Philosophical Question','visible','2017-09-29 18:20:20',NULL),(6,15,15,'new message','visible','2017-09-29 19:12:37',NULL),(7,6,2,'Hello! How are you?','deleted','2017-09-29 19:16:33','2017-09-29 21:14:39'),(8,6,2,'Can I call you now?','banned','2017-09-29 19:16:47','2017-10-17 20:17:56'),(9,6,2,'Test for \nmulti line\nmessage :)','banned','2017-09-29 19:17:08','2017-10-17 20:17:56'),(10,2,2,'Sure, you can call me! ','visible','2017-09-29 19:18:17',NULL),(11,6,2,'Hi','banned','2017-09-29 21:13:44','2017-10-17 20:17:56'),(12,2,2,'Hi','visible','2017-09-29 21:14:38',NULL),(13,2,2,'Im login in already with link','visible','2017-09-29 21:14:56',NULL),(14,2,2,'Im great with future ','visible','2017-09-29 21:15:13',NULL),(15,6,2,'Ha\n','banned','2017-09-29 21:15:33','2017-10-17 20:17:56'),(16,2,2,'Im feeling ...ah a sigh of relief in your future','visible','2017-09-29 21:16:05',NULL),(17,2,2,'Ok now why\n','visible','2017-09-29 21:17:19',NULL),(18,2,2,'What... I meant','visible','2017-09-29 21:17:32',NULL),(19,2,2,'Can you see my text','visible','2017-09-29 21:20:38',NULL),(20,2,2,'Pluto direct yesterday have brought a sigh of relief to many','visible','2017-09-29 21:21:09',NULL),(21,6,2,'Hi ann','banned','2017-09-29 21:22:07','2017-10-17 20:17:56'),(22,2,2,'Sometimes the text after sent falls under the bar\n','visible','2017-09-29 21:22:17',NULL),(23,6,2,'Yeah','banned','2017-09-29 21:22:30','2017-10-17 20:17:56'),(24,2,2,'I have to scroll it up to see what I sent','visible','2017-09-29 21:22:48',NULL),(25,2,2,'I didnt see your text till I did that','visible','2017-09-29 21:23:13',NULL),(26,6,2,'So the questions are about blocking a user and about deleting a comment\n','banned','2017-09-29 21:23:23','2017-10-17 20:17:56'),(27,2,2,'Why is it in a box?\n','visible','2017-09-29 21:23:29',NULL),(28,2,2,'Also it wont sent till I hit the enter button','visible','2017-09-29 21:23:47',NULL),(29,6,2,'That is typical behavior','banned','2017-09-29 21:24:03','2017-10-17 20:17:56'),(30,2,2,'Oh I see','visible','2017-09-29 21:24:06',NULL),(31,2,2,'What are your questions','visible','2017-09-29 21:24:18',NULL),(32,6,2,'Some choose return as enter and some force enter\n','banned','2017-09-29 21:24:44','2017-10-17 20:17:56'),(33,6,2,'The reader can block a user. Right now that pulls all of that users comments too\n','banned','2017-09-29 21:25:51','2017-10-17 20:17:56'),(34,6,2,'And there is no way to unblock\n','banned','2017-09-29 21:26:05','2017-10-17 20:17:56'),(35,6,2,'The dev is wondering if we should add a list of blocked users for the reader','banned','2017-09-29 21:26:40','2017-10-17 20:17:56'),(36,6,2,'So they can unblock','banned','2017-09-29 21:26:48','2017-10-17 20:17:56'),(37,6,2,'Or','banned','2017-09-29 21:27:17','2017-10-17 20:17:56'),(38,2,2,'A list that they can keep\n','visible','2017-09-29 21:27:20',NULL),(39,2,2,'Of a Gruvi List?','visible','2017-09-29 21:27:34',NULL),(40,2,2,'We are blocking them from message or the site?','visible','2017-09-29 21:27:58',NULL),(41,6,2,'We just disable the user and leave his/ her comments and make the block user a toggle to unblock','banned','2017-09-29 21:28:04','2017-10-17 20:17:56'),(42,2,2,'I meant to say a Gruvi list','visible','2017-09-29 21:28:19',NULL),(43,6,2,'Right now from message','banned','2017-09-29 21:28:37','2017-10-17 20:17:56'),(44,2,2,'Ok','visible','2017-09-29 21:28:49',NULL),(45,2,2,'From my end it looks like I can delete comments','visible','2017-09-29 21:29:39',NULL),(46,2,2,'Happy happy happy test','deleted','2017-09-29 21:29:52','2017-09-29 21:30:01'),(47,6,2,'Individually yes','banned','2017-09-29 21:29:56','2017-10-17 20:17:56'),(48,6,2,'Per comment','banned','2017-09-29 21:30:02','2017-10-17 20:17:56'),(49,2,2,'Yes I just deleted my text','visible','2017-09-29 21:30:31',NULL),(50,6,2,' So if a user say something stupid you can delete the comment or if they say something bad or mean or nasty you can block them ','banned','2017-09-29 21:30:36','2017-10-17 20:17:56'),(51,6,2,'So should the reader be the only one or can user delete their own comments','banned','2017-09-29 21:31:14','2017-10-17 20:17:56'),(52,2,2,'Also, is it the developer or you that enables the reader from giving out and receiving personal info ie email address and phone numbers','visible','2017-09-29 21:32:07',NULL),(53,2,2,'Sounds good','visible','2017-09-29 21:32:30',NULL),(54,6,2,'You mean in a chat?\n','banned','2017-09-29 21:35:01','2017-10-17 20:17:56'),(55,2,2,'Yes','visible','2017-09-29 21:35:13',NULL),(56,6,2,'No word filtering exists at all','banned','2017-09-29 21:35:31','2017-10-17 20:17:56'),(57,6,2,'That is complex','banned','2017-09-29 21:35:40','2017-10-17 20:17:56'),(58,2,2,'We talked about that','visible','2017-09-29 21:35:58',NULL),(59,2,2,'Second phase?','visible','2017-09-29 21:36:46',NULL),(60,6,2,'It is very complex n can be worked around ','banned','2017-09-29 21:37:14','2017-10-17 20:17:56'),(61,6,2,'Bryan (at) gmail','banned','2017-09-29 21:37:34','2017-10-17 20:17:56'),(62,2,2,'I know ','visible','2017-09-29 21:37:52',NULL),(63,6,2,'Using letters as numbers etc','banned','2017-09-29 21:38:03','2017-10-17 20:17:56'),(64,2,2,'Ok','visible','2017-09-29 21:38:34',NULL),(65,6,2,'Its about how much money and effort u want to spend','banned','2017-09-29 21:38:59','2017-10-17 20:17:56'),(66,6,2,'Anything is doable','banned','2017-09-29 21:39:26','2017-10-17 20:17:56'),(67,6,2,'I will look into email n phone recognition n blocking','banned','2017-09-29 21:39:57','2017-10-17 20:17:56'),(68,2,2,'Will I be able to go over these and see what written with out going on and spying','visible','2017-09-29 21:40:06',NULL),(69,6,2,'Thots on blocking user?','banned','2017-09-29 21:40:27','2017-10-17 20:17:56'),(70,2,2,'This looks great\n','visible','2017-09-29 21:40:42',NULL),(71,6,2,'There is no capture of comments setup','banned','2017-09-29 21:40:57','2017-10-17 20:17:56'),(72,6,2,'Yay!','banned','2017-09-29 21:41:14','2017-10-17 20:17:56'),(73,2,2,'Tats find so I have to scan myself','visible','2017-09-29 21:41:39',NULL),(74,2,2,'Can you try to call me','visible','2017-09-29 21:42:18',NULL),(75,6,2,'We can build a gathering tool and a place for u review','banned','2017-09-29 21:42:22','2017-10-17 20:17:56'),(76,2,2,'That would be great','visible','2017-09-29 21:42:46',NULL),(77,2,2,'Are you happy with message','visible','2017-09-29 21:43:43',NULL),(78,6,2,'I like it\n\n','banned','2017-09-29 21:44:22','2017-10-17 20:17:56'),(79,6,2,'I tried to call you but would not initiate','banned','2017-09-29 21:44:36','2017-10-17 20:17:56'),(80,2,2,'Damn... it still says connecting under available','visible','2017-09-29 21:45:13',NULL),(81,6,2,'yeah - the iPad may not work without an app\n','banned','2017-09-29 21:45:53','2017-10-17 20:17:56'),(82,2,2,'This looks great Im excited to get this going ... if feel so much closer than Wednesday ','visible','2017-09-29 21:46:33',NULL),(83,6,2,'yeah- so I ned to get him a list of changes today for chat. Including how we deal with blocking users, and does it block for entire site? can reader unblock?','banned','2017-09-29 21:47:34','2017-10-17 20:17:56'),(84,2,2,'Ok.. ','visible','2017-09-29 21:49:13',NULL),(85,2,2,'People are crafty ','visible','2017-09-29 21:49:40',NULL),(86,6,2,'any thots?\ngenerally I would watch or interview readers for behaviors now...','banned','2017-09-29 21:49:51','2017-10-17 20:17:56'),(87,6,2,'yes they are','banned','2017-09-29 21:50:00','2017-10-17 20:17:56'),(88,2,2,'The message needs to not fall below line I shouldnt need to scroll a new message.. ','visible','2017-09-29 21:50:32',NULL),(89,6,2,'I know. that is a bug\n','banned','2017-09-29 21:51:24','2017-10-17 20:17:56'),(90,6,2,'that is fixable.','banned','2017-09-29 21:51:35','2017-10-17 20:17:56'),(91,2,2,'I trust your judgement on the blocking and what it will do it should be a site block  not just reader..','visible','2017-09-29 21:51:48',NULL),(92,6,2,'k\n','banned','2017-09-29 21:52:21','2017-10-17 20:17:56'),(93,2,2,'But I dont like that I have to take my finger and scroll to see a message','visible','2017-09-29 21:52:29',NULL),(94,6,2,'ha I get that.\n','banned','2017-09-29 21:52:59','2017-10-17 20:17:56'),(95,2,2,'Thank you','visible','2017-09-29 21:53:17',NULL),(96,2,2,'Do you need me for anything else? ','visible','2017-09-29 21:53:42',NULL),(97,2,2,'Today Im offering a feee question... lol','visible','2017-09-29 21:54:03',NULL),(98,2,2,'Free','visible','2017-09-29 21:54:12',NULL),(99,6,2,'ha\n','banned','2017-09-29 21:54:20','2017-10-17 20:17:56'),(100,6,2,'hmmm','banned','2017-09-29 21:54:25','2017-10-17 20:17:56'),(101,2,2,'For you ... offer good for one week!','visible','2017-09-29 21:56:09',NULL),(102,6,2,'ahhh thanks!','banned','2017-09-29 21:56:45','2017-10-17 20:17:56'),(103,2,2,'I have a question about the calls on check Mark?','visible','2017-09-29 21:57:19',NULL),(104,2,2,'Is that permanent?','visible','2017-09-29 21:57:51',NULL),(105,6,2,'that is on/off toggle','banned','2017-09-29 22:00:21','2017-10-17 20:17:56'),(106,6,2,'only seen from reader screen ... not user\n','banned','2017-09-29 22:00:49','2017-10-17 20:17:56'),(107,2,2,'Ok','visible','2017-09-29 22:03:16',NULL),(108,2,2,'Ok .. anything else?','visible','2017-09-29 22:16:02',NULL),(109,6,2,'test\n','banned','2017-10-02 19:55:10','2017-10-17 20:17:56'),(110,6,2,'test\n','banned','2017-10-02 19:56:50','2017-10-17 20:17:56'),(111,6,2,'test\'','banned','2017-10-02 20:01:08','2017-10-17 20:17:56'),(112,6,2,'test er','banned','2017-10-02 20:03:53','2017-10-17 20:17:56'),(113,6,3,'test\n','visible','2017-10-02 20:05:54',NULL),(114,6,3,'test again','visible','2017-10-02 20:06:00',NULL),(115,6,3,'test','visible','2017-10-02 20:06:04',NULL),(116,6,3,'One of the 6 Love Codes that Claire and I have written to you about recently is Connection Magic and the Art of Laser Dating...\n\nBut if youre feeling exhausted at the idea of dating, because youre faced with the prospect of liars, players, losers, addicts, Peter Pans and commitment-phobes\n\nI want you to know about a free webinar that my good friend, Art of Love guest mentor and noted dating coach Evan Marc Katz created to help women navigate dating and stay optimistic on their journey to life-long love! Its called\n','visible','2017-10-02 20:06:18',NULL),(117,6,3,'weirdness','deleted','2017-10-02 20:06:23','2017-10-02 20:10:44'),(118,6,3,'The 2 biggest obstacles you face in dating. Evan says that until you know what they are, you\'re doomed to remain single and paralyzed!\n\nThe surprising statistics about men and commitment. Tune in for a dirty little secret: divorced men are more likely to want to get married than divorced women! \n\nHow to instantly identify the #1 fear thats holding you back from true love. \n\n4 things you must do to cultivate a successful relationship. \n\nThe inspiring story of three women who finally landed the man of their dreams. \n\nAn exercise that ensures your future happiness is all but inevitable! ','deleted','2017-10-02 20:06:32','2017-10-02 20:10:38'),(119,6,3,'Consider it a gift of hope. A gift of optimism. A gift of joy. \n\nYou really do deserve to have it all, and if datings got you down, you wont want to miss this wonderful event!\n\nWith love, ','visible','2017-10-02 20:06:46',NULL),(120,2,2,'New test (1)','visible','2017-10-03 09:05:03',NULL),(121,2,2,'New test (2)','visible','2017-10-03 09:05:18',NULL),(122,14,2,'New test (3)\nctrl+enter = new line\nenter = submit','visible','2017-10-03 09:06:44','2017-10-03 17:33:46'),(123,9,2,'Internet Explorer test','visible','2017-10-03 09:08:02','2017-10-03 17:33:50'),(124,14,2,'ok','visible','2017-10-03 09:08:35','2017-10-03 17:33:46'),(125,6,2,'test','deleted','2017-10-04 04:21:22','2017-10-04 07:35:02'),(126,6,2,'test','deleted','2017-10-04 04:21:26','2017-10-04 07:35:05'),(127,6,2,'test','banned','2017-10-04 04:21:29','2017-10-17 20:17:56'),(128,2,2,'HI!','visible','2017-10-04 15:54:55',NULL),(129,16,2,'Hello there!','visible','2017-10-04 18:28:39',NULL),(130,2,2,'I see u','visible','2017-10-04 18:28:52',NULL),(131,6,2,'I\'m trying to call','banned','2017-10-04 18:38:58','2017-10-17 20:17:56'),(132,15,15,'Call me as a user','visible','2017-10-04 18:42:05',NULL),(133,15,15,'you can use halcyon.user@gmail.com pwd halcyon.user','visible','2017-10-04 18:43:26',NULL),(134,15,15,'or just login with facebook - it will create a new account for you with $10','visible','2017-10-04 18:43:46',NULL),(135,15,15,'then try to call','visible','2017-10-04 18:43:49',NULL),(136,2,2,'hi im available','visible','2017-10-04 20:33:50',NULL),(137,2,2,'ready for your quesion','visible','2017-10-04 20:33:58',NULL),(138,2,2,'great enter works great','visible','2017-10-04 20:34:08',NULL),(139,2,2,'are you calling','visible','2017-10-04 20:34:43',NULL),(140,6,2,'I am ','banned','2017-10-04 20:35:58','2017-10-17 20:17:56'),(141,6,2,'what computer are u on... what browser?','banned','2017-10-04 20:36:21','2017-10-17 20:17:56'),(142,2,2,'most likely a secure system','visible','2017-10-04 20:36:53',NULL),(143,2,2,'ill call cousin','visible','2017-10-04 20:36:59',NULL),(144,2,2,'loging out','visible','2017-10-04 20:37:07',NULL),(145,6,2,'k','banned','2017-10-04 20:37:14','2017-10-17 20:17:56'),(146,6,2,'try calling me','banned','2017-10-04 20:37:17','2017-10-17 20:17:56'),(147,2,2,'im in as freader','visible','2017-10-04 20:37:41',NULL),(148,2,2,'log in as halcyon.user@gmail.com','visible','2017-10-04 20:38:16',NULL),(149,2,2,'pw halcyon.user','visible','2017-10-04 20:38:22',NULL),(150,2,2,'im in','visible','2017-10-05 01:20:32',NULL),(151,6,2,'Hey','banned','2017-10-05 01:34:11','2017-10-17 20:17:56'),(152,6,2,'Hey','banned','2017-10-05 01:34:27','2017-10-17 20:17:56'),(153,2,2,'hi','visible','2017-10-13 01:05:51',NULL),(154,2,2,'hello','visible','2017-10-13 01:06:31',NULL),(155,2,2,'hi casandra','visible','2017-10-13 01:06:37',NULL),(156,6,2,'Hi','banned','2017-10-13 01:06:52','2017-10-17 20:17:56'),(157,2,2,'test message','visible','2017-10-17 13:46:52',NULL),(158,6,2,'hi!','banned','2017-10-17 13:48:04','2017-10-17 20:17:56'),(159,2,2,'test','visible','2017-10-17 20:09:06',NULL),(160,2,2,'test','visible','2017-10-17 20:14:52',NULL),(161,2,2,'I\'m calling','deleted','2017-10-20 19:27:39','2017-12-01 05:39:02'),(162,19,15,'HI','visible','2017-11-03 11:15:11',NULL),(163,19,2,'hi','visible','2017-11-03 11:16:08',NULL),(164,19,2,'hI','visible','2017-11-06 07:15:24',NULL),(165,19,2,'Hello','visible','2017-11-06 07:18:35',NULL),(166,19,19,'hi\'','deleted','2017-11-08 10:48:52','2017-11-08 10:49:06'),(167,19,19,'hi','visible','2017-11-08 10:49:10',NULL),(169,19,19,'How are you ?','visible','2017-11-08 10:57:33',NULL),(170,19,19,'Hi','visible','2017-11-24 11:52:25',NULL),(172,19,19,'hi','visible','2017-11-28 09:02:48',NULL),(173,19,19,'Hi','visible','2017-12-04 10:55:36',NULL),(174,54,19,'How are you ?','visible','2017-12-04 10:57:44','2017-12-20 11:48:29'),(175,19,19,'Fine','visible','2017-12-04 10:58:13',NULL),(178,19,19,'Hi Ankit','visible','2017-12-04 13:37:09',NULL),(179,54,19,'Hi','visible','2017-12-05 05:17:08','2017-12-20 11:48:29'),(180,19,19,'Replay ..','visible','2017-12-05 05:22:03',NULL),(181,19,19,'Hi Ankit','deleted','2017-12-05 07:27:48','2017-12-05 13:48:28'),(182,19,19,'I am venkata','deleted','2017-12-05 13:47:42','2017-12-05 13:48:31'),(183,19,19,'I am Ankit','deleted','2017-12-05 13:48:05','2017-12-05 13:48:34'),(184,19,19,'I am Ankit','visible','2017-12-05 13:48:54',NULL),(185,19,19,'Hi Ankit','visible','2017-12-05 13:49:05',NULL),(186,19,19,'Hi Ankit','visible','2017-12-07 12:23:17',NULL),(187,19,19,'hellooo','visible','2017-12-07 12:51:51',NULL),(188,19,19,'testing','visible','2017-12-07 12:53:14',NULL),(189,19,19,'helooo','visible','2017-12-07 12:53:30',NULL),(190,19,19,'tesing message','visible','2017-12-07 13:51:37',NULL),(191,2,2,'hello','visible','2017-12-08 09:49:17',NULL),(192,2,2,'testing','visible','2017-12-08 09:50:53',NULL),(193,2,2,'hello Gruvi','visible','2017-12-08 09:51:08',NULL),(194,2,2,'hello testing ','visible','2017-12-08 09:51:46',NULL),(195,19,19,'haiii','visible','2017-12-08 09:54:31',NULL),(196,19,19,'helloo','visible','2017-12-08 09:54:41',NULL),(197,19,19,'BDK','visible','2017-12-08 09:54:54',NULL),(200,19,19,'Yes , Hi','visible','2017-12-08 10:16:46',NULL),(204,19,19,'ok','visible','2017-12-08 10:29:36',NULL),(206,19,19,'ok','visible','2017-12-08 10:29:48',NULL),(207,19,19,'hahahahhahahah','visible','2017-12-08 10:29:51',NULL),(212,19,19,'helllooo','visible','2017-12-13 07:23:21',NULL),(213,19,19,'I am Ankit','visible','2017-12-13 07:30:19',NULL),(215,19,19,'dfaf','visible','2017-12-19 09:50:53',NULL),(216,19,19,'afadsf','visible','2017-12-20 09:45:49',NULL),(218,19,19,'Hi Venkata','visible','2017-12-20 13:34:14',NULL),(222,19,19,'hiiiii','visible','2017-12-21 06:58:11',NULL),(223,19,19,'ok','visible','2017-12-21 06:58:35',NULL),(225,19,19,'hiiiiiii','visible','2017-12-21 06:59:39',NULL),(226,19,19,'Venkat','visible','2017-12-21 07:00:09',NULL),(228,19,19,'here','visible','2017-12-21 07:00:20',NULL),(229,19,19,'Ok\n','visible','2017-12-21 07:01:06',NULL),(230,19,19,'testing msg ','visible','2017-12-21 07:14:06',NULL),(231,19,19,'?','visible','2017-12-21 07:29:27',NULL),(233,19,19,'hi','visible','2017-12-21 07:34:21',NULL),(234,18,63,'hi','visible','2017-12-21 08:28:21',NULL),(236,2,2,'gfch','visible','2017-12-22 18:22:29',NULL),(238,19,19,'hello','visible','2017-12-25 12:50:40',NULL),(239,19,19,'jvvvuv','visible','2017-12-26 06:38:23',NULL),(244,19,19,'hiiii','visible','2017-12-27 10:08:44',NULL),(246,6,3,'gfd','visible','2017-12-29 07:28:47',NULL),(249,120,2,'hiii test','visible','2018-01-02 09:11:56',NULL),(251,120,2,'hiii','visible','2018-01-02 09:35:49',NULL),(253,120,2,'hiiii','visible','2018-01-02 09:37:47',NULL),(254,120,2,'hiiii','visible','2018-01-02 09:37:55',NULL),(255,120,2,'hiiii','visible','2018-01-02 09:40:48',NULL),(256,120,2,'him i','visible','2018-01-02 09:43:17',NULL),(257,120,2,'hiii','visible','2018-01-02 09:43:24',NULL),(258,120,2,'hello','visible','2018-01-02 09:43:30',NULL),(259,120,19,'hiiii','visible','2018-01-02 09:44:03',NULL),(260,120,19,'hello','visible','2018-01-02 09:44:07',NULL),(261,19,19,'hiiii','visible','2018-01-02 10:50:13',NULL),(262,19,19,'hiiii','visible','2018-01-02 10:50:18',NULL),(263,19,19,'hiiiiiii','visible','2018-01-02 10:54:35',NULL),(264,19,19,'hiiiiiiiiii','visible','2018-01-02 10:55:23',NULL),(265,120,19,'hiii','visible','2018-01-02 10:59:05',NULL),(266,19,19,'hiii','visible','2018-01-02 11:02:35',NULL),(267,120,19,'hiii','visible','2018-01-02 11:02:50',NULL),(268,120,19,'hiii','visible','2018-01-02 11:03:02',NULL),(269,2,2,'cxff','visible','2018-01-03 04:41:17',NULL),(270,6,122,'hi ann','visible','2018-01-04 00:04:22',NULL),(271,120,2,'hii','visible','2018-01-04 09:14:31',NULL),(272,120,2,'hello','visible','2018-01-04 09:14:35',NULL),(273,120,2,'hello','visible','2018-01-04 09:14:42',NULL),(274,6,5,'yttt','visible','2018-01-05 21:16:44',NULL),(275,125,2,'Hii','visible','2018-01-10 17:49:48',NULL),(278,120,19,'hello android app testing','visible','2018-01-16 14:52:27',NULL),(279,120,2,'hiii','visible','2018-01-18 06:19:47',NULL),(280,120,2,'hiiii','visible','2018-01-18 06:19:54',NULL),(281,120,2,'hello','visible','2018-01-18 06:26:39',NULL),(282,120,2,'how are you','visible','2018-01-18 06:26:54',NULL),(283,120,2,'Hello','visible','2018-01-18 07:09:58',NULL),(284,120,2,'Hiiii','visible','2018-01-18 08:51:55',NULL),(285,120,2,'Hello','visible','2018-01-18 08:51:58',NULL),(286,120,19,'Hii','visible','2018-01-18 08:53:28',NULL),(287,19,19,'hello','visible','2018-01-18 08:53:37',NULL),(288,19,19,'got it','visible','2018-01-18 08:53:58',NULL),(289,120,19,'Hii','visible','2018-01-18 08:54:38',NULL),(290,120,19,'Hiii','visible','2018-01-18 08:54:40',NULL),(291,120,19,'Hiio','visible','2018-01-18 08:54:42',NULL),(292,19,19,'gff','visible','2018-01-18 08:54:46',NULL),(293,120,19,'Jhjii','visible','2018-01-18 08:54:48',NULL),(294,120,19,'Jjjjjj','visible','2018-01-18 08:54:50',NULL),(295,120,19,'Hhhhh','visible','2018-01-18 08:54:53',NULL),(296,120,19,'Hhhhh','visible','2018-01-18 08:54:55',NULL),(297,120,19,'Hiiii','visible','2018-01-18 08:54:58',NULL),(298,19,19,'dddx','visible','2018-01-18 08:55:00',NULL),(299,120,19,'Hhhh','visible','2018-01-18 08:55:05',NULL),(300,120,19,'Bhhh','visible','2018-01-18 08:55:09',NULL),(301,120,19,'Hiii','visible','2018-01-18 09:29:15',NULL),(302,19,19,'hello','visible','2018-01-18 09:29:23',NULL),(303,120,19,'Hiii','visible','2018-01-18 09:29:36',NULL),(304,120,19,'Hii','visible','2018-01-18 09:29:44',NULL),(305,120,19,'Hii','visible','2018-01-18 09:29:50',NULL),(306,120,2,'Mvkckcjcivivivviv,,,,,,,.... Cucucufkfkfieuwuaauxucjfjcifjcjxjxucjxjcucicucicicjcicicickckvickckcj jcucucic j,,,, and xkckckcofofkckcicocococlvpvivicusususjxick j','visible','2018-01-18 09:33:01',NULL),(307,120,2,'Gggggjxjcjcidjdjfjdjdjfjdjdjdjdjdjdjdhdhslhsjdhxhxjdjxnxjxjdjdjxjxjxnxbznxnxjdjdjjd,,, bdndndndjdj. Mcjdjdjdjdjrudbnxsswabzhxjdjxhsjdnxjxjdjxb n nxnxjxnjxnxbdbxbxnxbzjxkdnxnxnxnxnxnxnxnxndjdndjh9999. 99','visible','2018-01-18 09:33:46',NULL),(308,120,2,'Hajjakkakkakkakamamam@/mmmmmmmm\n\n\n\n\n\n\n\n\n\n\n\n\n? bbnjj\n\n\n\n\n\nPosts that you nnnnnmmkaowknaa\nAnkit banjakama a. Aka\n\n\nShajiqkanna\nNnmmkkmmaa\n\n\n','visible','2018-01-18 09:34:14',NULL),(309,19,19,'hiiiiii','visible','2018-01-18 13:09:21',NULL),(310,6,63,'vfd','visible','2018-01-19 04:20:08',NULL),(314,19,19,'hello','visible','2018-01-19 13:08:57',NULL),(321,19,19,'hai','visible','2018-01-22 05:12:24',NULL),(322,19,19,'helllllvxfsaa','visible','2018-01-22 05:12:41',NULL),(323,19,19,'hhh','visible','2018-01-22 05:12:44',NULL),(328,19,19,'hai','visible','2018-01-24 05:01:13',NULL),(329,19,19,'helloo','visible','2018-01-24 05:01:18',NULL),(332,19,19,'fine','visible','2018-01-24 05:08:27',NULL),(333,2,2,'hytu','visible','2018-01-24 05:17:21',NULL),(335,19,19,'test','visible','2018-01-24 05:29:31',NULL),(337,19,19,'test','visible','2018-01-24 05:30:49',NULL),(339,6,19,'hai','visible','2018-01-24 05:40:51',NULL),(340,6,19,'helloo','visible','2018-01-24 05:40:57',NULL),(342,19,19,'hii','visible','2018-01-25 05:13:55',NULL),(345,19,19,'here','visible','2018-01-25 05:23:11',NULL),(346,19,19,'hello','visible','2018-01-25 05:24:15',NULL),(347,19,19,'come fast','visible','2018-01-25 05:24:28',NULL),(348,19,19,'when you will come','visible','2018-01-25 05:24:39',NULL),(351,120,19,'Hiiii','visible','2018-01-25 05:38:39',NULL),(352,19,19,'helloo','visible','2018-01-25 05:38:52',NULL),(353,19,19,'hshshhahaha','visible','2018-01-25 05:39:00',NULL),(354,19,19,'hahshahahjaja','visible','2018-01-25 05:39:04',NULL),(355,120,19,'What supp','visible','2018-01-25 05:39:09',NULL),(359,19,19,'Hiiii','visible','2018-01-25 05:40:40',NULL),(365,2,2,'gfdr','visible','2018-01-25 06:39:28',NULL),(367,2,2,'hello','visible','2018-01-25 06:40:00',NULL),(370,2,2,'yed','visible','2018-01-25 06:41:03',NULL),(371,2,2,'yes','visible','2018-01-25 06:41:16',NULL),(375,19,19,'hahhah','visible','2018-01-25 06:44:06',NULL),(377,19,19,'hello','visible','2018-01-25 06:44:12',NULL),(378,171,19,'bababsbsbbsbsbabaahbshshsshhsshhshshshshsshhzhzgzksojsjshshshsuuahshshbdhsjsiajahsbsbdbxhhshs','visible','2018-01-31 17:54:39',NULL),(379,171,2,'hi','visible','2018-01-31 22:01:20',NULL),(380,171,19,'hi','visible','2018-01-31 22:01:52',NULL);
/*!40000 ALTER TABLE `md_message` ENABLE KEYS */;
UNLOCK TABLES;

--
-- Table structure for table `md_migration`
--

DROP TABLE IF EXISTS `md_migration`;
/*!40101 SET @saved_cs_client     = @@character_set_client */;
/*!40101 SET character_set_client = utf8 */;
CREATE TABLE `md_migration` (
  `version` varchar(180) NOT NULL,
  `apply_time` int(11) DEFAULT NULL,
  PRIMARY KEY (`version`)
) ENGINE=InnoDB DEFAULT CHARSET=latin1;
/*!40101 SET character_set_client = @saved_cs_client */;

--
-- Dumping data for table `md_migration`
--

LOCK TABLES `md_migration` WRITE;
/*!40000 ALTER TABLE `md_migration` DISABLE KEYS */;
INSERT INTO `md_migration` VALUES ('m000000_000000_base',1500052496),('m170706_161004_create_table_session',1500052496),('m170706_161350_create_table_log',1500052496),('m170706_161659_create_table_file',1500052496),('m170706_161821_create_table_user',1500052496),('m170706_163144_create_table_auth_type',1500052496),('m170724_141336_alter_table_user',1501255604),('m170727_111518_create_table_user_specialties',1501255604),('m170728_153919_alter_table_user',1501257016),('m170803_180523_alter_table_user',1501849756),('m170806_182548_create_table_call',1502137869),('m170815_071311_create_table_user_credit_card',1503592364),('m170815_103347_create_table_gruvi_bucks',1503592364),('m170817_180759_alter_table_call',1503592364),('m170818_131731_alter_table_gruvi_bucks',1503592364),('m170822_173657_alter_table_user',1503592364),('m170822_184452_alter_table_user',1503592364),('m170823_165030_create_table_request_a_call',1503592365),('m170829_172521_alter_table_user',1504031468),('m170902_165852_create_table_chat',1504634720),('m170918_154949_alter_table_gruvi_bucks',1505752001),('m170927_074259_create_table_message',1506631905),('m170928_130848_create_table_user_relation',1506631905),('m170928_203741_alter_table_message',1506631905),('m171121_121233_alter_user_table',1511271158),('m171121_130503_alter_user_auth_table',1511271158),('m171121_130517_alter_user_table',1511271158),('m171121_131311_update_apiKey_user_auth_table',1511271361),('m171218_132428_alter_gruvibucks',1513603950),('m171220_053528_alter_user_table_add_isMobile_flag',1513751179);
/*!40000 ALTER TABLE `md_migration` ENABLE KEYS */;
UNLOCK TABLES;

--
-- Table structure for table `md_request_a_call`
--

DROP TABLE IF EXISTS `md_request_a_call`;
/*!40101 SET @saved_cs_client     = @@character_set_client */;
/*!40101 SET character_set_client = utf8 */;
CREATE TABLE `md_request_a_call` (
  `id` bigint(20) NOT NULL AUTO_INCREMENT,
  `customerId` int(11) NOT NULL DEFAULT '0',
  `readerId` int(11) NOT NULL DEFAULT '0',
  `phone` char(32) COLLATE utf8mb4_bin NOT NULL DEFAULT '',
  `status` enum('New','Accepted','Declined') COLLATE utf8mb4_bin NOT NULL DEFAULT 'New',
  `createAt` timestamp NOT NULL DEFAULT CURRENT_TIMESTAMP,
  PRIMARY KEY (`id`),
  KEY `fk_request_a_call_customerId_to_user_id` (`customerId`),
  KEY `fk_request_a_call_readerId_to_user_id` (`readerId`),
  KEY `idx_status` (`status`),
  CONSTRAINT `fk_request_a_call_customerId_to_user_id` FOREIGN KEY (`customerId`) REFERENCES `md_user` (`id`),
  CONSTRAINT `fk_request_a_call_readerId_to_user_id` FOREIGN KEY (`readerId`) REFERENCES `md_user` (`id`)
) ENGINE=InnoDB DEFAULT CHARSET=utf8mb4 COLLATE=utf8mb4_bin;
/*!40101 SET character_set_client = @saved_cs_client */;

--
-- Dumping data for table `md_request_a_call`
--

LOCK TABLES `md_request_a_call` WRITE;
/*!40000 ALTER TABLE `md_request_a_call` DISABLE KEYS */;
/*!40000 ALTER TABLE `md_request_a_call` ENABLE KEYS */;
UNLOCK TABLES;

--
-- Table structure for table `md_user`
--

DROP TABLE IF EXISTS `md_user`;
/*!40101 SET @saved_cs_client     = @@character_set_client */;
/*!40101 SET character_set_client = utf8 */;
CREATE TABLE `md_user` (
  `id` int(11) NOT NULL AUTO_INCREMENT,
  `role` enum('user','reader','admin') COLLATE utf8mb4_bin NOT NULL,
  `registrationType` enum('email','facebook','twitter') COLLATE utf8mb4_bin DEFAULT NULL,
  `email` varchar(250) COLLATE utf8mb4_bin NOT NULL DEFAULT '',
  `firstName` varchar(250) COLLATE utf8mb4_bin NOT NULL DEFAULT '',
  `lastName` varchar(250) COLLATE utf8mb4_bin NOT NULL DEFAULT '',
  `dob` date DEFAULT NULL COMMENT 'Date Of Birth',
  `status` enum('active','inactive','deleted','banned') COLLATE utf8mb4_bin NOT NULL DEFAULT 'active',
  `createAt` timestamp NOT NULL DEFAULT CURRENT_TIMESTAMP,
  `username` varchar(64) COLLATE utf8mb4_bin DEFAULT NULL,
  `telephone` varchar(32) COLLATE utf8mb4_bin NOT NULL DEFAULT '',
  `tagLine` varchar(128) COLLATE utf8mb4_bin NOT NULL DEFAULT '',
  `description` text COLLATE utf8mb4_bin,
  `rate` decimal(10,2) NOT NULL DEFAULT '0.00',
  `activity` enum('Disabled','Offline','Online','Session') COLLATE utf8mb4_bin NOT NULL,
  `activity_update` datetime DEFAULT NULL,
  `opt_voice` smallint(1) unsigned NOT NULL DEFAULT '1',
  `opt_chat` smallint(1) unsigned NOT NULL DEFAULT '1',
  `opt_request` smallint(1) unsigned NOT NULL DEFAULT '0',
  `password_reset_token` varchar(255) COLLATE utf8mb4_bin DEFAULT NULL,
  `apiKey` varchar(500) COLLATE utf8mb4_bin NOT NULL DEFAULT '',
  `isMobile` int(11) DEFAULT '0',
  PRIMARY KEY (`id`),
  UNIQUE KEY `idx_email` (`email`),
  UNIQUE KEY `idx_username` (`username`),
  UNIQUE KEY `idx_password_reset_token` (`password_reset_token`)
) ENGINE=InnoDB AUTO_INCREMENT=174 DEFAULT CHARSET=utf8mb4 COLLATE=utf8mb4_bin;
/*!40101 SET character_set_client = @saved_cs_client */;

--
-- Dumping data for table `md_user`
--

LOCK TABLES `md_user` WRITE;
/*!40000 ALTER TABLE `md_user` DISABLE KEYS */;
INSERT INTO `md_user` VALUES (1,'admin','email','halcyon.admin@gmail.com','Halcyon','Admin :)','2000-07-19','active','2017-07-28 16:05:50',NULL,'','',NULL,0.00,'Offline','2018-02-02 21:31:19',1,1,0,NULL,'e23a2cd40e5c7c9fcb8691d22653cd44',0),(2,'reader','email','halcyon.reader@gmail.com','Halcyon','Reader',NULL,'active','2017-07-28 16:28:51','halcyon.reader@gmail.com','234243422','Reader #1','Philosophy relates to the study of, and attempts to understand, the root nature of reality, existence, and knowledge. There are many questions in life for which there are no set answers, or such diverging opinions on answers that just raise more questions. Here are 65 deep philosophical questions for you to ponder. Meditation is often useful in helping people to search inside for their own answers and meanings.',3.00,'Offline','2018-01-30 04:30:01',1,1,0,NULL,'fbd999808e70057962ac651a06705d6c',0),(3,'reader','email','reader.guess@gmail.com','Reader','Guess',NULL,'active','2017-07-28 19:41:21','reader_guess','2342342342','This is my tag line..','Descri[tion.. ',232.33,'Offline',NULL,1,1,0,NULL,'be569720e0d80b4c08a60ccc978407f3',0),(4,'reader','email','halcyon.bat.reader@gmail.com','Halcyon','Bat Reader..',NULL,'active','2017-07-28 19:44:31','halcyon_bat_reader','24234242','Dark tag line','lorem ipsum...',0.00,'Offline',NULL,1,1,0,NULL,'ba267171dff8689f113b686554c2bcbb',0),(5,'reader','email','reader.no.image@gmail.com','Reader!','No Image',NULL,'active','2017-07-28 19:46:20','reader_no_image','244esdf','no image..','description of no image..',10.00,'Offline',NULL,1,1,0,NULL,'2a91604cb25947ecf005c69c65bf419b',0),(6,'user','email','halcyon.user@gmail.com','halcyon','user..','1997-07-04','active','2017-07-28 20:08:31',NULL,'','',NULL,0.00,'Offline','2018-02-01 06:24:01',1,1,0,NULL,'e6648a9088f661f6c4060d7e8a798630',0),(7,'user','email','bryan@madisonsapphire.com','bryan','holland','1963-02-02','active','2017-08-04 17:25:46',NULL,'','',NULL,0.00,'Offline','2017-11-03 04:20:16',1,1,0,NULL,'495253d21093afdee947ed9700b05bc1',1),(8,'reader','email','bryan@modernintuitives.com','BryanReader','Reader',NULL,'active','2017-08-29 04:13:54','Bryan','310-745-6922','I do it all','blah blah',3.49,'Offline','2017-11-28 23:24:14',1,1,0,NULL,'ddbbb97624f4f910a2044051817944fc',0),(9,'reader','email','halcyon.reader.v78@gmail.com','Halcyon','Reader V78',NULL,'active','2017-08-29 05:16:50','halcyon_reader_v78','','','',7.00,'Offline','2017-12-10 12:50:01',1,1,0,NULL,'f2ff9fcc8bb13ab20926ec5a013ac482',0),(10,'user','email','','Halcyon','Halcyon',NULL,'deleted','2017-08-31 16:01:09',NULL,'','',NULL,0.00,'Disabled',NULL,1,1,0,NULL,'f6ee959fcd706e0b0192c4a28fed1a19',0),(12,'user','facebook','halcyon.third@gmail.com','Halcyon','Halcyon',NULL,'active','2017-08-31 16:13:14',NULL,'','',NULL,0.00,'Offline','2017-09-19 14:25:01',1,1,0,NULL,'dfe86fc0a8b29b9cf2245b967a2433b8',0),(13,'user','facebook','andrey.gubar@gmail.com','Andrey','Andrey',NULL,'active','2017-09-01 19:26:43',NULL,'','',NULL,0.00,'Disabled',NULL,1,1,0,NULL,'5482603630dc3940506d81ae77b7ff11',0),(14,'user','email','halcyon.USER.v78@gmail.com','Halcyon','User v78','2017-09-05','active','2017-09-19 14:27:05',NULL,'','',NULL,0.00,'Offline','2017-10-05 14:34:01',1,1,0,NULL,'d3d5a01e1a182993e2ff34be04e4e9e1',0),(15,'reader','email','test.reader@gmail.com','Test','Reader',NULL,'active','2017-09-19 14:43:17','test_reader','','My tagline is here','my description',20.00,'Offline','2017-10-05 13:13:01',1,1,0,NULL,'0d7799f4c17f65f37d7e7b3de8a599b6',0),(16,'user','facebook','halcyon.test@gmail.com','Erica','Erica',NULL,'active','2017-10-04 18:01:09',NULL,'','',NULL,0.00,'Offline','2017-10-04 19:20:01',1,1,0,NULL,'b6c50a4fdb0841783dd06e24179b7d44',0),(17,'user','email','madyndao@gmail.com','Mady','Ndao','1978-04-04','active','2017-10-25 03:11:35',NULL,'','',NULL,0.00,'Disabled',NULL,1,1,0,NULL,'8c023e5c5b619ba2eddd8c1313488c83',0),(18,'user','facebook','madisonsapphire@gmail.com','Bryan','Bryan','1963-02-02','active','2017-10-27 02:38:45',NULL,'','',NULL,0.00,'Offline','2017-12-21 09:07:20',1,1,0,NULL,'65f52eb92c9385bc6efdf48b18b15bf7',0),(19,'reader','email','mannan.kagdi@samcomtechnologies.com','Mannan','Kagdi','1988-11-14','active','2017-11-03 10:24:55','Mannan','5417543010','PHP','Web Development and PHP',2.00,'Online','2018-01-29 06:34:54',1,1,0,NULL,'e1dbe68cfd96012ee8350539bea25117',1),(54,'user','email','mannankagdi1988@gmail.com','Mannan','Kagdi','1970-01-01','active','2017-11-23 11:07:50',NULL,'+919724175301','',NULL,0.00,'Offline','2018-01-02 12:52:39',1,1,0,NULL,'b67e6abe4e93ac8e34f5b5fc5ce820d6',0),(62,'reader','email','keene615@gmail.com','Jane','Keene',NULL,'active','2017-11-28 23:23:47','Jane','','Intuitive Shamanic Healing Coach','As a shaman woman and intuitive reader, Jane offers insight into what is happening in your life and helps you achieve your full potential. Jane, has many years of helping people navigate their life\'s journey.',3.99,'Disabled',NULL,1,1,0,NULL,'d8ccb879c3c86f3947b25af5187d22ed',0),(63,'reader','email','quailsegg@gmail.com','Claire','Stringer',NULL,'active','2017-11-29 01:10:05','Claire','917-421-9644','Clairvoyant  & Medium Energy Worker','Claire Stringer is a clairvoyant and medium energy worker. She uses her natural abilities along with the tools of pendulum dowsing and Access Consciousness to facilitate greater insight, more joy, and rapid, lasting change for clients. Claire is certified in Reiki, Access Consciousness Bars, BodyTalk Access, and Access Energetic Facelift, and specializes in pinpointing the underlying energies that create challenges in our lives.',3.99,'Disabled',NULL,1,1,0,NULL,'a8de101f293b583becd88dd9046577b0',0),(64,'reader','email','rockhiker4@yahoo.com','Patti','Burgess',NULL,'active','2017-11-29 01:41:17','Patti','209-362-0208','Intuitive Astrological Coach','Patti is an intuitive, astrological coach, and essential oils educator. Her deepest passions are astrology, spirituality, various healing modalities, herbalism, essential oils, shamanism, and various esoteric practices. She is a member of the National Council for Geocosmic Research (NCGR) and The Organization for Professional Astrology (OPA).\r\nPattis commitment to empowering others to live life to the fullest enables her to weave her knowledge in her intuitive astrological coaching work while encouraging a healthy lifestyle, with inspiration for a joyful, heartfelt life.',3.99,'Disabled',NULL,1,1,0,NULL,'27467a1f2799dcde3fe9b6f0ddec74ed',0),(65,'reader','email','lifeguides@att.net','Michelle','Bradshaw',NULL,'active','2017-11-29 03:28:48','Michelle','650-270-0940','Tarot Reader, Relationship Specialist, Life Coach','An intuitively gifted counselor, teacher and holistic practitioner, Michelle has been doing tarot readings for the last 25 years. Using the cards as a map she enters into a conversation with her higher self and yours in order to access the highest guidance for your life. She is highly experienced and successful in untangling relationship, work, and spiritual challenges to support you in finding the opportunities that sit in the center of your difficulties. \r\n\r\nShe is a trained intuitive guide, life coach, hypnotherapist, yoga teacher and breath work practitioner. She is passionate about supporting everyone she touches to master their thoughts and manage their moods to support the connection to the authentic self and ignite the spark of divinity within.',3.99,'Disabled',NULL,1,1,0,NULL,'2797b7578b1d4337d5b94b17c449633d',0),(66,'reader','email','seafiremoon@gmail.com','Julie','Moon',NULL,'active','2017-11-29 03:42:20','Julie','928-202-0570','Past Life Regress/Progression Psychic','Julie Moon is an Aura Reader that is certified in Past Life Regression/Progression and in Clinical Hypnotherapy, as well as a certified Herbalist and Dream Interpreter.\r\n\r\nJulie has had the Gift of \"sight\" her whole life. She became aware of being in her body at the age of three.  Julie believed everybody had guides and didn\'t realize this was a special thing until she was about seven when her mother had told her to keep her \"invisible friends\" to herself because not all other people had them. She found that strange but just continued on with what she\'d always known to be normal. Julie began the study of Astrology and Tarot in 1978. \r\n\r\nJulie began working professionally as a Psychic Astrologer and Tarotist in 1982 and has continued on to this day.  She loves doing her work and is happy to help you with any questions you may have. Log in, and together we can uncover what your own guides have to say to you.',3.99,'Disabled',NULL,1,1,0,NULL,'147cce1e7db80e645aba0ce3b934768a',0),(120,'user','email','jay@abc.com','jaydeep','chauhan','1994-10-02','active','2018-01-02 08:47:36',NULL,'9999999999','',NULL,0.00,'Online','2018-01-29 12:04:32',1,1,0,NULL,'7cdbc31d3e3bbb8cb5adb3e91336cbbd',1),(121,'user','twitter','3223959439@gruvimystics.com','Jaydeep','Chauhan','1998-01-02','active','2018-01-02 11:33:27',NULL,'','',NULL,0.00,'Disabled',NULL,1,1,0,NULL,'523303d2c89564d60312d4f0059b486a',1),(122,'admin','email','annroman22@sbcglobal.net','Ann','Roman',NULL,'active','2018-01-03 23:12:11','Sheena','9259987187','Psychic Medium Intuitive','Sheena is a gifted healer with many psychic skills!  She has been and intuitive counselor for way over 40 years along with a medium, healer, tarot, tea leaf readings .  Shes quick and accurate.',2.99,'Disabled',NULL,1,1,0,NULL,'',1),(123,'reader','email','magicrosie111@yahoo.com','Rose','Marvelous',NULL,'active','2018-01-03 23:44:19','Rose','530-310-4452','Psychic Medium ','Rose has amazing gifts and helps many with her words of wisdom and healings.  ',3.99,'Disabled',NULL,1,1,0,NULL,'',0),(124,'user','email','abc@xyz.com','abc','xyz','1994-10-02','active','2018-01-10 11:09:53',NULL,'9999999999','',NULL,0.00,'Disabled',NULL,1,1,0,NULL,'f56dd97854712ffa2d084082b0967718',0),(125,'user','email','abc@abcd.com','abc','acb','1900-10-02','active','2018-01-10 11:12:12',NULL,'1111111111','',NULL,0.00,'Disabled',NULL,1,1,0,NULL,'61277184f5ad88ed4b4483f793382080',1),(126,'reader','email','tyger25474@gmail.com','Angie','Butler-Welch',NULL,'active','2018-01-14 23:23:00','Angie','207-266-1555','Medium Angel cards Clairvoyant Clairaudient Clairsentient Life coach','Angie is a natural born medium, intuitive and empath. Her gift of speaking with Angels, Spirit Guides and those who have crossed over began at a very young age. As a clairvoyant, clairaudient and clairsentient, Angie uses all of her spiritual senses to access your energy and connect with the spirit realm, delivering messages of guidance, love and healing.\r\nAs so much of our life depends upon our own free will, Angie will often access the sacred energy of the Akashic Records* to seek the answers you need, and give you guidance on how your choices will unfold in the future. Angie loves to teach people how to utilize the Law of Attraction to create the life of your dreams. \r\nUpon your request she will also consult Angel Cards for a quick direct message from the angels. Compassionate yet straightforward in her readings, you will be left with a sense of peace, direction and hope. Angie is honored, grateful and humbled to have the gifts bestowed on her from Spirit, and feels it is her responsibility to share the truth that love is eternal, life is a gift of learning, and we are all connected. Namaste.\r\n* The Akashic Records is the sacred energy dimension that records the eternal journey of the soul. Accessing the Akashic Records can help you to explore possible options and outcomes, as well as gain insight into past, current and future situations\r\n',3.99,'Offline','2018-01-15 02:37:24',1,1,0,NULL,'',0),(127,'reader','email','debchr68@aol.com','Debra','Chretien',NULL,'active','2018-01-14 23:35:24','Autumn','202-745-6880','Intuitive Psychic Medium Reiki and Shamballa Healer','Autumn is an intuitive, psychic and medium since early childhood. She uses her natural gifts to answer clients questions and guide them along their life\'s path. While working professionally in New England, Autumn is also a Reiki and Shamballa healer. She is also an Ordained Minister and Law of Attraction Practitioner and Coach. \r\nEmbracing her gift at a young age, Autumn understood the potential of being able to help and guide people. She helps people understand where they\'re at and how to achieve their life purpose and goals. Always encouraging and coming from a place of Love and Light, Autumn can help give you peace and understanding, answering questions about love, work, family or other concerns.  Blessings\r\n',3.99,'Disabled',NULL,1,1,0,NULL,'',0),(128,'reader','email','sacredspaces7@yahoo.com','Barbara ','Williams',NULL,'active','2018-01-14 23:42:51','Barbara','','Phychic Medium Healer and Medical Intuitive','Dr. Barbara is a well known professional psychic medium, healer, and medical intuitive.   \r\nShe has dedicated over 43 years in the healing and holistic health field, incorporating a wide array of healing modalities.  Barbara teaches psychic development and enjoys helping people open up to their psychic abilities. She organizes several different spiritual and psychic development classes throughout Maine, New Hampshire, and California. Being blessed with her abilities all her life has opened many doors along the way. She has been doing readings most of her adult life. \r\nDr. Barbara is an active participant in paranormal investigations and has her PhD in metaphysics. There are  many opportunities for learning, teaching, and helping others in the paranormal field.\r\n',2.99,'Disabled',NULL,1,1,0,NULL,'',0),(129,'reader','email','cheriwynne@gmail.com','Cheri','Wynne',NULL,'active','2018-01-14 23:47:01','Cheri','310-259-4960','Psychic and Trance Medium Clairvoyant Healer Teacher Past Live','Cheri is a multi generational Psychic and Trance Medium, a natural Clairvoyant, Healer and Teacher. \r\nCheris readings are insightful, accurate and healing. She can answer questions about soul mates, past lives, career and money matters. Through dream interpretation, she can remove blocks to help you obtain the information you need to have a balanced life.  Cheri can also contact departed loved ones on the other side while assisting you, in healing your soul, to have a deeper level of spirituality.  Cheri has deep knowledge through her studies in and use of mystery schools, esotericism, metaphysics, past life regressions, tarot, and meditation as well as ancient oracles.\r\n',3.99,'Disabled',NULL,1,1,0,NULL,'',0),(130,'reader','email','deborahcv669@yahoo.com','Debbie','Villa',NULL,'active','2018-01-14 23:57:48','debbie','','Energy Healer and Clairvoyant','Debbie is an Energy Healer & Clairvoyant that works off of voice vibration and questions. \r\nDebbie listens as the client speaks.  She receives symbols and images which help Debbie disclose the answers to the client\'s questions.  Debbie is also an energy healer.  Whether at a distance or in-person, she works to balance and bring equilibrium to the body and energy field. \r\n',3.99,'Disabled',NULL,1,1,0,NULL,'',0),(131,'reader','email','transitionsvt@gmail.com','Karlene','Tanner',NULL,'active','2018-01-15 00:06:26','karlene','','Karlene has been a psychic healer and medium her whole life and can help you see the future.','Karlene is a Psychic Medium, Healer, Reiki Master, and Medical Intuitive. \r\nKarlene has been certified as an Akashic Records practitioner and enjoys giving guidance from the sacred soul\r\nenergy. Karlene comes from generations of gifted mediums. As a child, she spent many summers at Camp Etna Spiritualist Camp in Maine, learning first hand from well known mediums and healers from around the world.  From as early as she can remember, Karlene has had the abilities to read people and energy. \r\nKarlene worked, for over 40 years, in traditional medicine, as an RN before retiring and refocusing on her spiritual calling. Karlene is cofounder of The Vision of Light Church in Hartland Vermont. She serves regularly at the Healing Light Spiritualist Church as featured medium and guest speaker. Her journey has now brought her full circle.  Karlene teaches aspiring psychic mediums. She gives messages of love, healing and guidance, assisting others as they maneuver their spiritual path.\r\n',3.99,'Disabled',NULL,1,1,0,NULL,'',0),(132,'reader','email','livinlifek@hotmail.com','Kelly Dawn','Purington',NULL,'active','2018-01-15 00:12:11','kellydawn','207-949-1154','Psychic Medium Grief Healing Life Coach','Kelly is a Professional Medium/Psychic who is able to connect with those that have crossed over.  She has a special affinity for working with those who are grieving. Kelly connects quickly with heart, helping to transform inconsolable grief into the beginning of the healing process.\r\n \r\nKellys psychic, medium and empathic abilities began in early childhood.  She has not only used them to navigate her life, but to guide others on their path as well. Kelly is also a Master Integrative Life Coach, & Heal Your Heart Coach ( A Spiritual Law based Coaching process), trained by Debbie Ford , best selling author and Life Coach. Kelly has worked with clients all over the world on the grieving process as well as finding their own answers within.\r\n \r\nKellys psychic and empathic abilities are used to help those looking for guidance with Career, Finance as well as love life. Kelly is gifted in being able to tap empathically into situations, as well as people, helping to determine what is going on. She has worked with clients worldwide.\r\n \r\nAdditionally, Kelly loves to add new things to her tool box. She is a Certified in Akashic Records, Pranic Healing and in Reiki II.\r\n',3.99,'Disabled',NULL,1,1,0,NULL,'',0),(133,'reader','email','laurene@healingwithloveandlight.com','Laurene','Camacho',NULL,'active','2018-01-15 00:18:06','laurene','206-419-7919','Psychic Healer Clairsentient Claircongnizant Empath Medium','Laurene is a Clairsentient, Claircognizant, Empath and Medium\r\nI am the granddaughter of Mary Camacho. Today my grandmother would be called a psychic healer, but in the 1970\'s she was considered a devout Catholic, she also guides me aside the Ascended Masters and Archangels. I have always had my gift, but chose to teach children with special needs, then to stay home with my children after my second was born. I have now been called back to use my gift to help others to find love and light in a world of discord.\r\n',3.99,'Disabled',NULL,1,1,0,NULL,'',0),(134,'reader','email','aseret5766@gmail.com','Mariateresa','Forguson',NULL,'active','2018-01-15 00:24:49','mariateresa','775-720-4648','Tarot Reader Ordained Minister Pagan Elder Medium','Mariateresa is a Tarot Reader, Ordained Minister, Pagan Elder, Medium, Paranormal Student and Researcher. Fluent in both English and Italian.\r\nMariateresa was born in Italy, 1966, with a passion for Archaeology and Egyptology. She became a practicing pagan in 2009. In 2010 she started following Goddess Hecate and Goddess Sekhmet. By 2014, Mariateresa acquired the title of Reverend with the Universal Life Church in the States. She has continued her studies into ancient religions and the paranormal.  Always available to whomever may need her help because she pushes the limit of reason to discover the truth.  She is a member of several pagan and esoteric circles and quite the historian. My two beloved cats, Tiger and Bella.\r\n',3.99,'Disabled',NULL,1,1,0,NULL,'',0),(135,'reader','email','flyfishingmike22@gmail.com','Michael ','Mallory',NULL,'active','2018-01-15 00:28:27','michael','925-305-6835','Psychic Animal Power and Spirits Clairvoyant','Michael is a Natural Psychic who uses animal power and spirits as his guide.\r\nMichael has always had a intuitive nature about him, even as a child. Being able to physically pick up on the energy people exude, in no time at all!!  Being a strong believer in power animals and Mother Earths energy to help people through spiritually, life\'s struggles and cross roads we all encounter.   He nails it every time!! \r\n',3.99,'Disabled',NULL,1,1,0,NULL,'',0),(136,'reader','email','italiagirl_tink@yahoo.com','Nicole','Panzica',NULL,'active','2018-01-15 00:32:06','nicole','408-515-3247','Intuitive Medium and Angel Card Reader','Nicole is an Intuitive Medium and Angel Card Reader.\r\nNicole has had spiritual experiences since she was child. Like many people with her abilities, she often sensed energies and spirit around her. She would see family members and friends who had passed on, orbs of light dancing around her room and hear spirit speaking to her as she drifted off to sleep at night. At times it was hard to understand why she felt anxious when she sensed energy or why her intuition was so strong compared to others. She later learned that these experiences and senses were real and that it was spirit connecting with her, she was a medium.\r\nAs she grew she started to become more aware of her abilities, which has helped her become the beacon of light she is today.\r\nShe fully began her journey of learning how to use her gifts in her early 20s and today can give accurate and trustworthy readings.\r\nNicole has the abilities to feel, hear, and see spirit. During a reading she can channel spirit and bring forth messages that spirit and your angels want to relay to you. She is also an angel card reader. Using different card decks depending on what questions you have, (love life, career, life purpose and path) Nicole can bring forth guidance and assurance from your angels and help you on your life path.\r\nEmbracing her gift as a medium, Nicole has learned to be proud of who you are and to always chase your dreams no matter what other people think. This is the goal she has in mind for you! When working with her you are truly tapping into light and energy that is positive, loving and nurturing in a spiritual atmosphere.  This light surrounds her every single day and she is happy to share it with the world.\r\nEmbrace love and light always!\r\n',3.99,'Disabled',NULL,1,1,0,NULL,'',0),(137,'reader','email','sue@positivelysuccess.com','Sue','Wilhite',NULL,'active','2018-01-15 00:44:06','sue','','Tarot Reader Law of Attraction Coach and Intuitive Healer','Sue is a Tarotist, Law of Attraction coach and Intuitive Healer.\r\nAfter spending 25 years in various IT departments doing programming and database design in the Silicon Valley, Sue decided to catch up and develop her right brain by going back to her early fascination with metaphysics and spiritual studies. She is a Master Tarot consultant, Law of Attraction coach, and sound healer, among other talents and certifications. She specializes in getting her clients unstuck and encouraging them to fulfill their own destinies.\r\n',2.99,'Disabled',NULL,1,1,0,NULL,'',0),(138,'reader','email','tazzpowers@gmail.com','Tazz','Powers',NULL,'active','2018-01-15 00:48:20','tazz','541-661-6785','Personologist Clairsentient Clairaudient','Tazz Powers is a Personologist. \r\nTazz Loves People  she quickly Wraps and Delivers a reading with accuracy like no other.  She can uncover an overview of the months before you. She is clairsentient, clairaudient and can view and give dates for your transitions throughout the year.  Want to find out about one or more individuals who are also involved in your story?   Birth Dates are all she needs: Month, Day and Year.\r\nTazz Powers is a Personologist, a face reading specialist.  This technique was researched and validated by her mentor Dr. Robert Whiteside in 1940.  It pinpoints personality according to an individuals physical structure, releasing how that individual will Think, Feel and Act. Send Tazz a clear photo from your computer or mobile device; face forward and side profile. Shes off to lift the secrets and tell you about YOU and YOUR FRIENDS!\r\nTazz lectured and taught internationally on TV, radio and was a business/personal consultant in the early 1990s. To date, Tazz easily opens interviews with her gift to support humanity, on radio, internationally. Tazz Laughs with Life as Divine Order is always Present!\r\n',3.99,'Disabled',NULL,1,1,0,NULL,'',0),(139,'reader','email','wachianwelch44@gmail.com','Wachian','Welch',NULL,'active','2018-01-15 00:52:14','wachian','207-514-6023','Psychic Medium Shamanic and Reiki II Practitioner Intuitive Healer','Wachian has been working in the holistic field for over fifteen years as a Psychic Medium, Shamanic & Reiki II practitioner, intuitive, healer, Spiritual teacher and Native American Flutist.  Following the Spiritual path from a very young age has led him to ascend to much higher enlightenment and a deeper connection to Spirit.  Wachian has been closely connected to nature, allowing him to receive psychic and intuitive messages from nature spirits and the land.  The intuitively, and gifted messages given to him by Spirit create a truly unique reading and healing experience for the listener.Wachian is a Psychic Medium, Shamanic & Reiki II Practitioner, Intuitive, Healer, Spiritual Teacher and Native American Flutist\r\n',3.99,'Disabled',NULL,1,1,0,NULL,'',0),(142,'reader','email','readings1111@yahoo.com','Michael','Bisbiglia',NULL,'active','2018-01-23 03:44:16','michaelb','510-205-6007','','',3.99,'Disabled',NULL,1,1,0,NULL,'',0),(143,'reader','email','cbasen@sbcglobal.net','Cathy','Basen',NULL,'active','2018-01-23 03:54:58','Cathy','925-899-6510','Astrologer Intuitive Advisor  ','Cathy has been a practicing astrologer and intuitive advisor for decades. \r\n\r\nBring in magic and enchantment to your life. By receiving an astrology or intuitive reading, you may gain new insights and illumination that will open a new pathway to your most perfect expression. Cathy serves to provide a clear map to fulfill your dreams. \r\n\r\nIntuitive Reading: Using the Voyager Tarot Deck, an intuitive reading takes place as an answer to your questions.  The images of the cards provide information to offer insight into various life issues such as career, relationships, and health.  \r\n',3.99,'Disabled',NULL,1,1,0,NULL,'',0),(144,'reader','email','debbie.sera@gmail.com','Debbie','Sera',NULL,'active','2018-01-23 04:00:26','debbies','650-766-5169','Clairvoyant Clairaudient Works with Spirits, Guides and Angels ','Debbie has been connected with Spirit, Guides and Angels as long as she can \r\nremember. She started expanding her knowledge and sharing her gifts when she was 18.  She allows Spirit, Angels and Guides to work through her to assist others in healing their body, mind and spirit for their highest good. She considers herself as a vessel for the gifts of clairvoyant, clairaudient, and being a highly sensitive intuitive.  At the age of 35 she was diagnosed with breast cancer.  Through her many years of being connected to spirit she was able to heal herself with her knowledge as well as the support of others who where on a similar path. Through that journey she has worked as a hands on healer for over 20 years.  Over the past five years she has expanded her work with long distance work.  In addition to the gifts she was born with she is a Reiki Master, has her Masters Degree in Spiritual Psychology and is a Soul Centered LIfe Coach.  Her purpose in this life time is to be of service to others, assisting them on their healing journey to heal their body, mind or spirit as well as to connect with their Authentic Self.',3.99,'Disabled',NULL,1,1,0,NULL,'',0),(145,'reader','email','planetloveland@gmail.com','Winter ','Longwolf',NULL,'active','2018-01-23 04:46:59','winter','970-290-2081','Lakota Sioux Medicine Psychic Medium Intuitive Energy Work Past, Present and Future','Hello! My name is Winter Longwolf, and I am a psychic medium. As a psychic, I am able to tune into the energy of people and objects by feeling or sensing elements of their past, present, or future. As a medium, I can tune into the spirit energy surrounding individuals.\r\nMy mediumship is centered on making connections with and delivering messages from people who are no longer living to those who are. The information I receive is from deceased people and animals, spirit guides, and angels. I have had psychic abilities and prophetic dreams since the age of two. I did not require any training.\r\n \r\nI can mentally see, physically smell and feel messages from spirits. My focus is on healing those in both worlds. I provide clear and verifiable details during readings. All too many mediums deliver psycho-babble that is quickly recognized as foolish fantasy. My information is reported to be accurate. Through spirit contact, I am able to obtain answers to questions that people may long to ask their loved ones. Love is the reason spirit communication is possible.\r\nI am a Lakota Sioux Medicine Woman by birth. My blessings and smudgings work. I am able to bless properties, remove spirits from them, consult on projects, and bless pets. I hold a Bachelors Degree in Nursing and have worked in the mental health field for many years. These unique qualifications enable me to guide people through the many twists and turns of life.\r\nI hear from my clients that they feel lighter and refreshed after one of my blessings. A number of my clients, who were having nightmares or could not sleep, were able to sleep peacefully after receiving a blessing. Other clients reported profound peace after I relayed information and messages from deceased loved ones. The list goes on.',3.99,'Disabled',NULL,1,1,0,NULL,'',0),(146,'reader','email','buinjoy@gmail.com','Cheri','Lynn',NULL,'active','2018-01-23 04:56:14','cheri','503-679-4409','Angelic Reading','You can hear Cheri Heart always singing in or out of an Intuitive session with YOU! \r\nHer Guides and Angels and your Angels  deliver to you a personalized Angelic Reading that cradles you with a loving care that affirms, alerts and guides you easily to the best choices, exact details on how to move forward on your path, answers to prayers, connecting with loved ones from the other side, relationship issues, parenting, life purpose, career changes, health, healing and more.\r\n\r\n',3.99,'Disabled',NULL,1,1,0,NULL,'',0),(147,'reader','email','contact@elizabethgood.com','Elizabeth ','Good',NULL,'active','2018-01-23 05:02:35','elizabeth','831-688-2708','Natural Born Psychic Deep Healings','Elizabeths wonderfully sparkling combination of highly spiritual and highly practical readings have been delighting, helping and facilitating deep healings to her\r\nmany worldwide clients for over 30 years. A natural born psychic, her humor, compassion, grounded and non-judgmental perspective have given her a devoted following, many who have been with her since the beginning.\r\nShe is known for her well-honed specialty of unique awareness and insights for each client. Many of her dedicated clients remark that just having a session is a greatly\r\nhealing experience.\r\nHer emphasis is always on personal growth; bringing insights, awareness, and tools\r\nto empower her clients to be able to become more responsive and resilient for themselves.\r\nElizabeth excels in being a practical psychic, helping her clients to integrate psychic awareness and spiritual realities into daily living.\r\nShe works with individuals, couples (any genders), and groups of most all ages and\r\nall levels of spiritual awareness.',3.99,'Disabled',NULL,1,1,0,NULL,'',0),(148,'reader','email','igetgifts@gmail.com','Kristin','Bruce',NULL,'active','2018-01-23 05:05:01','kristin','714-330-4468',' Angel Therapy, Medium, Akashic Record Consultant, Reiki Master, Guided Imagery Specialist, Hypnotherapist, Healer','I do readings by connecting to your Angels.  I have been giving readings to others for the past 15 years.  You can ask about people, pets, love, money, anything goes!  Your Angels are happy to answer!  During a reading your Angels will point you in a direction that will provide you the most happiness in your life.  They will also help you find blocks and learn how to release them so that what you want may come easily.  I am certified as an Angel Therapy Practitioner, Medium, Akashic Record Consultant, Reiki Master, Guided Imagery Specialist, Hypnotherapist, and Reconnective Healer. ',2.99,'Disabled',NULL,1,1,0,NULL,'',0),(149,'reader','email','tricia.c.johnson@gmail.com','Patricia','Johnson',NULL,'active','2018-01-23 05:26:44','tricia','650-759-0629','Certified Soul Coaching Oracle Card Reader, Tarot','I can help you reconnect to your own Guidance \r\nAs a Certified Soul Coaching Oracle Card Reader - with the use of a pendulum and various Tarot and Oracle Card Decks, Tricia will work with your Higher Self to help you uncover unconscious patterns and gain the clarity needed to make wise decisions when facing difficult or confusing situations. With her understanding of the Universal Laws, she will share practical tools and tips to help you navigate through your lifes journey with ease and grace. \r\nA session with Tricia isnt about telling you whats going to happen.  Rather, its about helping you hear the guidance of your own Soul, and empowering you to be an active participant in your own unique, authentic and inspired life.\r\n',3.99,'Disabled',NULL,1,1,0,NULL,'',0),(150,'reader','email','srbrochin@comcast.net','Susan','Brochin',NULL,'active','2018-01-23 05:37:01','susan','650-208-0500','Certified Akashic Records Reader, Depth and Breath of Healing','Susan began her life on the East Coast, went to an all-womens college, lived in Israel, got a graduate degree in Education, moved to California, and became a travel agent during the heyday of Silicon Valley. She ended up in a Bay Area school district and taught English and History there for 24 years.  During that time, she became interested in yoga, both the philosophy and the poses.\r\nAs time went on she became interested in personal growth and transformation.  Curiosity ruled and led her further on there path. At her local bookstore she discovered Wayne Dyer and Marianne Williamson.  She was beginning to ask the bigger question about life and who we really are.  The teaching school chapter ended, now what?\r\nShe became certified as an Akashic Records Reader in 2014, and is fascinated by the depth and breath of healing that can occur through this practice.  \r\nAccess to the records allows clients to gain detailed information specific to you, your soul group, your lifes purpose, and the why behind what might appear to be happening in your life.  She is excited about service with GruviMystics.\r\n',2.99,'Disabled',NULL,1,1,0,NULL,'',0),(151,'reader','email','kristipederson@cox.net','Kristi','Pederson',NULL,'active','2018-01-23 05:47:45','kristi','402-968-7855','Psychic Medium, Reiki Master, Artist','Kristi Pederson is a psychic medium in Omaha, NE who has been intuitive since childhood.  She has also been able to see and talk to those who have passed over but dismissed it thinking everyone could see and talk to the deceased. It wasnt until her early 30s when she realized she was having psychic and mediumistic experiences that no one else had been having. \r\nKristi, also a Reiki Master, was in a session when her clients recently deceased family member came through so strongly that this ability could no longer be ignored.   After this awakening she began searching for answers and reasons for her experiences and became aware of her multi-faceted abilities as a psychic/ medium.  She believes in compassionately sharing her gift with others in an effort to help people heal and grow.\r\n',3.99,'Disabled',NULL,1,1,0,NULL,'',0),(152,'reader','email','mtamross@hotmail.com','Tracy','Ross',NULL,'active','2018-01-23 05:50:36','tracy','207-310-8497','Psychic Medium certified in Akashic Records, Pranic Healing ','Tracy Ross is a professional psychic medium and certified in Akashic records & Pranic healing level 1 with experience in Level 2, She is able to help others connect with past loved ones and give them closure and guidance. She has a passion for helping people and advising them spiritually to better themselves and their lives.\r\nCombine all psychic abilities during each reading to bring all answers available from myself, past love ones, spirits and The Record Keepers.',3.99,'Disabled',NULL,1,1,0,NULL,'',0),(153,'reader','email','allorah@myownpersonalgod.com','Lauren (Allorah)','Oliver',NULL,'active','2018-01-23 06:03:39','melinda','626-372-1638','','',3.99,'Disabled',NULL,1,1,0,NULL,'',0),(154,'reader','email','jstarot@hotmail.com','Janice','Sullivan',NULL,'active','2018-01-23 06:18:27','janay','423-304-8326','Intuitive Tarot and Angel Readings, Usui, Karuna Reiki Master ','Janay has an exceptional gift she would like to share with you!\r\nHer intuitive wisdom and humor create comfort with clarity to help you navigate life\'s crossroads and challenges with ease and confidence.  \r\nJanay has 27 years\' experience in guiding, coaching and assisting clients through intuitive Tarot and Angel Readings.\r\n\r\n\r\nShe helps you understand your own unique gifts and talents with loving insights. You\'ll gain renewed energy, focus and motivation as you reconnect to your true nature.\r\n\r\n\r\n\r\nShe loves being a bridge for heaven and earth; bringing the best of both worlds to light.  Janay is an Usui and Karuna Reiki Master and enjoys helping clients move beyond old beliefs and blocks to greater happiness, abundance and freedom.',3.99,'Disabled',NULL,1,1,0,NULL,'',0),(155,'reader','email','susan.kraft@gmail.com','Susan','Kraft',NULL,'active','2018-01-23 06:28:43','samantha','650-444-1354','Psychic-Intuitive, Auto-Writing,Tarot Card Reading','Samantha is a psychic-Intuitive who specializes in auto-writing and Tarot card reading. She has been reading energy and working with spirit guides her entire life. Reading tarot cards are a natural extension of her abilities. Her Tarot decks give her an interpretation tool to talk spirit-to-spirit with another person, the querent. She picks up information from the querents higher consciousness in answer to their own questions.\r\nShe has over 20 years of experience reading cards in person and over the phone. For one-question readings she uses 3-card spreads for past, present, future or for mind, body, spirit. For deeper Life readings she uses an 11-card Celtic cross spread to delve deeper into the causes, needs, and the near and long-term outcomes.',3.99,'Disabled',NULL,1,1,0,NULL,'',0),(156,'reader','email','retajane888@gmail.com','Reta','Coolin',NULL,'active','2018-01-28 03:16:27','reta','650-200-7911','','',3.99,'Disabled',NULL,1,1,0,NULL,'',0),(157,'reader','email','lynn@lynnhay.com','Lynn','Hay',NULL,'active','2018-01-28 03:31:47','lynn','402-416-7445','Medium Ship/Intuitive Akashic Records Readings','By accessing the Akashic Records and through intuitive coaching, I provide guidance and insight to my clients.  Many people seek clarity around getting \"unstuck\" in relationships, career or moving to a new phase in life.   \r\nThe Akashic Records are able to help people understand where they come from and where they are going by understanding who they are at the core of their being. By accessing the Akashic Records, you provide valuable insight into your character  what made you a certain way, what you can do to change certain parts of your being and receive guidance for moving forward in a direction that is best suited for your souls highest and greatest good. \r\nOnce you understand the guidance and direction from the Akashic Records, it is possible to receive healing and comfort in the areas of your life where you most need it. The Akashic Records offer valuable insight into past lives and patterns of behavior that you ',3.99,'Disabled',NULL,1,1,0,NULL,'',0),(158,'reader','email','Danacamp03@gmail.com','Dana','Camp',NULL,'active','2018-01-28 03:40:14','dana','404-960-0624','Intuitive Guide, Neurological Guide, Spiritual Life Coach','As your Intuitive Numerological Guide and Spiritual Life Coach, I work with you to help you grow and bring clarity to your journey. Together we will uncover answers using your unique gifts and challenges in this life to bring you fulfillment and happiness. Numerology gives me an outline of your energies from your name and birthday. Anyone can purchase a mystified prefabricated interpretation online, my spirit guided gift is in my ability to interpret your numbers and their placement in your journey with you personally and help you remove blocks, uncover your strengths and even utilize your challenges through awareness, helping you reach your highest potential for fulfillment and happiness.  Working together, we will use your numbers to uncover your life purpose, communication styles, personality, feelings, and even the hidden energies that affect you in your day-to-day life.\r\n',3.99,'Disabled',NULL,1,1,0,NULL,'',0),(159,'reader','email','healingsbyzahara@yahoo.com','Sevehah','Judd',NULL,'active','2018-01-28 03:55:47','sevehah','530-307-8313 ','Inspires to heal and guides you through life challenges','Sevehah is a 10th generation Healer who is a trusted Psychic source with decades of experience that inspires and empowers your Spirit. Sevehah provides guidance without judgment by helping you\r\nnavigate the crossroads of life and connects to your very Essence. Healing one day at a time, have Faith in what you cant see, find Enchantment.\r\nEveryone is part of a Divine Plan and progresses at their own speed. Those who believe are always rewarded with the Truth.\r\n',7.50,'Disabled',NULL,1,1,0,NULL,'',0),(160,'reader','email','astridstromberg@me.com','Astrid','Stromberg',NULL,'active','2018-01-28 04:02:55','astrid','408-464-8623','','',3.99,'Disabled',NULL,1,1,0,NULL,'',0),(161,'reader','email','terrianngross@gmail.com','Terri','Gross',NULL,'active','2018-01-28 04:26:57','terri','408-313-9060','Happiness is a gift you give yourself','I am a certified intuitive life coach, certified angel card reader and energy healer. I have lived though challenges that I never thought I would get through yet I rose above and became a much stronger and happier person. With my gifts I can help you do the same. I have learned that we live in a loving universe. We are connected to the source of love and abundance at all times. We have amazing support from our angels and spirit guides and we are divinely guided at all times. I know that life is magical gift and there is nothing we can\'t accomplish with the universe on our side. Trusting the process of life we can concur anything.',3.99,'Disabled',NULL,1,1,0,NULL,'',0),(162,'reader','email','mgiancola@hotmail.com','Marcia','Giancola',NULL,'active','2018-01-28 04:32:42','willa','207-522-4869','','',3.99,'Disabled',NULL,1,1,0,NULL,'',0),(163,'reader','email','tarotbyhic@gmail.com','HiC','Luttmers',NULL,'active','2018-01-28 04:40:48','HiC','','Tarot Card Reader','',3.99,'Disabled',NULL,1,1,0,NULL,'',0),(164,'reader','email','jhouston6@cox.net','John','Houston',NULL,'active','2018-01-28 04:43:38','john','714-308-1566','','',3.99,'Disabled',NULL,1,1,0,NULL,'',0),(165,'reader','email','shannon.la@gmail.com','Linda','Shannon',NULL,'active','2018-01-28 04:52:14','linda','310-373-7707','','',3.99,'Disabled',NULL,1,1,0,NULL,'',0),(166,'reader','email','cazz@onelyfetolive.com','Cassandra','Esparza',NULL,'active','2018-01-28 04:57:47','cazz','714-263-6244','','',3.99,'Disabled',NULL,1,1,0,NULL,'',0),(167,'reader','email','living4him55@gmail.com','Truth','Seeker',NULL,'active','2018-01-28 05:11:18','truthseeker','802-272-1043','','',3.99,'Disabled',NULL,1,1,0,NULL,'',0),(168,'reader','email','gwenniecat@aol.com','Gwen','Thomas',NULL,'active','2018-01-28 05:24:27','gwen','831-325-7321','','',3.99,'Disabled',NULL,1,1,0,NULL,'',0),(169,'reader','email','passafiumejg@gmail.com','Jessica','Passefiune',NULL,'active','2018-01-28 05:28:44','jessica','757-705-3554','','',3.99,'Disabled',NULL,1,1,0,NULL,'',0),(170,'admin','email','carenkleine@gmail.com','Caren','Kleine',NULL,'active','2018-01-28 06:24:56','caren','408-489-5254','','',0.00,'Disabled',NULL,1,1,0,NULL,'',0),(171,'user','email','vamsi@gmail.com','Vamsi','Sairam','1992-04-20','active','2018-01-29 09:38:15',NULL,'9533565007','',NULL,0.00,'Offline','2018-01-31 18:09:33',1,1,0,NULL,'fd4ad32d041710927eeaa34147233851',1),(172,'user','facebook','chauhanjaydeep42@yahoo.in','Jaydeepsinh','Chauhan','1994-04-10','active','2018-01-29 10:45:52',NULL,'','',NULL,0.00,'Disabled',NULL,1,1,0,NULL,'c01e35d65ca80ee6767bb456a8a06d54',1),(173,'user','email','peter@peltronic.com','Peter','Gorgone','1969-08-06','active','2018-02-02 00:42:43',NULL,'','',NULL,0.00,'Disabled',NULL,1,1,0,NULL,'9fc4e19ecc32f6950fcaeb3d27240688',0);
/*!40000 ALTER TABLE `md_user` ENABLE KEYS */;
UNLOCK TABLES;

--
-- Table structure for table `md_user_auth_type`
--

DROP TABLE IF EXISTS `md_user_auth_type`;
/*!40101 SET @saved_cs_client     = @@character_set_client */;
/*!40101 SET character_set_client = utf8 */;
CREATE TABLE `md_user_auth_type` (
  `id` int(11) NOT NULL AUTO_INCREMENT,
  `registrationType` enum('email','facebook','twitter') COLLATE utf8mb4_bin DEFAULT NULL,
  `userId` int(11) NOT NULL DEFAULT '0',
  `socialNetworkId` varchar(150) COLLATE utf8mb4_bin NOT NULL DEFAULT '',
  `email` varchar(150) COLLATE utf8mb4_bin NOT NULL DEFAULT '',
  `password` char(32) COLLATE utf8mb4_bin NOT NULL DEFAULT '',
  `username` varchar(150) COLLATE utf8mb4_bin NOT NULL DEFAULT '',
  `lastUpdatedTime` timestamp NOT NULL DEFAULT CURRENT_TIMESTAMP ON UPDATE CURRENT_TIMESTAMP,
  `createdAt` timestamp NOT NULL DEFAULT CURRENT_TIMESTAMP,
  `apiKey` varchar(500) COLLATE utf8mb4_bin NOT NULL DEFAULT '',
  PRIMARY KEY (`id`)
) ENGINE=InnoDB AUTO_INCREMENT=173 DEFAULT CHARSET=utf8mb4 COLLATE=utf8mb4_bin;
/*!40101 SET character_set_client = @saved_cs_client */;

--
-- Dumping data for table `md_user_auth_type`
--

LOCK TABLES `md_user_auth_type` WRITE;
/*!40000 ALTER TABLE `md_user_auth_type` DISABLE KEYS */;
INSERT INTO `md_user_auth_type` VALUES (1,'email',1,'halcyon.admin@gmail.com','halcyon.admin@gmail.com','c5f8a038986faedf86e3ff5d2a80bb54','','2017-11-21 13:36:01','2017-07-28 16:05:50','e23a2cd40e5c7c9fcb8691d22653cd44'),(2,'email',2,'halcyon.reader@gmail.com','halcyon.reader@gmail.com','4b6346d77c3832cd313e8ae8e12061ef','halcyon_reader','2017-11-21 13:36:01','2017-07-28 16:28:51','fbd999808e70057962ac651a06705d6c'),(3,'email',3,'reader.guess@gmail.com','reader.guess@gmail.com','cfcf5999891a2493da9e04924550404b','reader_guess','2017-11-21 13:36:01','2017-07-28 19:41:21','be569720e0d80b4c08a60ccc978407f3'),(4,'email',4,'halcyon.bat.reader@gmail.com','halcyon.bat.reader@gmail.com','9694282174151fd9d2ea0d19965f4c02','halcyon_bat_reader','2017-11-21 13:36:01','2017-07-28 19:44:31','ba267171dff8689f113b686554c2bcbb'),(5,'email',5,'reader.no.image@gmail.com','reader.no.image@gmail.com','01c61c4385084ba2de4f3ef01a18169a','reader_no_image','2017-11-21 13:36:01','2017-07-28 19:46:20','2a91604cb25947ecf005c69c65bf419b'),(6,'email',6,'halcyon.user@gmail.com','halcyon.user@gmail.com','c5440ed0f994c81106d1a56313c76020','','2017-11-21 13:36:01','2017-07-28 20:08:31','e6648a9088f661f6c4060d7e8a798630'),(7,'email',7,'bryan@madisonsapphire.com','bryan@madisonsapphire.com','6c1e15f10eac568546692a4427f1c738','','2017-11-21 13:36:01','2017-08-04 17:25:32','495253d21093afdee947ed9700b05bc1'),(8,'email',8,'bryan@modernintuitives.com','bryan@modernintuitives.com','6c1e15f10eac568546692a4427f1c738','Bryan','2017-11-21 13:36:01','2017-08-29 04:13:54','ddbbb97624f4f910a2044051817944fc'),(9,'email',9,'halcyon.reader.v78@gmail.com','halcyon.reader.v78@gmail.com','269684387df042b9300dd5600b1290aa','halcyon_reader_v78','2017-11-21 13:36:01','2017-08-29 05:16:50','f2ff9fcc8bb13ab20926ec5a013ac482'),(11,'email',10,'halcyon.third@gmail.com','halcyon.third@gmail.com','6f2a2c0307b167bafdd9fe3c0d6e677e','','2017-11-21 13:36:01','2017-08-31 16:08:18','f6ee959fcd706e0b0192c4a28fed1a19'),(13,'facebook',12,'1659408124129309','halcyon.third@gmail.com','','','2017-11-21 13:36:01','2017-08-31 16:13:14','dfe86fc0a8b29b9cf2245b967a2433b8'),(14,'facebook',13,'10213304503982800','andrey.gubar@gmail.com','','','2017-11-21 13:36:01','2017-09-01 19:26:43','5482603630dc3940506d81ae77b7ff11'),(15,'email',14,'halcyon.USER.v78@gmail.com','halcyon.USER.v78@gmail.com','60307a64d3bddeea5f9adb25f8755039','','2017-11-21 13:36:01','2017-09-19 14:27:05','d3d5a01e1a182993e2ff34be04e4e9e1'),(16,'email',15,'test.reader@gmail.com','test.reader@gmail.com','7fe6d1870292cc40ad805562b6951e3a','test_reader','2017-11-21 13:36:01','2017-09-19 14:43:17','0d7799f4c17f65f37d7e7b3de8a599b6'),(17,'facebook',16,'1699542163449923','halcyon.test@gmail.com','','','2017-11-21 13:36:01','2017-10-04 18:01:09','b6c50a4fdb0841783dd06e24179b7d44'),(18,'email',17,'madyndao@gmail.com','madyndao@gmail.com','40ffe5bd5287d3753ee1829ce0e1ffbd','','2017-11-21 13:36:01','2017-10-25 03:11:35','8c023e5c5b619ba2eddd8c1313488c83'),(19,'facebook',18,'10214728374908758','madisonsapphire@gmail.com','','','2017-11-21 13:36:01','2017-10-27 02:38:45','65f52eb92c9385bc6efdf48b18b15bf7'),(20,'email',19,'mannan.kagdi@samcomtechnologies.com','mannan.kagdi@samcomtechnologies.com','29e8bfd4cd66bd4581a97a7d8678f70d','','2017-12-19 11:54:05','2017-11-03 10:24:55','e1dbe68cfd96012ee8350539bea25117'),(52,'email',54,'mannankagdi1988@gmail.com','mannankagdi1988@gmail.com','29e8bfd4cd66bd4581a97a7d8678f70d','','2017-12-12 10:57:44','2017-11-23 11:07:50','b67e6abe4e93ac8e34f5b5fc5ce820d6'),(59,'email',62,'keene615@gmail.com','keene615@gmail.com','c95e03b632cee5d193374b305d483c95','Jane','2017-12-28 11:51:32','2017-11-28 23:23:47','d8ccb879c3c86f3947b25af5187d22ed'),(60,'email',63,'quailsegg@gmail.com','quailsegg@gmail.com','1b3e12963c80527fe48cead05ee7f3d4','Claire','2018-01-14 23:48:18','2017-11-29 01:10:05','a8de101f293b583becd88dd9046577b0'),(61,'email',64,'rockhiker4@yahoo.com','rockhiker4@yahoo.com','c95e03b632cee5d193374b305d483c95','Patti','2017-12-28 11:51:32','2017-11-29 01:41:17','27467a1f2799dcde3fe9b6f0ddec74ed'),(62,'email',65,'lifeguides@att.net','lifeguides@att.net','f8cdbe3d0763ef804f9e0230a560d29b','Michelle','2018-01-23 06:43:12','2017-11-29 03:28:48','2797b7578b1d4337d5b94b17c449633d'),(63,'email',66,'seafiremoon@gmail.com','seafiremoon@gmail.com','c95e03b632cee5d193374b305d483c95','Julie','2017-12-28 11:51:32','2017-11-29 03:42:20','147cce1e7db80e645aba0ce3b934768a'),(118,'email',120,'jay@abc.com','jay@abc.com','20816b4d9faa537adbe5801165762c00','','2018-01-02 08:47:36','2018-01-02 08:47:36','7cdbc31d3e3bbb8cb5adb3e91336cbbd'),(119,'twitter',121,'3223959439','3223959439@gruvimystics.com','','3223959439','2018-01-02 11:33:27','2018-01-02 11:33:27','523303d2c89564d60312d4f0059b486a'),(120,'email',122,'annroman22@sbcglobal.net','annroman22@sbcglobal.net','27e85ecaf281a7aa6e9df0fb6098248f','Sheena','2018-01-17 05:55:18','2018-01-03 23:12:11',''),(121,'email',123,'magicrosie111@yahoo.com','magicrosie111@yahoo.com','c9579e20329dd72d3eb5dcd617d8028a','Rose','2018-01-03 23:44:19','2018-01-03 23:44:19',''),(122,'email',124,'abc@xyz.com','abc@xyz.com','20816b4d9faa537adbe5801165762c00','','2018-01-10 11:09:53','2018-01-10 11:09:53','f56dd97854712ffa2d084082b0967718'),(123,'email',125,'abc@abcd.com','abc@abcd.com','20816b4d9faa537adbe5801165762c00','','2018-01-10 11:12:12','2018-01-10 11:12:12','61277184f5ad88ed4b4483f793382080'),(124,'email',126,'tyger25474@gmail.com','tyger25474@gmail.com','5ed814de6cd98d653e0d379d5b69d968','Angie','2018-01-14 23:23:00','2018-01-14 23:23:00',''),(125,'email',127,'debchr68@aol.com','debchr68@aol.com','e7b47eca5181b54efe9f3ae89139aa14','Autumn','2018-01-14 23:35:24','2018-01-14 23:35:24',''),(126,'email',128,'sacredspaces7@yahoo.com','sacredspaces7@yahoo.com','4f61cbb5c85b2e0f9381f14dba685c90','Barbara','2018-01-14 23:42:51','2018-01-14 23:42:51',''),(127,'email',129,'cheriwynne@gmail.com','cheriwynne@gmail.com','2b70fa1a373c4d0897dc9811360c2f01','Cheri','2018-01-14 23:47:01','2018-01-14 23:47:01',''),(128,'email',130,'deborahcv669@yahoo.com','deborahcv669@yahoo.com','d21223cec72ee6980f4bc2c5b0e3252d','debbie','2018-01-14 23:57:48','2018-01-14 23:57:48',''),(129,'email',131,'transitionsvt@gmail.com','transitionsvt@gmail.com','933268876de5e7fdf031c8adb2d222d9','karlene','2018-01-15 00:06:26','2018-01-15 00:06:26',''),(130,'email',132,'livinlifek@hotmail.com','livinlifek@hotmail.com','3dd2730a4068cbed111438ed93c837c4','kellydawn','2018-01-15 00:12:11','2018-01-15 00:12:11',''),(131,'email',133,'laurene@healingwithloveandlight.com','laurene@healingwithloveandlight.com','4b703400ffbb08e8382f7e93c6729973','laurene','2018-01-15 00:18:06','2018-01-15 00:18:06',''),(132,'email',134,'aseret5766@gmail.com','aseret5766@gmail.com','d641918d159357534169b29c77aa28c9','mariateresa','2018-01-15 00:24:49','2018-01-15 00:24:49',''),(133,'email',135,'flyfishingmike22@gmail.com','flyfishingmike22@gmail.com','522aa5aacf9a30804b22072ed9e10f77','michael','2018-01-15 00:28:27','2018-01-15 00:28:27',''),(134,'email',136,'italiagirl_tink@yahoo.com','italiagirl_tink@yahoo.com','3c724d18e1d9c40b6254bb69a38b8ca5','nicole','2018-01-15 00:32:06','2018-01-15 00:32:06',''),(135,'email',137,'sue@positivelysuccess.com','sue@positivelysuccess.com','d1233ecd29627a9aa9972609d8b161be','sue','2018-01-15 00:44:06','2018-01-15 00:44:06',''),(136,'email',138,'tazzpowers@gmail.com','tazzpowers@gmail.com','4e23d53d8150847a015302cd44ef7e8d','tazz','2018-01-15 00:48:20','2018-01-15 00:48:20',''),(137,'email',139,'wachianwelch44@gmail.com','wachianwelch44@gmail.com','37ddad2e9b59fc8dfd1dd0b237c129fa','wachian','2018-01-15 00:52:14','2018-01-15 00:52:14',''),(138,'email',140,'testuser@g.com','testuser@g.com','29e8bfd4cd66bd4581a97a7d8678f70d','testuser','2018-01-17 07:25:18','2018-01-17 07:25:18',''),(139,'email',141,'info@samcomtechnologies.com','info@samcomtechnologies.com','29e8bfd4cd66bd4581a97a7d8678f70d','TestSamcom','2018-01-18 08:45:28','2018-01-18 08:45:28',''),(140,'email',142,'readings1111@yahoo.com','readings1111@yahoo.com','705e3655573b00d668be7808b2f62cf3','michaelb','2018-01-23 03:44:16','2018-01-23 03:44:16',''),(141,'email',143,'cbasen@sbcglobal.net','cbasen@sbcglobal.net','69218aa933dde864fda3b301694a6b43','cathy','2018-01-23 04:25:49','2018-01-23 03:54:58',''),(142,'email',144,'debbie.sera@gmail.com','debbie.sera@gmail.com','36f1b4622ef69fbe53e4d6a7e37f50be','debbies','2018-01-23 04:00:26','2018-01-23 04:00:26',''),(143,'email',145,'planetloveland@gmail.com','planetloveland@gmail.com','bd5b1dd2c393af2aa7784f4749f308d1','winter','2018-01-23 04:46:59','2018-01-23 04:46:59',''),(144,'email',146,'buinjoy@gmail.com','buinjoy@gmail.com','901d54b1d4d8b3081634806946f40898','cheri','2018-01-23 04:56:14','2018-01-23 04:56:14',''),(145,'email',147,'contact@elizabethgood.com','contact@elizabethgood.com','59a0e341afb49529bb043f4015b1c4c4','elizabeth','2018-01-23 05:02:35','2018-01-23 05:02:35',''),(146,'email',148,'igetgifts@gmail.com','igetgifts@gmail.com','d545b0ae3ed0c0958716608338d4864c','kristin','2018-01-23 05:05:01','2018-01-23 05:05:01',''),(147,'email',149,'tricia.c.johnson@gmail.com','tricia.c.johnson@gmail.com','ec01256abd1d9056e4d38bfcea45d9a6','tricia','2018-01-23 05:26:44','2018-01-23 05:26:44',''),(148,'email',150,'srbrochin@comcast.net','srbrochin@comcast.net','dfb7b397e9adbc9c495ab89540703694','susan','2018-01-23 05:37:01','2018-01-23 05:37:01',''),(149,'email',151,'kristipederson@cox.net','kristipederson@cox.net','81b124227a30e9df6dd31fa92cd2e5dd','kristi','2018-01-23 05:47:45','2018-01-23 05:47:45',''),(150,'email',152,'mtamross@hotmail.com','mtamross@hotmail.com','00eea04c34d2927aa676dcc81bb26152','tracy','2018-01-23 05:50:36','2018-01-23 05:50:36',''),(151,'email',153,'allorah@myownpersonalgod.com','allorah@myownpersonalgod.com','24687bb4e135d026ff6e188cbe561976','melinda','2018-01-23 06:03:39','2018-01-23 06:03:39',''),(152,'email',154,'jstarot@hotmail.com','jstarot@hotmail.com','1ab8f2979d88c17358e26f7453e701ef','ganay','2018-01-23 06:18:27','2018-01-23 06:18:27',''),(153,'email',155,'susan.kraft@gmail.com','susan.kraft@gmail.com','9c45c8e246ed20ad0797f08b4a053726','samantha','2018-01-23 06:28:43','2018-01-23 06:28:43',''),(154,'email',156,'retajane888@gmail.com','retajane888@gmail.com','b6ee370f5a1601ec42dd6a2a6102f7b9','michelle','2018-01-28 05:37:46','2018-01-23 06:36:26',''),(155,'email',156,'retajane888@gmail.com','retajane888@gmail.com','b6ee370f5a1601ec42dd6a2a6102f7b9','reta','2018-01-28 03:16:27','2018-01-28 03:16:27',''),(156,'email',157,'lynn@lynnhay.com','lynn@lynnhay.com','1d90d5aa4bc769278d902e2e1916dcd7','lynn','2018-01-28 03:31:47','2018-01-28 03:31:47',''),(157,'email',158,'Danacamp03@gmail.com','Danacamp03@gmail.com','2f7b45ef890056bcc25bd3f9c1332ac3','dana','2018-01-28 03:40:14','2018-01-28 03:40:14',''),(158,'email',159,'healingsbyzahara@yahoo.com','healingsbyzahara@yahoo.com','826696dd40c7218660ebecfa43e78c1e','sevehah','2018-01-28 03:55:47','2018-01-28 03:55:47',''),(159,'email',160,'astridstromberg@me.com','astridstromberg@me.com','849a3581bfd43f7d4aa6779684d49e1d','astrid','2018-01-28 04:02:55','2018-01-28 04:02:55',''),(160,'email',161,'terrianngross@gmail.com','terrianngross@gmail.com','9fcee0d531b676e70326e2832a09d4c6','terri','2018-01-28 04:26:57','2018-01-28 04:26:57',''),(161,'email',162,'mgiancola@hotmail.com','mgiancola@hotmail.com','105ae07394ff2566933f3b2fd9eb552b','willa','2018-01-28 04:32:42','2018-01-28 04:32:42',''),(162,'email',163,'tarotbyhic@gmail.com','tarotbyhic@gmail.com','e287cb839b5f0a3141aebca342042d0f','HiC','2018-01-28 04:40:48','2018-01-28 04:40:48',''),(163,'email',164,'jhouston6@cox.net','jhouston6@cox.net','a29329a7175355c669acdba92a0d0ca7','john','2018-01-28 04:43:38','2018-01-28 04:43:38',''),(164,'email',165,'shannon.la@gmail.com','shannon.la@gmail.com','7de724dd215d7a01ba967b6c67e59654','linda','2018-01-28 04:52:14','2018-01-28 04:52:14',''),(165,'email',166,'cazz@onelyfetolive.com','cazz@onelyfetolive.com','086be7f05928fe759d59b089eedf0527','cazz','2018-01-28 04:57:47','2018-01-28 04:57:47',''),(166,'email',167,'living4him55@gmail.com','living4him55@gmail.com','3c51321827bd4a50ebe434459a3fd4b8','jadi','2018-01-28 05:13:35','2018-01-28 05:11:18',''),(167,'email',168,'gwenniecat@aol.com','gwenniecat@aol.com','64b9cb713932a4630d74bff1437f3ff9','gwen','2018-01-28 05:24:27','2018-01-28 05:24:27',''),(168,'email',169,'passafiumejg@gmail.com','passafiumejg@gmail.com','d81d5521730a8ae0b827fba2243021c5','jessica','2018-01-28 05:28:44','2018-01-28 05:28:44',''),(169,'email',170,'carenkleine@gmail.com','carenkleine@gmail.com','2a5b171ac7f07bfa9aae30c8a7b0434d','caren','2018-01-28 06:24:56','2018-01-28 06:24:56',''),(170,'email',171,'vamsi@gmail.com','vamsi@gmail.com','20816b4d9faa537adbe5801165762c00','','2018-01-29 09:38:15','2018-01-29 09:38:15','fd4ad32d041710927eeaa34147233851'),(171,'facebook',172,'1648248095268192','chauhanjaydeep42@yahoo.in','','1648248095268192','2018-01-29 10:45:52','2018-01-29 10:45:52','c01e35d65ca80ee6767bb456a8a06d54'),(172,'email',173,'peter@peltronic.com','peter@peltronic.com','d19cd1fcdc7b640cd54e3522c7b4e7a4','','2018-02-02 00:42:43','2018-02-02 00:42:43','9fc4e19ecc32f6950fcaeb3d27240688');
/*!40000 ALTER TABLE `md_user_auth_type` ENABLE KEYS */;
UNLOCK TABLES;

--
-- Table structure for table `md_user_credit_card`
--

DROP TABLE IF EXISTS `md_user_credit_card`;
/*!40101 SET @saved_cs_client     = @@character_set_client */;
/*!40101 SET character_set_client = utf8 */;
CREATE TABLE `md_user_credit_card` (
  `id` bigint(20) NOT NULL AUTO_INCREMENT,
  `userId` int(11) DEFAULT NULL,
  `token` char(128) COLLATE utf8mb4_bin DEFAULT NULL,
  `last4` smallint(6) DEFAULT NULL,
  `expiration` char(7) COLLATE utf8mb4_bin DEFAULT NULL,
  `status` enum('active','removed') COLLATE utf8mb4_bin NOT NULL DEFAULT 'active',
  `createAt` timestamp NOT NULL DEFAULT CURRENT_TIMESTAMP,
  PRIMARY KEY (`id`),
  KEY `fk_user_credit_card_userId_to_user_id` (`userId`),
  KEY `idx_status` (`status`),
  CONSTRAINT `fk_user_credit_card_userId_to_user_id` FOREIGN KEY (`userId`) REFERENCES `md_user` (`id`)
) ENGINE=InnoDB AUTO_INCREMENT=43 DEFAULT CHARSET=utf8mb4 COLLATE=utf8mb4_bin;
/*!40101 SET character_set_client = @saved_cs_client */;

--
-- Dumping data for table `md_user_credit_card`
--

LOCK TABLES `md_user_credit_card` WRITE;
/*!40000 ALTER TABLE `md_user_credit_card` DISABLE KEYS */;
INSERT INTO `md_user_credit_card` VALUES (1,10,'cus_BJYDe6BhafOBXz',4242,'12/2020','active','2017-08-31 16:02:09'),(2,6,'cus_BJtnsw2VjOPcWG',4242,'12/2020','active','2017-09-01 14:19:26'),(3,14,'cus_BWavU30btzyga7',4242,'12/2020','active','2017-10-05 11:41:45'),(4,54,'cus_BrZukD3kNPr0oA',4242,'2/2018','active','2017-11-30 12:02:33'),(5,54,'cus_BraINoIsv7tff9',NULL,'','active','2017-11-30 12:26:34'),(6,54,'cus_BrapCgS4V67d0v',4242,'2/2018','active','2017-11-30 12:59:50'),(14,54,'cus_BwNPGCiyyIwFgk',4242,'12/2018','active','2017-12-13 07:27:22'),(15,54,'cus_BwSOc2ZEpK1ZsW',4242,'12/2019','active','2017-12-13 12:36:34'),(16,54,'cus_BwSQM7Qcrs5ks1',4242,'12/2018','active','2017-12-13 12:38:46'),(21,54,'cus_BwTPw5Xe7QmibS',4242,'12/2018','active','2017-12-13 13:39:56'),(22,54,'cus_BwTSleROlHIJpJ',4242,'4/2019','active','2017-12-13 13:42:52'),(24,54,'cus_BwTpEQh8mgBHam',4242,'12/2018','active','2017-12-13 14:05:57'),(30,18,'cus_BzOmqMLDXF6djI',4242,'2/2018','active','2017-12-21 09:04:59'),(39,120,'cus_C3uuy6Sp61OfKE',4242,'10/2019','active','2018-01-02 10:32:52'),(40,172,'cus_CE2JIoaWXkHMmC',4242,'1/2019','active','2018-01-29 10:52:08'),(41,171,'cus_CE2V3G6hLI013Y',44,'12/2021','active','2018-01-29 11:04:17'),(42,171,'cus_CE2WFeh2G5B3oU',44,'12/2021','active','2018-01-29 11:04:27');
/*!40000 ALTER TABLE `md_user_credit_card` ENABLE KEYS */;
UNLOCK TABLES;

--
-- Table structure for table `md_user_relation`
--

DROP TABLE IF EXISTS `md_user_relation`;
/*!40101 SET @saved_cs_client     = @@character_set_client */;
/*!40101 SET character_set_client = utf8 */;
CREATE TABLE `md_user_relation` (
  `id` bigint(20) NOT NULL AUTO_INCREMENT,
  `senderId` int(11) NOT NULL,
  `recipientId` int(11) NOT NULL,
  `messageId` bigint(20) DEFAULT NULL,
  `action` enum('block','follow','like','favorite') COLLATE utf8mb4_bin DEFAULT NULL,
  `createAt` timestamp NOT NULL DEFAULT CURRENT_TIMESTAMP,
  PRIMARY KEY (`id`),
  KEY `fk_user_relation_senderId_to_user_id` (`senderId`),
  KEY `fk_user_relation_recipientId_to_user_id` (`recipientId`),
  KEY `fk_user_relation_messageId_to_message_id` (`messageId`),
  KEY `idx_action` (`action`),
  CONSTRAINT `fk_user_relation_messageId_to_message_id` FOREIGN KEY (`messageId`) REFERENCES `md_message` (`id`) ON DELETE SET NULL ON UPDATE SET NULL,
  CONSTRAINT `fk_user_relation_recipientId_to_user_id` FOREIGN KEY (`recipientId`) REFERENCES `md_user` (`id`) ON DELETE CASCADE ON UPDATE CASCADE,
  CONSTRAINT `fk_user_relation_senderId_to_user_id` FOREIGN KEY (`senderId`) REFERENCES `md_user` (`id`) ON DELETE CASCADE ON UPDATE CASCADE
) ENGINE=InnoDB AUTO_INCREMENT=6 DEFAULT CHARSET=utf8mb4 COLLATE=utf8mb4_bin;
/*!40101 SET character_set_client = @saved_cs_client */;

--
-- Dumping data for table `md_user_relation`
--

LOCK TABLES `md_user_relation` WRITE;
/*!40000 ALTER TABLE `md_user_relation` DISABLE KEYS */;
INSERT INTO `md_user_relation` VALUES (3,2,6,158,'block','2017-10-17 20:17:56'),(4,19,124,NULL,'block','2018-01-26 01:51:47'),(5,19,125,NULL,'block','2018-01-26 01:51:47');
/*!40000 ALTER TABLE `md_user_relation` ENABLE KEYS */;
UNLOCK TABLES;

--
-- Table structure for table `md_user_session`
--

DROP TABLE IF EXISTS `md_user_session`;
/*!40101 SET @saved_cs_client     = @@character_set_client */;
/*!40101 SET character_set_client = utf8 */;
CREATE TABLE `md_user_session` (
  `id` varchar(255) COLLATE utf8_unicode_ci NOT NULL,
  `expire` int(11) DEFAULT NULL,
  `data` blob,
  PRIMARY KEY (`id`)
) ENGINE=InnoDB DEFAULT CHARSET=utf8 COLLATE=utf8_unicode_ci;
/*!40101 SET character_set_client = @saved_cs_client */;

--
-- Dumping data for table `md_user_session`
--

LOCK TABLES `md_user_session` WRITE;
/*!40000 ALTER TABLE `md_user_session` DISABLE KEYS */;
INSERT INTO `md_user_session` VALUES ('00ntndd69grom71uhc0crv8fe2',1502450156,'__flash|a:0:{}__id|i:2;'),('0127tjklt7db4nefj6a75hsqp7',1509293016,'__flash|a:0:{}yii\\authclient\\clients\\Facebook_facebook_authState|s:64:\"8c1ad6718bd7cd4fa3263f8b51d12500caf47b894aa3ce76f221d013a73cc79c\";'),('022lhk2plcpqsbno8fjqh48vg4',1514464895,'__flash|a:0:{}__id|i:108;'),('02pivndu8nchvb5635fq7m39h1',1517296480,'__flash|a:0:{}'),('04gitae0lngs6l6fedoi4c9j36',1509037300,'__flash|a:0:{}'),('053fldr43skashq9lg1hr4ee30',1508518453,'__flash|a:0:{}'),('05h7keajp1gn6c9sd93fuin8c0',1508436462,'__flash|a:0:{}yii\\authclient\\clients\\Facebook_facebook_authState|s:64:\"88cacc0bec534d34bfd02e28a946b26e50eb9ac6b37155fe053fbe94b9b58b49\";'),('08i519b9fbsujhb2qoas6mcch5',1507803362,'__flash|a:0:{}yii\\authclient\\clients\\Facebook_facebook_authState|s:64:\"b54a97bd464f71360796ea46d5d259e3dc8d455f22697badf2364163405d7883\";'),('08mlo5rifk09abdjig03gc5k73',1504636181,'__flash|a:0:{}__id|i:6;'),('090lbugfgpgtgj6on515mqn802',1513179127,'__flash|a:0:{}'),('09dc3e65574d14e075abc23cd39df1dc',1511693381,'__flash|a:0:{}'),('09q5bi69nttpjj40aai7i91da1',1515024993,'__flash|a:0:{}__id|i:1;'),('0a66qorj8olr6aqg2enkqkquq0',1517296420,'__flash|a:0:{}yii\\authclient\\clients\\Facebook_facebook_authState|s:64:\"111f9c3755aa5c04b9b80dc32e3d04bfdf2a595b8fc43230b9a52d3107278eb0\";'),('0akt6bs30guertuvin5f05a677',1516261048,'__flash|a:0:{}'),('0e0pr6a0n7ecc5vtpn639d0hk5',1506052171,'__flash|a:0:{}'),('0fe7fie251il3f7sts5hde9lr3',1501273967,'__flash|a:1:{s:19:\"successRegistration\";i:-1;}__id|s:1:\"6\";successRegistration|s:38:\"Success Registration. Sign In, Please!\";'),('0h5iitjpv3tvh04aekkppuuve0',1513859293,'__flash|a:0:{}'),('0i14c6s7irguchds8cbig5qvr1',1512200659,'__flash|a:0:{}yii\\authclient\\clients\\Facebook_facebook_authState|s:64:\"1436bc1f8c9498df622839fdee893817b2595e70e945638a338f8185d8f75d92\";'),('0i44fr49l23lnb58h3tcu2ndo5',1511192728,'__flash|a:0:{}'),('0i7h832l9gjnnc72ucvhabk1h5',1507214529,'__flash|a:0:{}__id|i:9;'),('0iiblmivuv7vt1ff525df03ic3',1502168374,'__flash|a:0:{}__id|i:2;'),('0jq2chnb65cvt6nuh7oog6jmr6',1511613937,'__flash|a:0:{}'),('0ldgg4huqfp0mm79srrrogm9t6',1504205634,'__flash|a:0:{}'),('0li32f6bspcsdb78skd8aklc76',1502172620,'__flash|a:0:{}__id|i:2;'),('0llp7vb8rov9iemb5p11pl4lt1',1507194127,'__flash|a:0:{}__id|i:6;'),('0lq49c7ifgr9dgv4ifkpjkofm5',1507215448,'__flash|a:0:{}__id|i:14;'),('0m22ns7shv4c8npvv74v64j8n0',1517523532,'__flash|a:0:{}__id|i:1;'),('0m8m6o2mbr5o10vj99s3m0tos4',1512970872,'__flash|a:0:{}__id|i:54;'),('0n0k1k248g9fsj9f0jvsqkjv74',1512110342,'__flash|a:0:{}__id|i:2;'),('0o2hjeok1na3bnh2i7sbdvsu94',1510327343,'__flash|a:0:{}'),('0p37hrt5t35nl1ed2a2u0t1kq6',1507048291,'__flash|a:0:{}__id|i:2;'),('0slqokd5eejefd39qh88hlm2i6',1517264976,'__flash|a:0:{}'),('0u96luf3jjr8hg7furqbqu7f57',1516880724,'__flash|a:0:{}'),('0ud3498tne78j0hm1slotluml2',1501880248,'__flash|a:0:{}__id|i:2;'),('0uhitfnqtab3fpcltjisi21dk1',1505897583,'__flash|a:0:{}__id|i:6;'),('12ri8cr8l9d7i05omebaao0na3',1516158217,'__flash|a:0:{}__id|i:2;'),('133dfc867f00affa4508585e30f70f85',1513146729,'__flash|a:0:{}'),('13f635r37oj0bm03cvjrla81b2',1507920517,'__flash|a:0:{}__id|i:2;'),('13f71409f6028bddb72ef4187a2da743',1511600146,'__flash|a:0:{}'),('13i8erptbc87v789dhjqtgra53',1509468690,'__flash|a:0:{}yii\\authclient\\clients\\Facebook_facebook_authState|s:64:\"fd80a63139ee1e56f82c7bdf594da670e4176e6016ea4591b1995bb69d274209\";'),('14cno5hrftmcgboi8nng85qhi3',1510897270,'__flash|a:0:{}'),('155bp87u956s7q22ekqfm818f4',1512398881,'__flash|a:0:{}__id|i:54;'),('16en09o8ka0rvs094qla0f8g43',1509796434,'__flash|a:0:{}'),('183hn17n9t64cvk3ndub0eti11',1505967771,'__flash|a:0:{}__id|i:9;'),('19jnq65pba51b2bf0j2v334a86',1511879835,'__flash|a:0:{}__id|i:19;'),('1aftq05i3tubk2gl2fn35015s7',1502212368,'__flash|a:0:{}__id|i:6;'),('1b9db8dfd576cb4f0001c65d661fff51',1511512154,'__flash|a:0:{}'),('1bc40e4r7skub10osho4688gr7',1512678086,'__flash|a:0:{}'),('1ce3ohg8v5hpcmb127r2epu9f6',1516597634,'__flash|a:0:{}'),('1f1l4p23igcogdmp6hta5r64u2',1512051504,'__flash|a:0:{}yii\\authclient\\clients\\Facebook_facebook_authState|s:64:\"04691c7101291097f0d5742f2d7671a0931d7ee75f547332758fe988a219651d\";'),('1g9cgcqsd0q0p5hbcvi7fu3nu5',1510857906,'__flash|a:0:{}'),('1h7moajjln9h7bso9pelavau54',1505396251,'__flash|a:0:{}'),('1heqt169tnrbif7j9h406qjuj4',1512686941,'__flash|a:0:{}'),('1ih7jrjpjh4tfs9llur3nftab1',1505913449,'__flash|a:0:{}__id|i:9;'),('1ihkt05i4so2hb3c13dtthsds0',1502796965,'__flash|a:0:{}__id|i:2;'),('1imnqag3nov7pisrkggso26v04',1504876229,'__flash|a:0:{}__id|i:2;'),('1j0s49o3m5b7c14kptlqugeuu1',1512690085,'__flash|a:0:{}'),('1jk4s70re3n3e6ia0aat5hb780',1512974860,'__flash|a:0:{}__id|i:2;'),('1ltpllu85shrslq5ka0heocfi4',1511944596,'__flash|a:0:{}__id|i:1;'),('1m9h3vk2l105okfomaqguftvh4',1514585043,'__flash|a:0:{}'),('1op2gpi3lva3kccab8fu1a6ha5',1513200582,'__flash|a:0:{}'),('1s68hqbgnr1j1nl1216o45rvv4',1505150532,'__flash|a:0:{}__id|i:6;'),('1srskvsjoqear9v8vetdar4vn1',1509615977,'__flash|a:0:{}'),('1u2d8jbm0kccemavjl176km193',1510842825,'__flash|a:0:{}'),('20ec61o7itdjjggc0uflsbnts7',1507210605,'__flash|a:0:{}__id|i:15;'),('20un52hp56gcejqd8lvup7c6n1',1509200190,'__flash|a:0:{}yii\\authclient\\clients\\Facebook_facebook_authState|s:64:\"d1ca5d0273615272242648292a6fc399477d072339717d2c7238ab8beaeed405\";'),('21od2re31e0fcfupik1kjt61v5',1516272696,'__flash|a:0:{}'),('23c9p7qomnou3j4podmfs3lq17',1511190758,'__flash|a:0:{}'),('23csikldb2s30s9a19g7duit23',1505850238,'__flash|a:0:{}__id|i:2;'),('24243ac9b3bec0070d109829976ceaca',1511260230,'__flash|a:0:{}'),('24t6d4bk40j7nsd4m80prf0ok5',1516012876,'__flash|a:0:{}'),('24v9jum7a5bcjj3hn2m9j60u07',1505151012,'__flash|a:0:{}__id|i:6;'),('25i80os8417tbbgh61c7i696k3',1508368179,'__flash|a:0:{}yii\\authclient\\clients\\Facebook_facebook_authState|s:64:\"804eb7db12ef3e22a7311e747df5f1f4f160080059f5e21697003dc35d8e32fb\";'),('29bbedd6f11aef9aed9f4cfe5005fe66',1517312386,'__flash|a:0:{}'),('2a79k5ubc6kkrttej64igh3ad6',1507221029,'__flash|a:0:{}__id|i:2;'),('2auck6206e8mmosqbbu9bcc813',1508669039,'__flash|a:0:{}'),('2b741cfbj9vq3q1dl8vdtdj6k1',1502640930,'__flash|a:0:{}__id|i:6;'),('2e97e2dc10def88bcaa8ad45df3ccf29',1517426981,'__flash|a:0:{}'),('2fhtojhc8im1r06ohsna2eqd57',1510864160,'__flash|a:0:{}'),('2g2nmqunqosea66qnciap3lka0',1510900874,'__flash|a:0:{}'),('2g4gvliu7k1bgk8rnc0rbv69v7',1511873973,'__flash|a:0:{}'),('2gb49vme05c3om9bs0tud8mbc6',1512248480,'__flash|a:0:{}'),('2gsrorfan8cso6sgcnakuu0l45',1512653922,'__flash|a:0:{}'),('2ihfpkoj5e26rm7g7qov02sfm4',1511198192,'__flash|a:0:{}'),('2kgt33ub17vb29tpm0ero67ng2',1513199725,'__flash|a:0:{}'),('2m7esdtlvbc9190j3uvvmilk67',1512051511,'__flash|a:0:{}'),('2pnai2c66il89og0sbjhqufgu0',1516702076,'__flash|a:0:{}'),('2rdg6vot137vfumaaigvsmjqt5',1504875292,'__flash|a:0:{}__id|i:2;'),('2rode3n9t4ikjppes0opphst34',1508838798,'__flash|a:0:{}yii\\authclient\\clients\\Facebook_facebook_authState|s:64:\"72ecf034248b2142a994a521cd443e539e68548194ec41f7b9bdad9553c2c0b9\";'),('2rv2o50s1d6dc22noaaln7o0c1',1512984804,'__flash|a:0:{}__id|i:54;'),('2ss7c19v8mb20ut7hq8tcadl81',1510111691,'__flash|a:0:{}'),('2t3gh4o52513ifv810khsmnti1',1504636714,'__flash|a:0:{}__id|i:6;'),('301uuqr62h07elr4nkd8jo3m76',1513176293,'__flash|a:0:{}'),('30be12p38v9odpqa5k1frhqac0',1510843851,'__flash|a:0:{}'),('319r1m63t57rm8lepn071u8sb2',1510291534,'__flash|a:0:{}__id|i:1;'),('32db80mrvdgg0r0srm617o9p63',1511874921,'__flash|a:0:{}'),('32ns6a0gdcjp0eiptjg4cfdoo4',1511165814,'__flash|a:0:{}yii\\authclient\\clients\\Facebook_facebook_authState|s:64:\"3a54a4f4cd5c27ba7737999d699d2c2d679c680666be0bad7aa203a30b58419f\";'),('33dok8ug6lm97ohhudtm09t8v7',1508971327,'__flash|a:0:{}'),('34bh4rka9jl6uid9sukaeorij3',1509754667,'__flash|a:0:{}yii\\authclient\\clients\\Facebook_facebook_authState|s:64:\"85fa9583a0e028c61375adbdc081c8786d7e7afb0d9b329aa7d7ee1b6647dbcd\";'),('34d8rbqelhqb39818dgl8lkgu2',1517598222,'__flash|a:0:{}'),('377148f8cf297c69a598721c5c84ccd0',1508870619,'__flash|a:0:{}'),('39feh70is7bmp052quah6trs00',1513591603,'__flash|a:0:{}'),('3ae3b4v504so86802d4nksae40',1505974690,'__flash|a:0:{}__id|i:9;'),('3efhba1f421pladog7ejj7con4',1514919212,'__flash|a:0:{}'),('3f4acb9b24a8964733313ab669977230',1511823848,'__flash|a:0:{}'),('3fnvv0s8cpc977tum4ms4qf662',1509466285,'__flash|a:0:{}'),('3gfui4moj984eo52vk5l8ml2j2',1512248485,'__flash|a:0:{}yii\\authclient\\clients\\Facebook_facebook_authState|s:64:\"9f05aa400691d726cf1ded1ba8b3a47b8925e577398b3dea1d16e1f3fc9c774c\";'),('3hp9frhs93be4357l4f4s5c522',1504876115,'__flash|a:0:{}__id|i:2;'),('3inhh6b2g0bhdrolt8pm025ja2',1505854595,'__flash|a:0:{}'),('3iqep474q6le4o6rvhg9n5q4p0',1506106325,'__flash|a:0:{}'),('3kfn2r2o9vb87g0pqin11o9oh2',1510207836,'__flash|a:0:{}'),('3kn635e07m1aqadu64mdfigcr0',1509615976,'__flash|a:0:{}'),('3koo0v5kt0s5qmn72ub3g89iq7',1504637200,'__flash|a:0:{}__id|i:6;'),('3llntm3jkcu5tl4c5tnlgse8r1',1505896278,'__flash|a:0:{}__id|i:15;'),('3mapk26a7l5t6cuc2rmulrkn25',1509583506,'__flash|a:0:{}'),('3nqe2577lqmpo0uv97afegqv94',1509615975,'__flash|a:0:{}'),('3o61eguk48iojmodfs55mee6e2',1513210808,'__flash|a:0:{}'),('3ocfvb15j32ishjo2nt96tk932',1510292472,'__flash|a:0:{}'),('3ohv2rfns2clc6bbh77vgdesq5',1506107615,'__flash|a:0:{}'),('3oooegmgs8cluvmtneact49ij1',1513777721,'__flash|a:0:{}yii\\authclient\\clients\\Facebook_facebook_authState|s:64:\"92842a66480f96e7bcab696e3d14850d991231caace957028907cb57649ec822\";'),('3sblb4aslm6c5llnqc7shostj5',1506459092,'__flash|a:0:{}__id|i:6;'),('3srlb34gtv19n4lp1mkqpse9k0',1513586895,'__flash|a:0:{}'),('3tnovo1f04cm1c9r56di9a65e1',1508691288,'__flash|a:0:{}'),('3umlg6h7sj444p6mlfljsbibn4',1512583149,'__flash|a:0:{}__id|i:6;'),('40r4r1l8sosvhjcgo21ue37b61',1503594153,'__flash|a:0:{}__id|i:2;'),('41jkq97l31f412kmc4kge80s57',1505150616,'__flash|a:0:{}__id|i:6;'),('42ocni96v8jdobq0j0ghj6b8u6',1508691318,'__flash|a:0:{}'),('4559h2hs61qremhbbqa9e10t92',1507215092,'__flash|a:0:{}__id|i:6;'),('45ev392qv0otfosqqho6agil46',1517607467,'__flash|a:0:{}'),('45oogunn2hcu8ti2utgkj4uq45',1508278261,'__flash|a:0:{}__id|i:2;'),('463l01ro3r71tdkva007s1g6j1',1512652091,'__flash|a:0:{}'),('47fl6oj7pissrq8qk86alhjq04',1512689965,'__flash|a:0:{}'),('481ad3b6d4eff9d3085d8271534d5d7e',1510029294,'__flash|a:0:{}'),('4ao4l9rn9tukkpk2vpq22rv2d6',1517129811,'__flash|a:0:{}'),('4bh7lspg2v6glkmnlfr7fl7543',1505151018,'__flash|a:0:{}__id|i:6;'),('4bo39b6j2244c5mhtekqb9b951',1512139107,'__flash|a:0:{}'),('4dds5ch7jhmu2ig9o7qttfhct1',1512051511,'__flash|a:0:{}'),('4e1629211d7fd5dc465429985d9436d7',1517046131,'__flash|a:0:{}'),('4f939k1gse9rdip0usaf41a7v7',1510133374,'__flash|a:0:{}'),('4fp50rbggm58ip5rdi5qsr98u1',1512051511,'__flash|a:0:{}'),('4grv8e90lmp5m7kbpr5kv0tqn7',1515788190,'__flash|a:0:{}'),('4hnmji3m26vhle409d4nfb8eu5',1512670994,'__flash|a:0:{}'),('4j53a3r50ehaqbpa7vvrjsh6m5',1512051511,'__flash|a:0:{}'),('4k2ukr2bipe6fh4q0dgae49vm2',1509073266,'__flash|a:0:{}yii\\authclient\\clients\\Facebook_facebook_authState|s:64:\"2d501bd182603b2a26b39f368b9749360995fe8fb35f818ca9bb316d57883dbe\";'),('4k909shsuntva9q2v0gkmjj4h2',1511275939,'__flash|a:0:{}'),('4kp5m0v37ohdi6ih9etib6q720',1515642808,'__flash|a:0:{}'),('4kqhaoe16qh5eipldpl12ch751',1512885110,'__flash|a:0:{}'),('4kscddgropulpo6cee4a87td45',1510134192,'__flash|a:0:{}'),('4l42h8m7hamek2ihhcgt4v8ua1',1506711266,'__flash|a:0:{}__id|i:14;'),('4nmlo7mcou64f5oblm52sb0136',1507679337,'__flash|a:0:{}__id|i:6;'),('4qg1a90f66pmogsv5bb19uugc2',1508872910,'__flash|a:0:{}'),('4r2uls5kple81qu97855quu711',1504636722,'__flash|a:0:{}'),('4scqer5gqagn44ggq737v35j64',1510266550,'__flash|a:0:{}'),('4t7soa1ek316o0vlj0a7m2k5s0',1512796721,'__flash|a:0:{}yii\\authclient\\clients\\Facebook_facebook_authState|s:64:\"06b397ed0e6702fd9de856879735f60c6f43af6844aa5ffb77f62aab216bf953\";'),('4vbkdq7duj4fq21cm5iaq905g0',1516721045,'__flash|a:0:{}'),('4voomdel0vm9nrjq784nnfk811',1512051511,'__flash|a:0:{}'),('50b7an5pk549ua39dh0nhjvr21',1509444745,'__flash|a:0:{}'),('50sbek5kjddmgnifahkro2fdu2',1512485794,'__flash|a:0:{}__id|i:54;'),('510d48edb8c7749acd2d42aa4186ec9b',1511695573,'__flash|a:0:{}'),('51st4bupcneh6b7n4gg1g7lj22',1516675584,'__flash|a:0:{}'),('520jd58f95f2iqbo5um0fta8m4',1513160184,'__flash|a:0:{}'),('53075c2t03c5u044qmfur37q22',1513263435,'__flash|a:0:{}__id|i:19;'),('54e9npvs4a12aide05fnb05vq7',1513203334,'__flash|a:0:{}'),('54ps56g3pm4khubqi5ec66fjh2',1504295339,'__flash|a:0:{}yii\\authclient\\clients\\Facebook_facebook_authState|s:64:\"3b70d050098795010d4143abae7e908886c2f7bfb4db67c1662dfdcf63bc283c\";'),('54tfrp9aaeamrvlo0lt5n68ia6',1512051520,'__flash|a:0:{}'),('55902j6qcndca52r5or8oh0iq5',1508691243,'__flash|a:0:{}yii\\authclient\\clients\\Facebook_facebook_authState|s:64:\"329d0b566441dc9a80d702a4fec01cb8f297bd6f2574d8f6913e464778e1f0c1\";'),('5759c1fbec0b00ce2126b1d4ce3d5cbf',1517060572,'__flash|a:0:{}'),('57dinjgdmfqqlg5ldgdjm4b0v5',1508691270,'__flash|a:0:{}'),('58oqhphn75buruuebf6b7o0es1',1510864332,'__flash|a:0:{}'),('592b7dd6196e65c56aac3bf7b6033930',1512586005,'__flash|a:0:{}'),('598ope3ln16p5lpiscd29sauo7',1510877944,'__flash|a:0:{}'),('5aafc8c78e6ea9cbda523c67a14fcc80',1517160943,'__flash|a:0:{}'),('5alladalj11acntv44igv942a3',1508917622,'__flash|a:0:{}'),('5b3jcc42on30o7j3bsm3lt6e93',1510642330,'__flash|a:0:{}__id|i:19;'),('5bq5rrqrps68vg50v3lmvg52n5',1508214727,'__flash|a:0:{}__id|i:6;'),('5c4ce3e2e2009110ea27ea6ec197bff2',1512415540,'__flash|a:0:{}'),('5d9b5i4uik2ms42hdnu9e6t5i0',1516538193,'__flash|a:0:{}'),('5f44lkm21u7o5jal6fipovm353',1512466877,'__flash|a:0:{}'),('5glhmir4u6579ce0hf55t459a1',1506051308,'__flash|a:0:{}'),('5gods7pgqjsov89ev2s149nru3',1516177727,'__flash|a:0:{}'),('5j028ju6m79frt416v6g22e6e2',1516923172,'__flash|a:0:{}'),('5jkid2c3n56v6ga5eqavtm78s5',1507146953,'__flash|a:0:{}__id|i:6;'),('5jm0r5iqv8rp50gd8vtbq6qaf5',1512970840,'__flash|a:0:{}__id|i:54;'),('5o35qrikhd0a1usdofnra4rr62',1512478003,'__flash|a:0:{}'),('5odpo7om0cab28os1crmrqhkc7',1513029586,'__flash|a:0:{}'),('5pmv9mjqhg5oha2uqr57ed2445',1510889382,'__flash|a:0:{}'),('5rfrifaoct6jmko7ngj4jfj4t1',1504876244,'__flash|a:0:{}__id|i:2;'),('5s524082sookbdu83sf6loce77',1508258714,'__flash|a:0:{}__id|i:6;'),('60t4lt504tkgvsr0mpu8f23ld4',1511194687,'__flash|a:0:{}'),('619tchpf6v5phvvevfol7nbt83',1512327163,'__flash|a:0:{}'),('622bf0a959383be40c3fe684cdd730e3',1511267346,'__flash|a:0:{}'),('62dl2e7ff55k4nhg4nod9nilp7',1513185196,'__flash|a:0:{}'),('62q6gluqles1d4j2674u5qfjf7',1509755469,'__flash|a:0:{}'),('62ugnufjm3dirirh84muhoiqj7',1510873276,'__flash|a:0:{}'),('6316v0k1giadjcnrcjdv3549v1',1510260763,'__flash|a:0:{}'),('657ovf8qdqaimp03tibf164t93',1512051511,'__flash|a:0:{}'),('65bl70654qqg5bt7q49gj16sn3',1514864704,'__flash|a:0:{}__id|i:2;'),('65jd0sattlt10ni8imjciqq5k4',1512268460,'__flash|a:0:{}yii\\authclient\\clients\\Facebook_facebook_authState|s:64:\"88b825d16afd0b301f8606060fd90d8a78ebac6a5985de66bdac751d57f377b4\";'),('6csik6p1hgo76kl9kp8n6qlvt2',1510155364,'__flash|a:0:{}'),('6dbbkb29l24jnedl6v3mvf9nk2',1511122827,'__flash|a:0:{}'),('6dl7glffj719m248vbp9jlq1h3',1512485794,'__flash|a:0:{}__id|i:19;'),('6edp6e3ud00ehm44vd6sjse6g3',1516261398,'__flash|a:0:{}__id|i:2;'),('6fibhujqsfurp5qg28evlk4l87',1511642056,'__flash|a:0:{}'),('6hg006mcfdl64t6mrctlgjjiq2',1512116501,'__flash|a:0:{}'),('6huquag644akk0mcbhp0r0pjq7',1511934698,'__flash|a:0:{}__id|i:1;'),('6ikqnfpolfts0pm63rjv8ived7',1513671695,'__flash|a:0:{}__id|i:2;'),('6k7u9m2uen5tp9g8gchv8fsm20',1508655669,'__flash|a:0:{}'),('6kftptpm8edjimkco55at7n8b7',1503731960,'__flash|a:0:{}'),('6rkhumqv6cop8cutt0vdop7g64',1513837188,'__flash|a:0:{}'),('6s7lr99pdqejmsbghv16q053s3',1516949944,'__flash|a:0:{}'),('6s91iv919mih9fcv4latr5j056',1510152314,'__flash|a:0:{}__id|i:19;'),('6te1e71ukn1jbvuq6ni6tlu0e0',1512583157,'__flash|a:0:{}__id|i:2;'),('6thekl6f48l6r4fvk7374ai7k7',1510221017,'__flash|a:0:{}'),('6u3q2nktu2f9jr4onrvgm7q0i3',1510327368,'__flash|a:0:{}'),('6ugnva85gj1p19ou4rehlhkdu2',1501877461,'__flash|a:0:{}'),('6uh2ptou82gted7h8qfiplhbh2',1514593792,'__flash|a:0:{}__id|i:1;'),('6ukuisc8lb9vafb2lerg62gv13',1508906053,'__flash|a:0:{}__id|i:6;'),('6umqc3ncgmvnbckge12907cos2',1509466261,'__flash|a:0:{}yii\\authclient\\clients\\Facebook_facebook_authState|s:64:\"2c957afeb91a57282004792d81b26d1a8ec058f78542a77b342a9a1654500376\";'),('6v9mk5rl2a0af4pp8cuvj3v7f6',1504876141,'__flash|a:0:{}__id|i:2;'),('6ve04nihudrjbdl4bu9ul910v4',1508800176,'__flash|a:0:{}__id|i:6;'),('7176vic434kll5e5hdujfeec24',1506051657,'__flash|a:0:{}__id|i:2;'),('728fa2f3d246173ca0fc9ab2203b25bb',1516768279,'__flash|a:0:{}'),('72qs0hlk04om2ef0r31v19bop2',1511289087,'__flash|a:0:{}'),('73h3d27usmjapt5mf1csv5o563',1510865719,'__flash|a:0:{}'),('73krrh5ipbuh37fq199l6n9c36',1516471581,'__flash|a:0:{}'),('760dqhb69ukdbl4gsnlavmp8o3',1512333279,'__flash|a:0:{}'),('76ba105348nenjmausaqkc3bt2',1506987787,'__flash|a:0:{}__id|i:6;'),('78ksp39vqvi30djli9d3v4b9q3',1504637622,'__flash|a:0:{}__id|i:6;'),('7930be6c32c8cc419a0cb3dea7334d1d',1508468470,'__flash|a:0:{}'),('7a99babjr14ipnnnf986i8lse2',1512133220,'__flash|a:0:{}'),('7bqpod6gljhb76l0hfs7ogmfp3',1505396272,'__flash|a:0:{}'),('7bsrnu7ssins1lk4mr7gghgs54',1506112951,'__flash|a:0:{}__id|i:2;'),('7c8b3rre82ghjq1d6a6igbpr93',1516769655,'__flash|a:0:{}'),('7cbdo47qv0762e51oo76phm9s5',1503596520,'__flash|a:0:{}__id|i:2;'),('7cbojfvrpprjr51qjmflv0l7m4',1509138466,'__flash|a:0:{}__id|i:18;'),('7d8bd962a031411e7b91482d926f0398',1508667708,'__flash|a:0:{}'),('7dvrbg206jcnse4clirfc67ve4',1506411305,'__flash|a:0:{}__id|i:6;'),('7e8dc63516c39997a02c3fc993917657',1517173470,'__flash|a:0:{}'),('7en0kkufuiutboggvomc0v0o21',1511962818,'__flash|a:0:{}__id|i:1;'),('7ffura3pokvkid272eerjqol81',1510600240,'__flash|a:0:{}'),('7g7ce5r07nfofh4bf7v5s42sr7',1513781172,'__flash|a:0:{}'),('7gcdeld365osh8l8upv61e5oa2',1508461419,'__flash|a:0:{}yii\\authclient\\clients\\Facebook_facebook_authState|s:64:\"08637dbf123346a2b7a5489a9b7fe8cc300dd280522db409ffd8fb23a96739ff\";'),('7i4ppksdoa1v01icrurj996od1',1508529117,'__flash|a:0:{}yii\\authclient\\clients\\Facebook_facebook_authState|s:64:\"bd69b943a71e28ef9a045a3eb2b1f926a5d04845e879113a2838c3ad40b41555\";__id|i:2;'),('7jjpckm0vedka7pe5amgrjd1c3',1515104712,'__flash|a:0:{}'),('7kdv6jh0g7e5sh9qff4qfs3al4',1516882882,'__flash|a:0:{}'),('7l16uq59poft1nsh90qirtffm3',1505069503,'__flash|a:0:{}__id|i:2;'),('7ldiehr86q0evm8lpro5qvkej3',1508437816,'__flash|a:0:{}__id|i:2;'),('7ms02tc0aflb465dqn74vf4nm4',1514898985,'__flash|a:0:{}__id|i:54;'),('7os3hcooa13i6q3l64tlev0823',1508691307,'__flash|a:0:{}'),('7outfe5p5cjktp958ceiumqet1',1505760205,'__flash|a:0:{}'),('7tlhi4nlu4si7oakdlhuq77qg3',1516535392,'__flash|a:0:{}'),('7vpq7mcjcuoo59175rallat9u3',1506010725,'__flash|a:0:{}__id|i:9;'),('80lpf7mojpspjjku5duor91ur5',1510414508,'__flash|a:0:{}'),('811826520fbbf8eac1b4d16733c32313',1511598122,'__flash|a:0:{}'),('82q4cvk5vh0dpq2h8bt463rqc6',1509466274,'__flash|a:0:{}'),('83rmj330u9mfnp6909hoq8os02',1511189912,'__flash|a:0:{}'),('84kdhafscde1utd4qfo3tnjre1',1516732454,'__flash|a:0:{}'),('856m6o8uu3fd4pciuismvtggg6',1508966021,'__flash|a:0:{}__id|i:7;'),('85k4vcv2o782dv42dk508bptk3',1510842134,'__flash|a:0:{}'),('85s2lle6954ko4hpbedgvr5l41',1505913455,'__flash|a:0:{}__id|i:6;'),('865v580a2ogoo10mniuo3vh9q0',1517608507,'__flash|a:0:{}__id|i:1;'),('86osghprd7al8gvtt9hembjco7',1504875291,'__flash|a:0:{}__id|i:2;'),('8729b921a797eaf82f02c291f5ff92b8',1517157620,'__flash|a:0:{}'),('88h3h4sa5fp5ou3ubt0kii9i71',1512570212,'__flash|a:0:{}'),('899cl78hfd1a6q5b5t2ijgm1e1',1512970834,'__flash|a:0:{}__id|i:54;'),('8a1dlctmg6guhmltp94upe7u85',1504876111,'__flash|a:0:{}__id|i:2;'),('8agbth2o9dh1kd8ckafsu3utd0',1515190888,'__flash|a:0:{}__id|i:2;'),('8bj0nbc010too9gguo5rgraio4',1504900093,'__flash|a:0:{}__id|i:6;'),('8d7ngm22ml5b9qlhjdd17e77q0',1504637618,'__flash|a:0:{}__id|i:6;'),('8d8hdl8vkqj3c5643cl0ttvoc1',1510564937,'__flash|a:0:{}'),('8dfua3rb0e18qrrtuvibvh6617',1508436462,'__flash|a:0:{}yii\\authclient\\clients\\Facebook_facebook_authState|s:64:\"6e76570ea5d1316bcfcaaaf1357a191edac023da3ce46b2ffc8c57bee28f6677\";'),('8fh8204tvot1nf8obokk4ntvd5',1508699066,'__flash|a:0:{}yii\\authclient\\clients\\Facebook_facebook_authState|s:64:\"2bead1916da480ccc96424bda3e05111810c77337ce33ffc63b1110e3a960729\";'),('8fijaph9mqciaj5p5ie124vuf7',1512313501,'__flash|a:0:{}'),('8jgibi88330otr3vveh5hpubq3',1504886397,'__flash|a:0:{}__id|i:2;'),('8le7hpbp653quaa56vil4t9e40',1514709624,'__flash|a:0:{}'),('8lsjhhqpsn6eh61o4t51979m31',1508692658,'__flash|a:0:{}yii\\authclient\\clients\\Facebook_facebook_authState|s:64:\"6689bc1fac2f971a3f8bad87c5e6d3ee2cd9b763551aefcf1ed137d3474f7614\";'),('8mioaetpldd72kbefol0eq01a5',1508691278,'__flash|a:0:{}'),('8nthh9968hn0ta16mcolhh0p00',1512179599,'__flash|a:0:{}'),('8ru866bko87i6kqd9mi4g685d5',1516668002,'__flash|a:0:{}'),('8see4nm2pldo3vehdm636j21v7',1504956349,'__flash|a:0:{}__id|i:2;'),('8utf0nnjm24u4j7d83ij6su703',1506051211,'__flash|a:0:{}'),('908ehfp2ao2eb0s0h6ufrva7i2',1517228912,'__flash|a:0:{}__id|i:120;'),('94els9lkvt7e9lo1ike0h7e7q5',1503594147,'__flash|a:0:{}__id|i:2;'),('94k8i85jp0spaml7b07ev35qc6',1507104529,'__flash|a:0:{}__id|i:6;'),('98ug5ec133brftdft498jba8j4',1509615978,'__flash|a:0:{}'),('9aadhrf7ladgnkh5embtkjdpu2',1513178410,'__flash|a:0:{}'),('9aap4g58mlvgqpc4siabg4p093',1506114694,'__flash|a:0:{}__id|i:6;'),('9bpmjqf49n9gk6g0e67oeosai2',1509454097,'__flash|a:0:{}'),('9ch5cc1dnl09nco1a443jngau4',1510327323,'__flash|a:0:{}'),('9co81qnn0iibgjcgl7tdurinr5',1513661498,'__flash|a:0:{}'),('9d517kmmlks7totp8n1a9414o1',1511201679,'__flash|a:0:{}'),('9htiotk1iqr2ie1t7grgmbtt47',1510253953,'__flash|a:0:{}'),('9i6t3ihmr593q8au76lv4f2661',1516360936,'__flash|a:0:{}'),('9j873ffdh5a6d6stap179s1245',1505936006,'__flash|a:0:{}__id|i:6;'),('9k43hq10m88nb03nsfqjshocu7',1505887084,'__flash|a:0:{}__id|i:6;'),('9kp487qrrltfhqeknffc27jin0',1513199707,'__flash|a:0:{}'),('9lhebul26t5k14kq9phf7liat2',1513695371,'__flash|a:0:{}'),('9lqa3m24hl30lf3lgsqh8l9r41',1513175074,'__flash|a:0:{}'),('9mgkjb11lbqhuloecj313a6u10',1505502642,'__flash|a:0:{}__id|i:2;'),('9omfjlcbaq7tgu9cp88gla89f1',1507150771,'__flash|a:0:{}__id|i:6;'),('9po8f6be1jbgimr5icpanlsi66',1513063589,'__flash|a:0:{}'),('9q0dchn6i2culh8300j6kqkvk2',1512666616,'__flash|a:0:{}'),('9r1nkhnj3r1dp696qvsriuhlc4',1516414995,'__flash|a:0:{}'),('9t79ll7vhtu2fj3rrm9s0e4ti6',1512051520,'__flash|a:0:{}'),('9uu2k396d5r3s10pglughp8s07',1512453477,'__flash|a:0:{}__id|i:19;'),('a1976a9036d26b28855dd92eb2737784',1508892507,'__flash|a:0:{}'),('a2l26s0n9ev131eo7mfdp69v82',1512571809,'__flash|a:0:{}'),('a39vjcopkkk6c4p4t38hkk1101',1505985243,'__flash|a:0:{}__id|i:6;'),('a4euoc11q3882binkuv58lhmt4',1516623298,'__flash|a:0:{}__id|i:120;'),('a4fe38lkie4oou8l3e8d3vjvs5',1510859952,'__flash|a:0:{}'),('a4ita1hrs38qcut7hb19culdj0',1513218022,'__flash|a:0:{}'),('a537vs2ee1uogs1jt77e7voj60',1514503933,'__flash|a:0:{}'),('a5536u839ch61eive6e4j2rrp1',1510862400,'__flash|a:0:{}'),('a6eavlq0v57onulhdgntdfkmb5',1516102888,'__flash|a:0:{}'),('a6oe57qjnudi06sidi31ehchl5',1505993531,'__flash|a:0:{}__id|i:9;'),('a7618490b41ec09e8520dba8fbdce3d1',1511684630,'__flash|a:0:{}'),('a8d7mmmck3kr7nkue4flcfps61',1512317940,'__flash|a:0:{}'),('aave6l34ead8tfvll9le9a9pr3',1516036397,'__flash|a:0:{}yii\\authclient\\clients\\Facebook_facebook_authState|s:64:\"e595f366c9f684357376535b5990b78377f71fd64f52f3fcd8f7abc1ef88a706\";'),('ab7tsnb1c46qkh3ad6176uelb4',1517583353,'__flash|a:0:{}'),('abi7tf6rh4fv29lrqius1uuku0',1512618335,'__flash|a:0:{}__id|i:1;'),('abqdlnb3oi8b9q3i7bvm4in0l7',1514912511,'__flash|a:0:{}'),('adq4l3v7tmb3vlfe6q068kno27',1513063577,'__flash|a:0:{}'),('ahe7mfq5sqluuhgini6sn8ba82',1512659704,'__flash|a:0:{}'),('akrkp8hf12caq7024oavh3u9d1',1509748493,'__flash|a:0:{}'),('al7rpm857d68mir2nqafpla7s3',1511076748,'__flash|a:0:{}'),('alildukc1tkb3r68ifjf90p702',1514879202,'__flash|a:0:{}__id|i:19;'),('am5k92d624q1trvs9b7b2g3i66',1514180985,'__flash|a:0:{}__id|i:19;'),('aqe3l86701m9p60kkllgb0sue5',1509240979,'__flash|a:0:{}yii\\authclient\\clients\\Facebook_facebook_authState|s:64:\"cfdd7e896bccb47426bfbd405ebf1bf2d34d14e0f16244105a2d1c79d54abc4c\";'),('arehdvvdqgv7d1bsmk3uae88p6',1505150981,'__flash|a:0:{}__id|i:6;'),('as481dnk99q7lco7ma2jfp7oh5',1517572307,'__flash|a:0:{}'),('as9i903sejoem5lq7760idr250',1503732084,'__flash|a:0:{}'),('asrmr338fp13i6tbjv60011j40',1508368012,'__flash|a:0:{}'),('atusq1gnl6qhjr3jin7qm9jdf2',1512666102,'__flash|a:0:{}'),('au3ugdmr5oj8umebqfm63mlse3',1514632254,'__flash|a:0:{}'),('av5cp5meebt45tg8q0u378a6m0',1512974859,'__flash|a:0:{}__id|i:2;'),('b231se9voq5hlu916g28b1tbe1',1510854875,'__flash|a:0:{}'),('b4eudke7jafm0625ejq04s35v0',1512744194,'__flash|a:0:{}'),('b6m9ti1qaociq7g7h9jeaif896',1505150905,'__flash|a:0:{}__id|i:6;'),('b8pc5ji43jfihct5ej4e28pqg6',1512711946,'__flash|a:0:{}'),('bb9r3ls46bf8kkvrtjpsuoeqb4',1513856634,'__flash|a:0:{}'),('bbs7pvjbji0hko2e1o5ccgvri0',1509466267,'__flash|a:0:{}'),('bfid5o1j1th324pg5vgao98ih0',1508831183,'__flash|a:0:{}yii\\authclient\\clients\\Facebook_facebook_authState|s:64:\"542b443ec0aa40a2ad03ca1456ab0cee34199ce951367114d4eeccdcf1a6f6f4\";__id|i:6;'),('bh8qjb0idhomtfvc8bfe4d3fj4',1506633935,'__flash|a:0:{}__id|i:6;'),('bhb2snuglbop9p5eehusto3n21',1512570208,'__flash|a:0:{}'),('bim7rsld0ercc38jdvrjdkoq30',1513608384,'__flash|a:0:{}__id|i:54;'),('bjhk4moc0ghh2ahd5fk38lifa2',1505397555,'__flash|a:0:{}__id|i:2;'),('bkk8n1s41a45tihe8rvs793uj7',1515026603,'__flash|a:0:{}__id|i:6;'),('bmchbf5k6kr49e1s1jrojso9b6',1504876115,'__flash|a:0:{}__id|i:2;'),('bmo7a1kn6rir1g655gkg8jc2j4',1514577922,'__flash|a:0:{}'),('br95l558iigq6ogu2ak3un4j47',1509059223,'__flash|a:0:{}yii\\authclient\\clients\\Facebook_facebook_authState|s:64:\"1f7710bce76f9d81046c1cca87114b5eb2e54c70c5809d253009d076cf4e5001\";'),('buerjl3n72pkkb93jgbl5mv5d4',1516182035,'__flash|a:0:{}'),('buidiq9tm6hoagm0kgu31j99d6',1508898933,'__flash|a:0:{}'),('bvrrb3avo4fhuf6rech0ukjlt4',1508455238,'__flash|a:0:{}'),('c0011368c2830db319d515969638ca3e',1511797576,'__flash|a:0:{}'),('c03a99c2da748df2d06f3dfa2498f3aa',1511772155,'__flash|a:0:{}'),('c078saflvdgbromst2a9fmqea2',1503594150,'__flash|a:0:{}__id|i:2;'),('c0gl6ftks1ofj4g9qoka4iu0t6',1510327279,'__flash|a:0:{}yii\\authclient\\clients\\Facebook_facebook_authState|s:64:\"f0695b127efd6d53de2f3e66e8bb9559144f017f8ceb50662923b7d704748153\";'),('c11bj5ps0q5a4mdi0053gri5c7',1511332472,'__flash|a:0:{}'),('c1jnas229rd41j91qdn2vh9i97',1510327302,'__flash|a:0:{}'),('c1lh7c62iohcqu0kj1ehu7b6h1',1508518311,'__flash|a:0:{}'),('c231fu6gp1l40jsp6gj9ng6qo5',1512357869,'__flash|a:0:{}'),('c23h3euth7hmaqv8ouistdbs63',1517533738,'__flash|a:0:{}__id|i:173;'),('c322ae293280e801e14da85af14c6e2f',1511597372,'__flash|a:0:{}'),('c40oco8g9ehkoq7ehb7ooas3m5',1511913297,'__flash|a:0:{}'),('c4bvfma9clsfg693ff6vhn0a92',1513161120,'__flash|a:0:{}'),('c65j5mv54m6o6ghlkrdfd47jg4',1515657955,'__flash|a:0:{}'),('c7j3urjp5c3d54gjn2ck9u3355',1508688404,'__flash|a:0:{}'),('c82lc7ngavkqp88blcufkts5f6',1512638707,'__flash|a:0:{}'),('c8f3okkog6s9qvpf13cov26og4',1505932021,'__flash|a:0:{}__id|i:6;'),('c90fukmgl3lh205m7f10qmkib6',1504636181,'__flash|a:0:{}__id|i:6;'),('cde6f2dfe871a602867c8338e24a592c',1517296324,'__flash|a:0:{}'),('cdk0nghemmotj8k21qcr36j4k4',1516685083,'__flash|a:0:{}__id|i:6;'),('ce4u9602pdnlg338cdah14g857',1510260595,'__flash|a:0:{}yii\\authclient\\clients\\Facebook_facebook_authState|s:64:\"4dd84d7d5225475f8f7815c0baf9f856044ee3e5ff7441b9acae6d7bc3df6bed\";'),('ce580i3ou60shcjc4ucol220a3',1512974861,'__flash|a:0:{}__id|i:2;'),('cf8f9scg9jgjcdmqg8er8953q2',1510875633,'__flash|a:0:{}'),('cf9c758122123e44b6d992a16255af6f',1511369374,'__flash|a:0:{}'),('cfc59gu4198erajqr1bm2m8a70',1517296503,'__flash|a:0:{}'),('cfo7r5jrfffe72ek3inu87lvs3',1510894560,'__flash|a:0:{}'),('cgko2u8n3ai5muq6rjakkrlmk0',1513588207,'__flash|a:0:{}'),('cgtbtbrhevunspk1pn8upp2js7',1512569331,'__flash|a:0:{}'),('cihc6sih3mmajmdap743611096',1509073062,'__flash|a:0:{}yii\\authclient\\clients\\Facebook_facebook_authState|s:64:\"845d19e45022766a679634923db0193e9de5df96429ca975d57d20efa87c67b1\";'),('clm2r0njc643e3facrvl3c8ss3',1511997278,'__flash|a:0:{}'),('cm68riuscarja37g4cv4knmkj7',1512452982,'__flash|a:0:{}__id|i:54;'),('cnrfrksgjt44ef6ulnd03po0n4',1513184242,'__flash|a:0:{}'),('cp1bmptmnpet66e980mci4cr50',1511274908,'__flash|a:0:{}'),('cplorb690emof90f80rekinn03',1510207980,'__flash|a:0:{}__id|i:6;'),('cs3jekuk53bvo465eqvukqsnm1',1505738497,'__flash|a:0:{}'),('cu3cnpmeoh167ist767fvh6a95',1508937502,'__flash|a:0:{}yii\\authclient\\clients\\Facebook_facebook_authState|s:64:\"d42037edfd427f3862444bc50b292b34a787ccca5d1bb23de9c18306fb6dea3d\";'),('d0ajk3sg1f15iek8r8ms9ouus2',1508210255,'__flash|a:0:{}__id|i:6;'),('d20prgu5t00sp5ech32dmdqi37',1509466269,'__flash|a:0:{}'),('d2cs1aa0g0bq3pa3kce4ulnho5',1511628268,'__flash|a:0:{}'),('d3smd668nu3hqpt219kinfqf85',1512104584,'__flash|a:0:{}yii\\authclient\\clients\\Facebook_facebook_authState|s:64:\"da049e4ce15dc3bd40f80a01b66bf326159e05009a4d630ba287dc2dd2e065c5\";'),('d49pcukkmloc5eeou8u4mf2n25',1507178559,'__flash|a:0:{}'),('d56e1klikpeienglqv8p6s8557',1512482984,'__flash|a:0:{}'),('d6fbfdd99673e1266efd9c9b0ac60bc1',1511684356,'__flash|a:0:{}'),('d6q7sl6r4hs6mnl7hjam5fqff7',1505151224,'__flash|a:0:{}__id|i:2;'),('d8e06olh8o09daccgfgev3q9q1',1512458419,'__flash|a:0:{}yii\\authclient\\clients\\Facebook_facebook_authState|s:64:\"69c12c743901683678fce8788b6e65db0294a4b9dd37dff8d40506637007219b\";'),('daa5149p2klplkj4eq6lbkml54',1504875291,'__flash|a:0:{}__id|i:2;'),('dd8lmelpj6gt6n7s2capto3gc4',1506700819,'__flash|a:0:{}__id|i:6;'),('dddsk6e1msue3cjsrgaeuugvn2',1513773310,'__flash|a:0:{}'),('ddkl7era3lkp5mjtrhbpj3qg60',1517296465,'__flash|a:0:{}'),('dge3ubb68rmvlh76mm6coc4pt0',1513175480,'__flash|a:0:{}'),('dgjo755j0qpudd1en1afafur14',1515942523,'__flash|a:0:{}'),('djpcirfine2ddeij058lhtegg6',1509964180,'__flash|a:0:{}__id|i:19;'),('dkgdeu3nrfutjqt9hnr8rtcho4',1508455237,'__flash|a:0:{}'),('dntojkbtjaktcbc1sj2hetu640',1506106490,'__flash|a:0:{}'),('do0j6lb32s2b84gittr3lj9cl0',1504636832,'__flash|a:0:{}__id|i:6;'),('dpb6e93iuq01aosh5vlskvs7b6',1504636181,'__flash|a:0:{}__id|i:6;'),('dr2tkmaqg6di4bgavpak4ubm60',1512796617,'__flash|a:0:{}'),('dtvn006nv98df7epi1jdpo87q5',1509149107,'__flash|a:0:{}'),('dun50h57sc1h4mnlp8kqqsnko2',1512911627,'__flash|a:0:{}__id|i:9;'),('dunoa909sa36jurs7ukdacgrv3',1505396225,'__flash|a:0:{}'),('dus7m4fvdaapd1pit4l4o25s63',1504875329,'__flash|a:0:{}__id|i:2;'),('e0ml0top6qpbqk9av4in4vloj4',1510930804,'__flash|a:0:{}__id|i:19;'),('e225755ui1qjdke4h2hltatvd6',1508529626,'__flash|a:0:{}'),('e26d76c020f700cfa38a8e030982f3d6',1516947804,'__flash|a:0:{}'),('e2rig5ltse9qikp7u2roic1u55',1510585834,'__flash|a:0:{}__id|i:19;'),('e414fd58d0fde738cf699f832ebdcdfb',1517154933,'__flash|a:0:{}'),('e4r67ekudi7gul666q61rh44s0',1510253855,'__flash|a:0:{}'),('e4vabevuhdsjf3fj2jbonigk61',1509433534,'__flash|a:0:{}'),('e50pc4tirj2gaa9pccjfc7vbv2',1512684788,'__flash|a:0:{}'),('e55oqpjsqccf220eercek8tha6',1512965479,'__flash|a:0:{}__id|i:2;'),('e5kr6ipbuhd058plgk217u3b63',1509615976,'__flash|a:0:{}'),('e62gob57sqdirhjbjn85jn3hh5',1512452324,'__flash|a:0:{}'),('ecig83u1s8bkmn2rqqes68g6p0',1512294258,'__flash|a:0:{}'),('ed8cd3bbbf93be6b4b2e6bcea365e862',1511278795,'__flash|a:0:{}'),('edgvcv86vkocf0gvs8q47bgdp5',1517232387,'__flash|a:0:{}'),('ee571d80f4acb166b8be3b7365c2a3ca',1514329534,'__flash|a:0:{}'),('eeadrsdriokufnsmvr4aq8t250',1508212134,'__flash|a:0:{}__id|i:6;'),('efde8764260dd409d74072dc2ba2a867',1511077863,'__flash|a:0:{}'),('efta8farv672nhj8205rutq815',1513180243,'__flash|a:0:{}'),('eh1302letvc60i8ptto8bsf9u2',1507214513,'__flash|a:0:{}__id|i:14;'),('ehtleon94t7rnit4mbq7goqkp6',1516541037,'__flash|a:0:{}'),('eibllea6e7cpmj7drd5g1577s5',1514257210,'__flash|a:0:{}__id|i:6;'),('eih70p2tcnl8si0fon56e13717',1513207789,'__flash|a:0:{}'),('ej1r1q3u8oine1hqm4f92sfuj7',1517103210,'__flash|a:0:{}__id|i:6;'),('elovjreu9jo5t5ct970empr680',1505934254,'__flash|a:0:{}__id|i:9;'),('en3ajrrs837hv93m7kpbh0qdu7',1503486863,'__flash|a:0:{}__id|i:2;'),('enase3q948b1d1ffdot6gc3u40',1507208618,'__flash|a:0:{}__id|i:2;'),('env4hi972ti915drbp21o9v7a7',1504636181,'__flash|a:0:{}__id|i:6;'),('eotblgv4lua41jm8bbs7986hs0',1508698795,'__flash|a:0:{}'),('eumeshdr3s4uv0ajeebjfe2l82',1505151008,'__flash|a:0:{}__id|i:6;'),('f0kajbl1pdemvi15rq22u7i5o3',1509139249,'__flash|a:0:{}__id|i:18;'),('f5ob57thdlh9lh8d3lp61hp5q3',1508490700,'__flash|a:0:{}'),('f7be8c7fba61fe290bf544ccccf6f439',1516855799,'__flash|a:0:{}'),('f8gliomnjcmp0753kbufhcg687',1517598748,'__flash|a:0:{}'),('f8vo8qo41rkbdtdknmo1n3n5f1',1513195734,'__flash|a:0:{}'),('f9e762ad7mtf2s3lqorivrank3',1511532146,'__flash|a:0:{}__id|i:54;'),('f9r5ck5lup1289rtg2qblo9ap5',1507027938,'__flash|a:0:{}'),('faijr3e7gn3n10nd5206t574f2',1512051520,'__flash|a:0:{}'),('faogk8230btmo4ch38itqe7mk0',1506714678,'__flash|a:0:{}__id|i:2;'),('fbc5e0ef1cae59b71a9e755fc98e5c00',1509107957,'__flash|a:0:{}'),('ffe8p5masbmc4m64060pudl9g5',1506010721,'__flash|a:0:{}__id|i:6;'),('fgem66si759eljk4f7tlda9if2',1517296490,'__flash|a:0:{}'),('fkc9nu1ltalnm86t95ogrsfi15',1505379187,'__flash|a:0:{}__id|i:6;'),('fmgvvldnk3ce62hph97t7q7n60',1510170010,'__flash|a:0:{}'),('fo2p11jc3584dc7i8t7m84l8i7',1505150558,'__flash|a:0:{}__id|i:6;'),('fqnu2ha66lemb0h33hkipde4e3',1515657043,'__flash|a:0:{}'),('frn45juj1ni631orlgofp8cd67',1504876111,'__flash|a:0:{}__id|i:2;'),('fskqank4ljlp1q65mk9d9lerr2',1513695501,'__flash|a:0:{}'),('ftc6cq57100t94cuh5khbt6165',1508490637,'__flash|a:0:{}'),('fumfgi7lnjo21nhje5n8k0c7g1',1513176053,'__flash|a:0:{}__id|i:19;'),('fur0kklqh18a16b88l9397gj16',1505397221,'__flash|a:0:{}__id|i:6;'),('g25jhjcjejrvdkc78k2qejbbd1',1509021463,'__flash|a:0:{}'),('g3rrj7mr8peh62hdgb0hh68qs7',1506380040,'__flash|a:0:{}__id|i:2;'),('g52i0an20tpj6043va6qjea056',1513214722,'__flash|a:0:{}'),('g8sp783u1hlo6g8e5nl90em815',1504876145,'__flash|a:0:{}__id|i:2;'),('g9j285tn8vmk04rbkss9lttrn4',1508691252,'__flash|a:0:{}'),('gbm8alsn9lrf3u47ths7kig566',1513193693,'__flash|a:0:{}'),('gcabj1cn7oq4gnfm73361ut0m7',1506725191,'__flash|a:0:{}__id|i:6;'),('gcpdtn5ij9of438q52tcg64oj0',1502168375,'__flash|a:0:{}__id|i:2;'),('gd4dh37cdjhtjrb1t80k39baa5',1512540340,'__flash|a:0:{}'),('gdiod2oubs7cpbon4uim6jqn73',1505897561,'__flash|a:0:{}__id|i:9;'),('gfu97rh0jed9akurgbg8dpeji4',1514469924,'__flash|a:0:{}__id|i:19;'),('gj0veli9d1e7ufv76g0kmdrjv0',1513601071,'__flash|a:0:{}'),('gjk3plilhl8ja4mc9ltb7m34i0',1515726053,'__flash|a:0:{}__id|i:2;'),('gkbcppt2841noee6ugtgoj58s6',1508354134,'__flash|a:0:{}'),('gl9q9legk5e6m3roio9vdq9o62',1515768823,'__flash|a:0:{}'),('gp9in3shebom0stn7s5n950ns5',1504296289,'__flash|a:0:{}'),('gpmq43l3s8incfab9kuh8q57f1',1504637622,'__flash|a:0:{}__id|i:6;'),('gsn8cj9caera4n3tirbobhqh35',1512974861,'__flash|a:0:{}__id|i:6;'),('gtlg2t4ikl2mrrlr3ird9g0h30',1510872395,'__flash|a:0:{}'),('gugjqfigv2kq1uakbikvuqobd3',1512398848,'__flash|a:0:{}'),('guhoa3h5d5e3a0ul5kfq5sua55',1513087381,'__flash|a:0:{}__id|i:19;'),('gun1avq0rnfsd216ksbqjp4vt5',1514552963,'__flash|a:0:{}'),('gv0u4n3nl3k4mk4hbu4311jn14',1513090176,'__flash|a:0:{}__id|i:54;'),('h04b0as7h3p56tbtkkpvn47r32',1502212667,'__flash|a:0:{}__id|i:2;'),('h195qflth2tf0kihkclibo66i7',1512585400,'__flash|a:0:{}__id|i:6;'),('h33c8dtbpbb0psmdt8q4m7u8o4',1509466271,'__flash|a:0:{}'),('h3mm13h20pp8d1su7854tn2gm6',1513263431,'__flash|a:0:{}__id|i:54;'),('h5lvr9598cqggdu9vf2htd1b56',1506052259,'__flash|a:0:{}'),('h664pqr5qn4l0fhta3mmn6m3j7',1510150998,'__flash|a:1:{s:19:\"successRegistration\";i:-1;}__id|s:2:\"20\";successRegistration|s:38:\"Success Registration. Sign In, Please!\";'),('h780ha7m2d44bt5i0gcs7f0v35',1513171335,'__flash|a:0:{}'),('h87rhku49ds69phbedv86mnto6',1514619918,'__flash|a:0:{}'),('h8kkt6285cs59aqsoebl4tcsf6',1507057226,'__flash|a:0:{}__id|i:2;'),('h9d2vkcvmbse1a68ijj3hsi0j4',1510319386,'__flash|a:0:{}'),('ha215kpv5gqgpgj2hhs834f1t3',1512370652,'__flash|a:0:{}'),('hac3631fijbufoekia43n3b9o7',1517129814,'__flash|a:0:{}'),('haggffkjug6n651scj727is5e4',1502172620,'__flash|a:0:{}__id|i:2;'),('han7b3jburvoq47pa2srrh28u3',1509195578,'__flash|a:0:{}yii\\authclient\\clients\\Facebook_facebook_authState|s:64:\"4e38d5931d3707666c6da021a9813ae025ad8d928fa3706ac58210fb03c01c16\";'),('hh94a2bvn0ma048hl38nlsis57',1516149957,'__flash|a:0:{}'),('hhhbp7dn0f5elaij0p52d9a9s5',1506501191,'__flash|a:0:{}__id|i:6;'),('hhhd1m7mes5m3c14dkkc0ldat6',1511212886,'__flash|a:0:{}'),('hiueapuoqp7heill7vrgf24om2',1512983492,'__flash|a:0:{}__id|i:54;'),('hjrr020pjknofj4n3ssdthu933',1506051693,'__flash|a:0:{}__id|i:2;'),('hlantt6huuj56ov1fdp279gik2',1514054046,'__flash|a:0:{}__id|i:2;'),('hlcrmm3rr650qbdm08rindomh5',1507169226,'__flash|a:0:{}'),('hlmtfplnm9a8tmvff5d7ge52k1',1509390889,'__flash|a:0:{}'),('hov54j4tld2otjhvve2r6b0950',1505396934,'__flash|a:0:{}__id|i:6;'),('hpd32n55lbsql2tco1d2409rr1',1512677371,'__flash|a:0:{}'),('hrcgfhsaqa2d706lv3m5465184',1512476068,'__flash|a:0:{}'),('hsk8losg3u8lmlsdpiprdpg5a7',1512862186,'__flash|a:0:{}'),('hu1da9euo2iblegoe536f0ggv2',1516170987,'__flash|a:0:{}'),('huog1cemu1infiutfu3cbvubk6',1515940402,'__flash|a:0:{}'),('hvrcvh50srkmr8iubagi9dtec1',1511992073,'__flash|a:0:{}__id|i:1;'),('i00b3ojlv70rp3j72a5iouklp1',1502348548,'__flash|a:0:{}__id|i:2;'),('i1h41hovnje8vg2d3ariiaig94',1512051511,'__flash|a:0:{}'),('i3qep5gqu7f187kg39mln6mf63',1504875311,'__flash|a:0:{}__id|i:2;'),('i5fvsmbub4l72ic6vfn2313gg5',1512731243,'__flash|a:0:{}'),('i5lknv7mj5pjddtlcr5ai1dmv3',1515095507,'__flash|a:0:{}'),('i9642h30cbr40gca5u7mo49q15',1512573944,'__flash|a:0:{}__id|i:9;'),('i9u88q54uq51k9ajoj2ou72g94',1513772973,'__flash|a:0:{}'),('ibsbf94qi6h1o3f0kg7b4gn773',1504875287,'__flash|a:0:{}__id|i:2;'),('if93ifg1t24nq4l68dns7sba06',1517129828,'__flash|a:0:{}'),('iht76p1hm67jf1r1h265pmkvi4',1515376196,'__flash|a:0:{}'),('ijel0vhn298gkndvah95t6al25',1505151150,'__flash|a:0:{}__id|i:6;'),('in244k1si8e8qtmnfl9b8cvhk6',1508969511,'__flash|a:0:{}'),('in8s8kcr1fd47tcjo3l23hetl1',1509709527,'__flash|a:0:{}__id|i:19;'),('infocirfkoujrog6i1a1d1jc61',1511532540,'__flash|a:1:{s:19:\"successRegistration\";i:-1;}__id|s:2:\"60\";successRegistration|s:38:\"Success Registration. Sign In, Please!\";'),('ip211mae1meivhu6hv53hiae90',1513210589,'__flash|a:0:{}'),('iqhq2v0ekat20kq89kugtej1k1',1506700820,'__flash|a:0:{}__id|i:6;'),('isrelct5rlur422vmrd365qnq6',1510226258,'__flash|a:0:{}'),('isuva7v89c9q8bfprllqu58fe2',1509615975,'__flash|a:0:{}'),('itou6329gfsu2mp7uem4j4e381',1510062202,'__flash|a:0:{}__id|i:19;'),('iulstl0rri6nsrm0m1k2ce1ku1',1512996877,'__flash|a:0:{}'),('ivqlvl1ounoml3vdurmgrbtl51',1510864151,'__flash|a:0:{}'),('j01buaccfgfaj8994tj0mhsb61',1504876115,'__flash|a:0:{}__id|i:2;'),('j19evqsje3437k0bhj06bql5k6',1504637621,'__flash|a:0:{}__id|i:6;'),('j32floaih7lsclb0j4crdsugn6',1512839506,'__flash|a:0:{}'),('j3adkkns069k4kghvslad26l70',1513200434,'__flash|a:0:{}'),('j3b44iru2ukf5lajbnoh8auho6',1507168119,'__flash|a:0:{}__id|i:6;'),('j71ihe3nnnub0cqe6mqna26ff2',1510253895,'__flash|a:0:{}'),('j73vfakvdbm0rdflmg5vdismn3',1508848666,'__flash|a:0:{}'),('j85mksj01u9bpk4a9puu2m3gt3',1508473057,'__flash|a:0:{}yii\\authclient\\clients\\Facebook_facebook_authState|s:64:\"09f9f434be3012cce9db4cb31fba12244a12519441694ff5690be6179213f7d3\";'),('j87l1sa746vd2q6f8ckvsdfe30',1505887084,'__flash|a:0:{}__id|i:6;'),('jb189tfihj5hsos0kfa288e4g0',1507215408,'__flash|a:0:{}__id|i:2;'),('jb379ch3andsvg3ht9d5j5p7l6',1510327310,'__flash|a:0:{}'),('jb7qgqhb4q22kjklrao2m1bq65',1512117299,'__flash|a:0:{}'),('jcj2mul5n5m10qlfjevkmv2fa2',1506113690,'__flash|a:0:{}__id|i:6;'),('jd6ek9ei6fjfvni5jhs5r955e6',1503676640,'__flash|a:0:{}__id|i:2;'),('jd93eoq9cckccaj73asgn39rp0',1509454226,'__flash|a:0:{}'),('jduj39bs3hpthviljbhoboc9e2',1510253877,'__flash|a:0:{}'),('jgsn8l4ltuubespdf4am9huj32',1504366617,'__flash|a:0:{}__id|i:6;'),('ji2j5n4qprqphul7o4v22rg236',1512974859,'__flash|a:0:{}__id|i:2;'),('jk0vpaaokvmb8qd1d8afvp1vo1',1511190758,'__flash|a:0:{}'),('jl4ho119k14bjhlnpjksu7n7f3',1512366102,'__flash|a:0:{}'),('jlj80qjvk64695n3cfgeei82t5',1504876115,'__flash|a:0:{}__id|i:2;'),('jmq6fnjaj1m436n02tfpuohuh7',1506725197,'__flash|a:0:{}__id|i:2;'),('jn026qd7da1asgpgbldt3kpk63',1509390669,'__flash|a:0:{}'),('jvgu3abg77v90uabu1bcaa6iq6',1501920617,'__flash|a:0:{}__id|i:2;'),('k1v5e96lil2iauftflh5ksokk6',1504876129,'__flash|a:0:{}__id|i:2;'),('k4foi5g8d7ctb00f7jincdu0t6',1505416925,'__flash|a:0:{}__id|i:6;'),('k75n4j5m8gaf4pgg2uvfokll14',1509779223,'__flash|a:0:{}yii\\authclient\\clients\\Facebook_facebook_authState|s:64:\"f62cd30bd52cbb7ed51b6c4721025016eb9e3ee785e365f194b1dd0ff25bcd94\";'),('kaan4banpo807sgar9r68j6tq3',1510880603,'__flash|a:0:{}'),('kchle775lo284p4hmsvgdr3795',1512542851,'__flash|a:0:{}'),('kh0j335b65nt0to3sng1n9h3g3',1504636181,'__flash|a:0:{}__id|i:6;'),('kh5jcd7pfed57cavvclvlvdjh2',1504097437,'__flash|a:0:{}__id|i:2;'),('khamfik9od97a7681j16sap355',1517296456,'__flash|a:0:{}'),('kj92er4j73a51an0dbu7ltj165',1514697585,'__flash|a:0:{}'),('kjk64fe973n5p1sla61veeg772',1512637683,'__flash|a:0:{}'),('km3ejkifo2gnkmruu2auh0kim7',1502139569,'__flash|a:0:{}'),('koccg23m42is8j2qim0rn6sp56',1505397218,'__flash|a:0:{}'),('kovpinmtknofq2ib90jdbbaak2',1504282670,'__flash|a:0:{}'),('kp8qu8ccfcevrk3ugqsecqo376',1501868996,'__flash|a:1:{s:19:\"successRegistration\";i:-1;}__id|s:1:\"7\";successRegistration|s:38:\"Success Registration. Sign In, Please!\";'),('kqi10i17vjd6d7qmgnq79bbbq2',1508221313,'__flash|a:0:{}'),('kqr633chtk4qavqhp7dpgu2br0',1509293011,'__flash|a:0:{}'),('kr40rnsk1ftfqhssimhuj18fs2',1513158730,'__flash|a:0:{}'),('krvqke0jgucl4chode6obqspi2',1512051520,'__flash|a:0:{}'),('ku4eslu287eiib3pgpig8sctv6',1513837704,'__flash|a:0:{}'),('kut7n60bpcvc82cefodl09okf5',1505846202,'__flash|a:0:{}__id|i:6;'),('l012p04ptai02kujhgq5lvk7t2',1505888555,'__flash|a:0:{}'),('l0of5u5hcgo3e790qfe2n2r5t0',1511351208,'__flash|a:0:{}'),('l2odt5i8fp6o7803e3fpdrjc01',1510915364,'__flash|a:0:{}__id|s:2:\"34\";'),('l35p8c204uo9a7f0cv66ffh4c5',1510307300,'__flash|a:0:{}'),('l3iqugucanfno2c0758obol8i7',1512052370,'__flash|a:0:{}__id|i:54;'),('l4cqggumck97q29fvempi2keb2',1514384284,'__flash|a:0:{}__id|i:54;'),('l6flae4ap1fj0k347hnjmp94p5',1505150798,'__flash|a:0:{}__id|i:6;'),('l8upjqqk01lqnpso2phdf7f482',1506700820,'__flash|a:0:{}__id|i:6;'),('lbde2jb24b145c6c8evndos677',1510854711,'__flash|a:0:{}'),('lbnvi9f0plocfdg7n0h1sa9b64',1514270319,'__flash|a:0:{}__id|i:19;'),('lbs4psufj7vvh5ovist6vvbrs1',1513209721,'__flash|a:0:{}'),('ld9udco48pji2dsk1kv8hmqm75',1508981894,'__flash|a:0:{}__id|i:7;'),('ldblbbv7r54b5r7ne9hc4duqd0',1517129808,'__flash|a:0:{}'),('lhdea3g7r6qkijdqgtiaccap87',1503964711,'__flash|a:0:{}__id|i:1;'),('lhmq4bcmgede9097m02sgjac31',1506121026,'__flash|a:0:{}__id|i:6;'),('ljda0pt3o6854ccn5v3ot27m55',1507026059,'__flash|a:0:{}__id|i:9;'),('ljis300tjgaq9hgvvpbv52br91',1505335021,'__flash|a:0:{}__id|i:6;'),('lkb570pfb2u8p004jkl90t68a1',1516129844,'__flash|a:0:{}'),('ll2l45c1djk6uspek12dp0hj87',1515190907,'__flash|a:0:{}__id|i:6;'),('llbljh8lmpjvs7r6u74opprvd1',1512970876,'__flash|a:0:{}__id|i:54;'),('lnvapo3a9jfvg4cetjk04qocb7',1516691357,'__flash|a:0:{}__id|i:122;'),('lo10aoim7jg6upgf5mdosrlfq0',1517227380,'__flash|a:0:{}'),('lrfh8pmc13emr1ftp1lvg7ph77',1510855297,'__flash|a:0:{}'),('luutg6qp9jckiqa8lup753f2k2',1513209262,'__flash|a:0:{}'),('lv1cg8s5o89hpfkthm6nvitol4',1509707472,'__flash|a:0:{}'),('m0sfcaci0gfso3f6odk84q1ii4',1507150877,'__flash|a:0:{}'),('m1brpf45mba3kvq5erpi49phv3',1510327330,'__flash|a:0:{}'),('m1i24fhj00hhvb4lcpbmlqd3c3',1517296431,'__flash|a:0:{}'),('m3hsr8bve4o5d35m18v24jrdu3',1514438199,'__flash|a:0:{}__id|i:2;'),('m3pqsr8k3rjud58uoo27l7qmm6',1509466265,'__flash|a:0:{}'),('m3r6dqokb4okap89ipu0t5v935',1504636713,'__flash|a:0:{}__id|i:6;'),('m6n1ti0vbckp7o702a9buslrj5',1517129825,'__flash|a:0:{}'),('m82s6s8dcldkpbivag0uoknir2',1510652084,'__flash|a:0:{}'),('m847ls3mpi0u5bbjikq1co6vn6',1512307082,'__flash|a:0:{}'),('m8n8ckts9fhciq0fnsmhrk74h4',1507150987,'__flash|a:0:{}'),('m8v4fnk51t5eks34jiac30gmo0',1510253810,'__flash|a:0:{}yii\\authclient\\clients\\Facebook_facebook_authState|s:64:\"a9477dd876deac01d96c4ac42f22d5a737e88bff631a2820eae54888873f6d54\";'),('m9qtljio9d47qvehgdu7pnhs42',1514628616,'__flash|a:0:{}'),('mc51otg5s27vpddhasq3rhigi0',1509073722,'__flash|a:0:{}yii\\authclient\\clients\\Facebook_facebook_authState|s:64:\"d15a7282710d24a69669d2df70703810da5038cf8e6e249163f0bac2471f9522\";'),('mc9im2dkr22cf4d3sp0blkinl3',1504875291,'__flash|a:0:{}__id|i:2;'),('mclohu5rdcjlg564pn5rhqh3n1',1510269696,'__flash|a:0:{}'),('mgdlas6se54tc6vrrq6ldo0nt7',1517129818,'__flash|a:0:{}'),('mi57s1vtvfr7mj6838fas579f1',1514296052,'__flash|a:0:{}'),('mjb5eg5ud6mn0v59ub6q4uhs67',1516462364,'__flash|a:0:{}'),('mjvndo5dmsn7grnh567hc7fm62',1511189809,'__flash|a:0:{}'),('mklf8g1unf7b4bvp3gfua56d11',1510870227,'__flash|a:0:{}'),('mlecfft9psvrq9ivg1qan2l816',1506976515,'__flash|a:0:{}__id|i:6;'),('mlqcels0g4348t1l2k3n3dg6u1',1504087187,'__flash|a:0:{}__id|i:2;'),('mmt8fj9qjtv6ih7fledd24d5f1',1508971187,'__flash|a:0:{}__id|i:7;'),('mo91n8f5540uim1p1eit51tu53',1504896302,'__flash|a:0:{}__id|i:6;'),('moql86dd7s66cgahatd1r04ea6',1515025937,'__flash|a:0:{}__id|i:6;'),('mq1j2vbrkas6t6gadcm4sshg31',1512051520,'__flash|a:0:{}'),('mr1lspn6fulbk4r3hc72f6sdh0',1515122176,'__flash|a:0:{}'),('mr40jbu651h6fl89ma6a8ugqc7',1512970852,'__flash|a:0:{}__id|i:54;'),('mrupan3pag8i042i11bsqfqi86',1506382922,'__flash|a:0:{}__id|i:2;'),('ms7natc4iibkv8uhpaik20tta7',1504876111,'__flash|a:0:{}__id|i:2;'),('mv77j5sqa5qppbilttpej1qvn1',1507601236,'__flash|a:0:{}__id|i:6;'),('n3c2kniccsgdemqp1t2td8i8h7',1511273389,'__flash|a:0:{}'),('n5limi13aj2chivv62d3855r02',1506984803,'__flash|a:0:{}__id|i:2;'),('n5vtneb553aptj1bedjuadi5q4',1510874694,'__flash|a:0:{}'),('n8obthv5ghq3e3bq1ok6suffp2',1517103510,'__flash|a:0:{}__id|i:122;'),('nb35u77a0h98289a321lu650g0',1505974701,'__flash|a:0:{}__id|i:6;'),('nb7gametgl52btq3070j4ittq4',1501920045,'__flash|a:0:{}__id|i:2;'),('ncabillmoa088kuvre6kgrjkt0',1512884819,'__flash|a:0:{}'),('ndd0uu21cal6ddmt0jgecftb43',1513176298,'__flash|a:0:{}'),('ndu394bhruk7un2buksbt390h5',1516119712,'__flash|a:0:{}'),('ne93ihnc47cunbefcopqsuq935',1504636713,'__flash|a:0:{}__id|i:6;'),('nhhl70ka79eaoqvgh49uf8iqf1',1502894452,'__flash|a:0:{}__id|i:2;'),('nmvv38opvc042pjqnp7cpbmmo1',1511196548,'__flash|a:0:{}'),('nn9bcnpv2pgonoot155at7kpi7',1517418258,'__flash|a:0:{}'),('npgvvi228o4rlqn2bnc87ukv10',1501912592,'__flash|a:0:{}__id|i:2;'),('nrhik4p74brfvt4hhdekvsk7q1',1512639850,'__flash|a:0:{}'),('nt9d6i8v2brhk6lg2mg70rugb7',1510601315,'__flash|a:0:{}'),('nu2ntlkr6ud7mahklnn2e6oi25',1516261135,'__flash|a:0:{}'),('o2l0e57qtui6l5vhqv2irpsm24',1508663224,'__flash|a:0:{}'),('o48qe6q07hj9gd8c25fnh21sd0',1514924335,'__flash|a:0:{}__id|i:2;'),('o4fcho763pqqjhloae4jkg9j91',1505150537,'__flash|a:0:{}__id|i:6;'),('o8oh95jcoavr2jdedfoeufudv3',1515602036,'__flash|a:0:{}'),('oaggjeajpqn8va48o15c0o1l25',1513167855,'__flash|a:0:{}__id|i:54;'),('oc9eppk3o9u2vfa0fls1pj2sc2',1513163841,'__flash|a:0:{}yii\\authclient\\clients\\Facebook_facebook_authState|s:64:\"00aa9c9a004a6c06491eb245f799e7a42e3cecb3760159cb6294f5dc5227f3f5\";'),('ofd66v8l4cphcbtu4jpaorkic2',1514952905,'__flash|a:0:{}'),('ogl13r2auneu1bhpv84adteeo2',1510898684,'__flash|a:0:{}'),('ogm4o1lsmbgcdshj39aikb66r0',1511295634,'__flash|a:0:{}'),('oisg2ufsn81f9v6h38n9e7dir1',1512686252,'__flash|a:0:{}'),('oiuercd4muo3rs45tboh6nmou5',1512333836,'__flash|a:0:{}'),('olibijekjmf212n4ptrfk684s0',1511473542,'__flash|a:0:{}'),('oq7djastcur86qgkt3h8kfq8u3',1512481469,'__flash|a:0:{}'),('oqc3tdsod0kue9r69gmpo9r5a3',1511218481,'__flash|a:0:{}'),('or1lvnhll082jhi671ip2oboc4',1515520723,'__flash|a:0:{}'),('osota7g2urqsvp2mgverne2bf2',1512474700,'__flash|a:0:{}'),('osvsaeo4imkshac44suqf1qib6',1505397127,'__flash|a:0:{}__id|i:2;'),('ot7jg8gn5aqs11u8rgrhnvnna0',1517129800,'__flash|a:0:{}'),('ou5smbq16okpnqgia0k7j55541',1505150763,'__flash|a:0:{}__id|i:6;'),('ougsscgsf4jf0m7q4j1blvha46',1512191820,'__flash|a:0:{}'),('p35l27blt91jrd130op6kae0h0',1508747071,'__flash|a:0:{}__id|i:2;'),('p49g0hv550p5av46ibccc661h7',1517466438,'__flash|a:0:{}'),('p55j71vtfm4mnngc699ajpg4i5',1512670665,'__flash|a:0:{}'),('p6e8rmt7hh5kae650k09mau7j5',1509624851,'__flash|a:0:{}'),('p6q0suir0t0fmo2cpebst5aea3',1506051606,'__flash|a:0:{}__id|i:2;'),('p7ml1it8ip8ef3s9j5tmee54b7',1512485207,'__flash|a:0:{}'),('p7rkaqgp8j6mkueh2udkq2iac6',1515674262,'__flash|a:0:{}'),('p7uup4ckguv5jdr7en2o5jlbb5',1508762193,'__flash|a:0:{}'),('p8c149jhrmu83r4eo8felv4sc1',1513605580,'__flash|a:0:{}'),('p9fh6gputsik6k7bcv7qr36go1',1502641601,'__flash|a:0:{}__id|i:2;'),('p9gkdkl8p93pv0v624irgroc75',1515857312,'__flash|a:0:{}'),('p9gr31jp1cjbcl086kj4fgjpc2',1517363898,'__flash|a:0:{}'),('p9uok1m5vvjp8bnn9q5npnjts4',1504636713,'__flash|a:0:{}__id|i:6;'),('pbu5f9dpsq9t5rruqna49cdl94',1508384305,'__flash|a:0:{}'),('pcarngmpkvvmnqh00v1v5mcn01',1511114133,'__flash|a:0:{}'),('pel92rr1sgdb54qfu2roetgf83',1505396752,'__flash|a:0:{}'),('peodq27uoc7cd30ko89ruoj8h5',1513608573,'__flash|a:0:{}__id|i:19;'),('pg1nnarfbbh5adv9umsonhpke2',1509466272,'__flash|a:0:{}'),('phr48de762kst8k87s0q8ipvb2',1510869306,'__flash|a:0:{}'),('pj6dq1s142lkgl899sbn19n9v5',1517129798,'__flash|a:0:{}yii\\authclient\\clients\\Facebook_facebook_authState|s:64:\"f97cb4101a63990320b152d680c6c9c19346630eae92078350d3a3aa9264163a\";'),('pj9vsmd8a4ird7hh1i2gev5gl5',1505396318,'__flash|a:0:{}'),('pjdq1il49trcb20387q5j5kjs7',1508691261,'__flash|a:0:{}'),('pkrbh4iq50hl1fc6k6g1i929g3',1515856773,'__flash|a:0:{}'),('pl1b3tb7o8vrra2ce1qc9kuce4',1511177116,'__flash|a:0:{}__id|i:33;'),('pl6u8ebncdifqs78id76f8h032',1511863983,'__flash|a:0:{}'),('pphral79kn5urc22aedfnah5o2',1514468003,'__flash|a:0:{}'),('pqvk5sqpfv20mb9sdpu2afsgk5',1510870802,'__flash|a:0:{}'),('prj0nv01881te8235d08khjlr4',1512666374,'__flash|a:0:{}'),('puai2o389mpbrc36jstmfkf4g6',1513178096,'__flash|a:0:{}'),('q1ad5qld0u9dqovl38oed81su1',1514438202,'__flash|a:0:{}__id|i:2;'),('q1vifkfse6t1j82ciakb2bugl7',1508505411,'__flash|a:0:{}'),('q2mvtnsb2hcgfs1h573h2jibm3',1505112533,'__flash|a:0:{}__id|i:2;'),('q37u1ci748a66ptv70sfp6aag4',1511948239,'__flash|a:0:{}__id|i:1;'),('q3hi3mjejrh1lqp2ctur4nki03',1515605763,'__flash|a:0:{}'),('q50k8gmtpgrf4f4ddfmd92mem5',1507133152,'__flash|a:0:{}__id|i:2;'),('q58m6957vouiqf97qipi71oct4',1513189043,'__flash|a:0:{}'),('q6b2r2q82e6d2loj7qp61east2',1516331639,'__flash|a:0:{}'),('q6ki0akrfh65a7rugc9l7t68a6',1510253968,'__flash|a:0:{}'),('q7ue95748j6keca0ndr4umb200',1504636713,'__flash|a:0:{}__id|i:6;'),('q8ap2or6ocvs5b313qongb50o6',1510170015,'__flash|a:0:{}yii\\authclient\\clients\\Facebook_facebook_authState|s:64:\"bc3ec63c17507c9efbf05946bdc3ca63f639d252e4dd0d3f8578414e4e4e6848\";'),('qafjb5aemlhhm2k2n7a0hbch01',1516269385,'__flash|a:0:{}'),('qc2emtpsojdalu2mt147eg5cd5',1514754645,'__flash|a:0:{}'),('qc603sm55q5p0708l8d5kckpo0',1513679302,'__flash|a:0:{}'),('qe6fkemqd10c8dj70242effno4',1505458504,'__flash|a:0:{}__id|i:2;'),('qerddlhoc3895597k6fn1jsjt5',1512709820,'__flash|a:0:{}__id|i:6;'),('qf5qpek799p56cmqdfm9bd2dl3',1506051698,'__flash|a:0:{}'),('qg0tks28poe5mnil4bpmm51420',1504876111,'__flash|a:0:{}__id|i:2;'),('qhjnm5hfvr6vetqgm78s86fvt2',1504983085,'__flash|a:0:{}__id|i:2;'),('qk12a4seicg7d30t7teimrgeb4',1513201666,'__flash|a:0:{}'),('qkcgb6kgtgop55errhb7pi4rk6',1503676640,'__flash|a:0:{}__id|i:2;'),('qkup3fo327pmifrfcks2fv8qs4',1510851341,'__flash|a:0:{}'),('ql7rqtm7ma2qmcgc6okiq98km5',1513755728,'__flash|a:0:{}'),('qls1i3ggjf5i0b10g1ntnq0r16',1506004683,'__flash|a:0:{}__id|i:9;'),('qo32tp9ugbkbptlbgvvnt06na2',1506976102,'__flash|a:0:{}__id|i:6;'),('qooc65e9vdd22s1co1nt4fsjc1',1517296473,'__flash|a:0:{}'),('qpb65f6hdi6vbqp1mp954h1t87',1505846202,'__flash|a:0:{}__id|i:6;'),('qpf0bhtrho48vmrdvlh5ikane2',1502174047,'__flash|a:0:{}__id|i:2;'),('qqo04mui1bp7ikdrs352so7p24',1517129821,'__flash|a:0:{}'),('qrd6ksir2ph3edi9rcae40cdh2',1508536600,'__flash|a:0:{}__id|i:6;'),('qrv6vobmk4mo44o09d07jbhr06',1510887832,'__flash|a:0:{}'),('qs7tf0tmugsefit148omnivs07',1504636722,'__flash|a:0:{}__id|i:6;'),('r3k2s1qiu19h7nk692o97u8i15',1504178342,'__flash|a:0:{}yii\\authclient\\clients\\Facebook_facebook_authState|s:64:\"1a8b77c6b3d49793153f0e08ae0acfb83904d0d90b434cdeabc09026662b509d\";__id|i:6;'),('r5915eqkqmtgbrqs8fgo2r6bu1',1504876147,'__flash|a:0:{}__id|i:2;'),('r6fj7pce5vhr3m63966p20soj7',1507054192,'__flash|a:0:{}__id|i:1;'),('rajq07tb3achj00aspdr9phh67',1512706592,'__flash|a:0:{}__id|i:2;'),('rbe7vdaik9vaa7v8f4mkmd7ri2',1515611739,'__flash|a:0:{}'),('rd43kghbaq9ieajm21vutcthb5',1512857055,'__flash|a:0:{}'),('rf7v6idfr5gv7fmfuir2u5lbm0',1504637622,'__flash|a:0:{}__id|i:6;'),('rfidskh2ch8juqpfseh8t5ear4',1506053958,'__flash|a:0:{}'),('rgl3rrvud93kg387mllh5vdcm7',1515783983,'__flash|a:0:{}'),('rgqe0p3e78cs92v65hq072ld23',1515596039,'__flash|a:0:{}'),('rj96v59fdcfg0mhrm1sf0epcq0',1514384323,'__flash|a:0:{}__id|i:19;'),('rk9g61v83db3updurgkh3jld97',1506053871,'__flash|a:0:{}__id|i:2;'),('rm5stvie0uhk7llu33si582ul4',1512669893,'__flash|a:0:{}'),('rmb4uhms7tagkoer3hvdee89s0',1504638502,'__flash|a:0:{}'),('rms0sreo77hfhapucbqd6la7q3',1509448809,'__flash|a:0:{}'),('rnlt89hnpeigvsrakelj9921l4',1510208023,'__flash|a:0:{}'),('rop17c3e1ebvr4qhu2jh1pfm02',1513212022,'__flash|a:0:{}'),('rp53hoggm7dt235tjt7aqalhr5',1514498715,'__flash|a:0:{}'),('rqqtlg1t4qhodam15uomeutjb5',1512974859,'__flash|a:0:{}__id|i:2;'),('rv2bqa36dcaep5qrh1136r6sh3',1516757608,'__flash|a:0:{}'),('rvbo0hjmjj1so6nifllpafcoo3',1516322718,'__flash|a:0:{}'),('s0iq1rplq9bkjc86msdp2eqn93',1505150589,'__flash|a:0:{}__id|i:6;'),('s0j1bb027en2k1bmngam0molk6',1507207136,'__flash|a:0:{}__id|i:9;'),('s3p7pa77cet20kudtnn4m9kt11',1516215502,'__flash|a:0:{}'),('s5k994khqnehpr60h36dug9cg0',1511959174,'__flash|a:0:{}__id|i:1;'),('s654dqhs4gs4babfcemdim4em4',1516020441,'__flash|a:0:{}'),('s6rsqe3kjqev8iotfjhr09efk5',1506104561,'__flash|a:0:{}__id|i:6;'),('s84ii2mq933k3evdcemlmfhcs2',1513024001,'__flash|a:0:{}'),('sas6utlmcj97g7p3jfh9qr3ue3',1508525079,'__flash|a:0:{}yii\\authclient\\clients\\Facebook_facebook_authState|s:64:\"7ff3e6a2ae73f339e9363ad0dd74c914df396ba2e179811d9b90162abf70d7cf\";'),('sbq8hnhgnqv0su1vnvmm735tg0',1506051028,'__flash|a:0:{}'),('sden2ohapgcn0ojjcef03jol33',1510881441,'__flash|a:0:{}'),('sdu55sk6aaliu6ufq5dvkvvcq3',1510319451,'__flash|a:0:{}yii\\authclient\\clients\\Facebook_facebook_authState|s:64:\"a3a6b075ca121d9bbcc7f56e764421d20299df5092c82989ac4c27d61c6cb358\";'),('senu1tjekiq9q3670ersh59cn4',1513892893,'__flash|a:0:{}yii\\authclient\\clients\\Facebook_facebook_authState|s:64:\"8e084f740e7a0af701a2fc6fbabf5a3fcee614d3c92e222399d09a03c257d4b0\";'),('si6laj16p8hru8pg8eimu8vjb1',1509620851,'__flash|a:0:{}'),('siv0bnejkdreaoajfcrtv6c221',1512030941,'__flash|a:0:{}'),('sjva6aa0fcf9qvoqd2601pbfp6',1505150553,'__flash|a:0:{}__id|i:6;'),('sl184iv8sop28pj9mddkvims22',1513061731,'__flash|a:0:{}'),('sppvq4vmkiitl0fn6co78lfa05',1513191916,'__flash|a:0:{}'),('sr4obe0jv81vmir66es9drl7s5',1505151147,'__flash|a:0:{}__id|i:6;'),('srarcajngq8u4lhet65dbv5mr1',1512481880,'__flash|a:0:{}'),('srppa0h36pu88gmda6219ts3r2',1517046888,'__flash|a:0:{}'),('st7fikthjkigomdf87sug0tud3',1507225955,'__flash|a:0:{}__id|i:9;'),('suctik21uimumkgtrop47ik926',1515701941,'__flash|a:0:{}'),('suijd6mgps25pl0td60ea50sr6',1513155610,'__flash|a:0:{}'),('sv04919a3fjo5v890vrk4g2dc4',1512311739,'__flash|a:0:{}'),('svusa52m9njq9k2jgief91vh90',1504637622,'__flash|a:0:{}__id|i:6;'),('t1k5r4ccgh7aidijvg4ouvpc53',1509390700,'__flash|a:0:{}'),('t27ka3o1ge3odh3a3bmhn3kia4',1511940947,'__flash|a:0:{}__id|i:1;'),('t2bt3uhpn3nipplt1tds6236q0',1510855225,'__flash|a:0:{}'),('t2sb70uv17m20bih3tt2l5ah76',1515797291,'__flash|a:0:{}'),('t5st2j5lbmoim87ulslkv4s0n2',1510867359,'__flash|a:0:{}'),('t6bsffta9lj13svsons5j2hko1',1512673082,'__flash|a:0:{}'),('t7aa5jo7mlm5vfnbj9vv1l8ln3',1509184417,'__flash|a:0:{}'),('t9il1sbeiu9qc0hoo30klf3dj7',1505150601,'__flash|a:0:{}__id|i:6;'),('td9epubtjsprotu1nee55k7es2',1510253910,'__flash|a:0:{}'),('tedlmgegkasfuca1lf2ghkl2t3',1509131346,'__flash|a:0:{}'),('tf747tl9dmc0juc8j3ajblb021',1504050180,'__flash|a:0:{}__id|i:8;'),('tgafalkcrq8lgi39o4bjh10q90',1516863143,'__flash|a:0:{}'),('tgr69u8kd1gfcmuac9oa5nqqb2',1513260850,'__flash|a:0:{}'),('thd24flhktv8tc22fpus5v68f2',1509466263,'__flash|a:0:{}'),('tjoldofhc8j1hgjc8bl09ajud7',1513679298,'__flash|a:0:{}__id|i:54;'),('tllposq1lpr64b9bp5r8lp3i23',1512355795,'__flash|a:0:{}'),('to50d0m8rdgkeii6q2jc0l9gs7',1503676640,'__flash|a:0:{}__id|i:2;'),('tp58dkik665oom1b7vqbitp4h7',1504050782,'__flash|a:0:{}__id|i:2;'),('tqct1cbnp5cu4o7tmprglrvvr1',1508191819,'__flash|a:0:{}__id|i:6;'),('tqdenkn2rf0o8qn0h47gm4uag5',1511904058,'__flash|a:0:{}'),('tssp9egvm2889l8iv46corbvs1',1505932977,'__flash|a:0:{}'),('ttu76c9iu8obabi8h22ed8fbv0',1511912035,'__flash|a:0:{}'),('tub9juvg063o3l7n5t3fvv8on7',1508447779,'__flash|a:0:{}'),('tv77gl3ks5p374h94bb5qt8mp6',1509073283,'__flash|a:0:{}yii\\authclient\\clients\\Facebook_facebook_authState|s:64:\"9731f544f0079e3d4df07b8ef953d2fb8935aaaa35ecf7a796cd657160544cdc\";'),('tvnk6ib06djpnlpg3ku4v2t581',1513209964,'__flash|a:0:{}'),('tvtfcfh079458anjrco42qqab3',1511205731,'__flash|a:0:{}'),('u012n6rd85umrl6gc8mgbt1ur0',1510253929,'__flash|a:0:{}'),('u28t1lihm9t406ng6b3hddj2j4',1510327354,'__flash|a:0:{}'),('u3a34h0b6okr13t64ej1h48726',1507142888,'__flash|a:0:{}'),('u5g4qbo4gdemodfhjs110bhnm6',1504004119,'__flash|a:0:{}__id|i:2;'),('u7tg4ndmtvhtnmp4vsegp5nub6',1508784772,'__flash|a:0:{}__id|i:2;'),('ua2gb4v50pkf0a1p4svfmlrj50',1504876111,'__flash|a:0:{}__id|i:2;'),('uaihsmrs9k2n9844g3ml8vi3g7',1507170275,'__flash|a:0:{}__id|i:2;'),('uan8tcm5b131p6mbv7qcbaul53',1504875292,'__flash|a:0:{}__id|i:2;'),('ubn9klvo5ju9fngda2mqm9s1h0',1508691297,'__flash|a:0:{}'),('uctgootg0mfk912sbsp29d0o67',1512666139,'__flash|a:0:{}'),('udgrqdsjt7ru959bkp9ojqhio0',1501912592,'__flash|a:0:{}__id|i:2;'),('ug9sf6qe7ig9rrakge2ldr2kl3',1512970848,'__flash|a:0:{}__id|i:54;'),('uha8t8ff373h19sns4l5vojkd6',1514784371,'__flash|a:0:{}'),('uhul8q1uut7f4256aka4s9o3t0',1514555213,'__flash|a:0:{}'),('ui03pbrllom47pmr74h3ilabi4',1509396607,'__flash|a:0:{}'),('ui4t2frp27798po5f6sive71o2',1504876115,'__flash|a:0:{}__id|i:2;'),('uio46vroag9duodms0u9q8g7r1',1514623605,'__flash|a:0:{}'),('ujo8uuc2fruug3k4tnobc73ma0',1505334998,'__flash|a:0:{}'),('ukccg5rq5u3at3ag3skgjtjh71',1508870829,'__flash|a:0:{}yii\\authclient\\clients\\Facebook_facebook_authState|s:64:\"e85cc77f52a6d6f3cc16aca0403e1da39974178ff20f43a0bd386a2cfa4c2041\";'),('umhaebe4ut5c2oa0n831sd3142',1507686117,'__flash|a:0:{}__id|i:6;'),('umpo98hst4bgdbo7r946hruon6',1513693382,'__flash|a:0:{}__id|i:19;'),('undb01vkt8l6vp9e5bv36bpir6',1504114304,'__flash|a:0:{}'),('up3lcmv092lgbgif8m1gifaar3',1513892893,'__flash|a:0:{}yii\\authclient\\clients\\Facebook_facebook_authState|s:64:\"6d53a3275842118a2eceeaa377035490bacb4f5121d8d5642d3a0db092f6ceba\";'),('uqiulmgb0gfdtsb5dce43kkh46',1504058493,'__flash|a:0:{}__id|i:8;'),('uqprus149ke4unns1n2qoupf41',1512585237,'__flash|a:0:{}__id|i:9;'),('v1l01dbhce51bkrbb1aq7vbtm2',1513602252,'__flash|a:0:{}'),('v2c6g9u0sr79t4kk0so44f9jq2',1512181294,'__flash|a:0:{}'),('v36jqlr6589qiinboaobntdi42',1508849195,'__flash|a:0:{}yii\\authclient\\clients\\Facebook_facebook_authState|s:64:\"1c009c646738fc97042ab5d0392910e6e26b2ca0fcd9bc142a9bf24705e34507\";'),('v3bpd60gnjam6jv6qh3qkda487',1505941990,'__flash|a:0:{}__id|i:6;'),('v48a002t4f19hu0kuo5ib76i53',1509615975,'__flash|a:0:{}'),('v4ehfflu75dsgl8hpqifq464b6',1517296497,'__flash|a:0:{}'),('v4ehnq3ton115ghm5futrnuq04',1513952960,'__flash|a:0:{}__id|i:19;'),('v52fhlshvpjb3quqkpfib6rmf3',1509730423,'__flash|a:0:{}'),('v5t8n2i1m521os1l0m5mc5j461',1509972728,'__flash|a:0:{}'),('v8c2q0af58jm1u67itt9cacvg2',1506946462,'__flash|a:0:{}__id|i:2;'),('v8g4o5nsbv1690ll1tj9curav0',1510839351,'__flash|a:0:{}'),('va1av5v6tf03a17bda45adgva3',1509615977,'__flash|a:0:{}'),('vat745i5m7ao1qrjeegj377n65',1515125612,'__flash|a:0:{}'),('vb2bvpsbik6vf4cbo79hnseof3',1509468625,'__flash|a:0:{}'),('vbjjkppn6441ko2pa32sgt8nc3',1515530488,'__flash|a:0:{}'),('ve5rn8srvn02r44qis3murel20',1517367629,'__flash|a:0:{}'),('vgbi073jq952tjoei8nu9l3ll4',1512661331,'__flash|a:0:{}'),('vgt7b38t241eq5r0koianpr1a4',1507208454,'__flash|a:0:{}__id|i:9;'),('viamq8jf7qmj26lftthq0s7qm7',1516391618,'__flash|a:0:{}'),('viukhlheot9ebf830qk9lkdkq3',1509262386,'__flash|a:0:{}__id|i:6;'),('vjf5882t3lhlodn1o02q8cg701',1511861006,'__flash|a:0:{}'),('vp0es071c2o96qda5c3gpcum90',1501877716,'__flash|a:0:{}'),('vq12bqj2rt0ppbjfpge1egkcr7',1512585248,'__flash|a:0:{}__id|i:2;'),('vt91707k1smj534lc0ck02hkv4',1511792717,'__flash|a:0:{}__id|i:54;'),('vv9tjhb6mlavta1ksv9rtn9aa0',1513199347,'__flash|a:0:{}');
/*!40000 ALTER TABLE `md_user_session` ENABLE KEYS */;
UNLOCK TABLES;

--
-- Table structure for table `md_user_specialty`
--

DROP TABLE IF EXISTS `md_user_specialty`;
/*!40101 SET @saved_cs_client     = @@character_set_client */;
/*!40101 SET character_set_client = utf8 */;
CREATE TABLE `md_user_specialty` (
  `id` bigint(20) NOT NULL AUTO_INCREMENT,
  `userId` int(11) NOT NULL DEFAULT '0',
  `specialty` varchar(64) COLLATE utf8mb4_bin NOT NULL DEFAULT '',
  `createAt` timestamp NOT NULL DEFAULT CURRENT_TIMESTAMP,
  PRIMARY KEY (`id`),
  KEY `fk_user_specialty_userId_to_user_id` (`userId`),
  KEY `idx_specialty` (`specialty`),
  CONSTRAINT `fk_user_specialty_userId_to_user_id` FOREIGN KEY (`userId`) REFERENCES `md_user` (`id`)
) ENGINE=InnoDB AUTO_INCREMENT=466 DEFAULT CHARSET=utf8mb4 COLLATE=utf8mb4_bin;
/*!40101 SET character_set_client = @saved_cs_client */;

--
-- Dumping data for table `md_user_specialty`
--

LOCK TABLES `md_user_specialty` WRITE;
/*!40000 ALTER TABLE `md_user_specialty` DISABLE KEYS */;
INSERT INTO `md_user_specialty` VALUES (5,4,'halcyon.bat.reader','2017-07-28 19:44:31'),(12,3,'guess','2017-07-28 20:03:31'),(13,3,'who','2017-07-28 20:03:31'),(14,5,'reader.no.image','2017-08-28 22:43:00'),(15,5,'psychic','2017-08-28 22:43:00'),(16,8,'psychic','2017-08-29 23:03:16'),(17,8,'healer','2017-08-29 23:03:16'),(32,15,'another tag1','2017-09-20 18:26:11'),(33,15,'another tag2','2017-09-20 18:26:11'),(34,15,'another tag3','2017-09-20 18:26:11'),(155,122,'Psychic','2018-01-03 23:12:11'),(156,122,'Medium','2018-01-03 23:12:11'),(157,122,'Intuitive Counselor','2018-01-03 23:12:11'),(158,122,'Healer','2018-01-03 23:12:11'),(164,2,'Meditation','2018-01-10 02:55:16'),(165,2,'helping people','2018-01-10 02:55:16'),(166,2,'true happiness','2018-01-10 02:55:16'),(167,2,'freedom','2018-01-10 02:55:16'),(225,19,'PHP','2018-01-17 09:13:54'),(226,19,'android','2018-01-17 09:13:54'),(291,159,'Love and Relationships','2018-01-28 03:55:47'),(292,159,'Past Lives','2018-01-28 03:55:47'),(293,159,'Money and Finance','2018-01-28 03:55:47'),(294,159,'Deceased Loved Ones','2018-01-28 03:55:47'),(295,159,'Pets and Animals','2018-01-28 03:55:47'),(308,163,'Tarot Card Reader','2018-01-28 04:40:48'),(309,157,'Medium Ship/Intuitive Akashic Records Readings','2018-01-28 05:36:48'),(310,157,'Love','2018-01-28 05:36:48'),(311,157,'Careers','2018-01-28 05:36:48'),(312,157,'Finances','2018-01-28 05:36:48'),(313,157,'Family','2018-01-28 05:36:48'),(314,157,'Grief','2018-01-28 05:36:48'),(334,145,'Psychic Medium Intuitive Energy Work Past','2018-01-28 05:55:52'),(335,145,'Present and Future','2018-01-28 05:55:52'),(336,145,'Lakota Sioux Medicine','2018-01-28 05:55:52'),(337,144,'Clairvoyant Clairaudient Works with Spirits','2018-01-28 05:56:11'),(338,144,'Guides and Angels','2018-01-28 05:56:11'),(344,63,'Reiki','2018-01-28 06:47:25'),(345,63,'Energy Worker','2018-01-28 06:47:25'),(346,63,'Medium','2018-01-28 06:47:25'),(347,63,'Access Consciousness Bars','2018-01-28 06:47:25'),(348,63,'Body Talk Access','2018-01-28 06:47:25'),(349,63,'Energetic Facelift','2018-01-28 06:47:25'),(380,155,'Psychic-Intuitive','2018-01-31 20:13:43'),(381,155,'Auto-Writing','2018-01-31 20:13:43'),(382,155,'Tarot Card Reading','2018-01-31 20:13:43'),(385,152,'Psychic Medium certified in Akashic Records','2018-01-31 20:15:15'),(386,152,'Pranic Healing','2018-01-31 20:15:15'),(387,146,'Angelic Reading','2018-01-31 20:17:53'),(389,147,'Natural Born Psychic Deep Healings','2018-01-31 20:22:44'),(393,161,'Angel Card Reader','2018-01-31 21:49:48'),(394,161,'Intuitive Live Coach','2018-01-31 21:49:48'),(395,161,'Spiritual Counselor','2018-01-31 21:49:48'),(396,62,'Intuitive','2018-02-01 01:59:53'),(397,62,'Shaman','2018-02-01 01:59:53'),(398,62,'Life Coach','2018-02-01 01:59:53'),(399,62,'Healer','2018-02-01 01:59:53'),(400,64,'Astrology','2018-02-01 02:01:15'),(401,64,'Herbalism','2018-02-01 02:01:15'),(402,64,'Shamanism','2018-02-01 02:01:15'),(403,64,'Intuitive','2018-02-01 02:01:15'),(404,64,'Essential Oils Educator','2018-02-01 02:01:15'),(405,66,'Astrology','2018-02-01 02:02:28'),(406,66,'Taro Past Life Regression','2018-02-01 02:02:28'),(407,66,'Aura Reader','2018-02-01 02:02:28'),(408,66,'Herbalist','2018-02-01 02:02:28'),(409,66,'Dream Interpreter','2018-02-01 02:02:28'),(410,123,'Psychic','2018-02-01 02:03:42'),(411,123,'Medium','2018-02-01 02:03:42'),(412,123,'cellular memory work','2018-02-01 02:03:42'),(413,123,'Regressions','2018-02-01 02:03:42'),(414,138,'Personologist Clairsentient Clairaudient','2018-02-01 02:11:47'),(415,137,'Tarot Reader Law of Attraction Coach and Intuitive Healer','2018-02-01 02:16:28'),(416,136,'Intuitive Medium and Angel Card Reader','2018-02-01 02:18:16'),(418,135,'Psychic Animal Power and Spirits Clairvoyant','2018-02-01 02:20:34'),(419,134,'Tarot Reader Ordained Minister Pagan Elder Medium','2018-02-01 02:21:54'),(420,133,'Psychic Healer Clairsentient Claircongnizant Empath Medium','2018-02-01 02:23:44'),(421,132,'Psychic Medium Grief Healing Life Coach','2018-02-01 02:24:58'),(424,130,'Energy Healer and Clairvoyant','2018-02-01 02:26:41'),(425,129,'Psychic and Trance Medium Clairvoyant Healer Teacher Past Live','2018-02-01 02:27:22'),(426,128,'Phychic Medium Healer and Medical Intuitive','2018-02-01 02:27:48'),(427,127,'Intuitive Psychic Medium Reiki and Shamballa Healer','2018-02-01 02:29:14'),(428,158,'Intuitive Guide','2018-02-01 02:43:43'),(429,158,'Neurological Guide','2018-02-01 02:43:43'),(430,158,'Spiritual Life Coach','2018-02-01 02:43:43'),(434,154,'Intuitive Tarot and Angel Readings','2018-02-01 02:49:32'),(435,154,'Usui','2018-02-01 02:49:32'),(436,154,'Karuna Reiki Master','2018-02-01 02:49:32'),(437,151,'Psychic Medium Reiki Master Artist','2018-02-01 02:52:50'),(438,150,'Certified Akashic Records Reader','2018-02-01 02:54:48'),(439,150,'Depth and Breath of Healing','2018-02-01 02:54:48'),(440,149,'Certified Soul Coaching Oracle Card Reader','2018-02-01 02:56:50'),(441,149,'Tarot','2018-02-01 02:56:50'),(442,148,'Certified Angel Therapy Practitioner','2018-02-01 02:57:33'),(443,148,'Medium','2018-02-01 02:57:33'),(444,148,'Akashic Record Consultant','2018-02-01 02:57:33'),(445,148,'Reiki Master','2018-02-01 02:57:33'),(446,148,'Guided Imagery Specialist','2018-02-01 02:57:33'),(447,148,'Hypnotherapist','2018-02-01 02:57:33'),(448,148,'Healer','2018-02-01 02:57:33'),(449,143,'Astrologer Intuitive Advisor','2018-02-01 03:00:52'),(450,65,'Intuitive','2018-02-01 03:05:31'),(451,65,'Tarot','2018-02-01 03:05:31'),(452,65,'Life Coach','2018-02-01 03:05:31'),(453,65,'Hypnotherapist','2018-02-01 03:05:31'),(454,65,'Breath Work Practitioner','2018-02-01 03:05:31'),(455,65,'Relationships','2018-02-01 03:05:31'),(461,131,'love messenger','2018-02-01 20:40:37'),(462,131,'Reiki Master','2018-02-01 20:40:37'),(463,131,'Medical Intuitive','2018-02-01 20:40:37'),(464,131,'Psychic Medium','2018-02-01 20:40:37'),(465,131,'Healer','2018-02-01 20:40:37');
/*!40000 ALTER TABLE `md_user_specialty` ENABLE KEYS */;
UNLOCK TABLES;
/*!40103 SET TIME_ZONE=@OLD_TIME_ZONE */;

/*!40101 SET SQL_MODE=@OLD_SQL_MODE */;
/*!40014 SET FOREIGN_KEY_CHECKS=@OLD_FOREIGN_KEY_CHECKS */;
/*!40014 SET UNIQUE_CHECKS=@OLD_UNIQUE_CHECKS */;
/*!40101 SET CHARACTER_SET_CLIENT=@OLD_CHARACTER_SET_CLIENT */;
/*!40101 SET CHARACTER_SET_RESULTS=@OLD_CHARACTER_SET_RESULTS */;
/*!40101 SET COLLATION_CONNECTION=@OLD_COLLATION_CONNECTION */;
/*!40111 SET SQL_NOTES=@OLD_SQL_NOTES */;

-- Dump completed on 2018-02-02 21:41:09
